reference	status	path	evolution_object	official_object
2026.2 beta1	modified	.github/workflows/add-new-language.yml	a22ea4814966fb31617bfdd108edaf39400c0bd9	9133d9c222561f3ff30350a114b84c0a124f7d7f
2026.2 beta1	modified	.github/workflows/clearCaches.yml	039c28961eb0b36441547ca67aed3de2d26aedfd	a391d793cd868a02b87ba730ac8afeae9dd39433
2026.2 beta1	modified	.github/workflows/fetch-crowdin-translations.yml	13a3d8e48ab5b54deebc2c298e66f5dfc098dd2a	43806c73c99fcf2a7b65e0aeba414a66a92d4fb3
2026.2 beta1	modified	.github/workflows/monitor-localisation-file-changes.yml	7584668c57cf30b131d3e3fe84139e18d68bd394	254c2527338f48a3ff0c6362c12fca1ccdd3cae2
2026.2 beta1	modified	.github/workflows/testAndPublish.yml	05ff1807cfc292da383908c643c7810d9c83bd47	7bfd47a9fb31b58b9cb4aab09865c92e4dd64bb9
2026.2 beta1	modified	.pre-commit-config.yaml	fdfe0118fb26a92fa7efb85688b1d0b227a4a3e7	19a482f33ea765fc214ae93348a40b6644f4f098
2026.2 beta1	modified	.python-versions	05c2197512e8084559661bdda4b0426de8f9e0b0	c799318b8e175472df83757d8e95702f365a780a
2026.2 beta1	modified	ci/README.md	09f6b2e873bbe63862faa1b37044fb24e99cea72	a10b3ee896a4e7b99010563d895452285ac70df3
2026.2 beta1	modified	ci/scripts/checkAndCommitTranslations.ps1	141324a1aa77a65bdac08ad21c6398362c9747ae	972b1d131d89338bb7be7c8a05520cc0bf6de057
2026.2 beta1	modified	ci/scripts/setBuildVersionVars.ps1	c6452b84902b14d0347cccfafd7588349085f13d	f4e3fead863b8380fd0e6bb73848ef42878805ef
2026.2 beta1	modified	ensureuv.ps1	83be5c94d6ba80e4cad8a15bb40c303c7d31ca52	57c492f1c6de9b08bc09493e3f0bc3344d75cab2
2026.2 beta1	modified	include/liblouis	2e775aca674cd2910e272eed7736acceb4c2e4a2	2aa5f84b14de17bcfe8317862d11f6bd7d640e55
2026.2 beta1	modified	nvdaHelper/liblouis/sconscript	0f882ffc956fe3602e88520c9623010016a8e4e9	c98d4900e66f7c319816777bd6061a81dab6db65
2026.2 beta1	modified	projectDocs/dev/createDevEnvironment.md	419f226fd3b6ebf332146fed850209804793645f	0535a329c11adb148a4ada832fd8ca7adc55cb5a
2026.2 beta1	modified	projectDocs/dev/developerGuide/developerGuide.md	f6c5f96c98de86ca36c21bf3b33d45ded4fc7316	5024f63cfc51b120f60ea6c8db2f1bd3e5e0acd4
2026.2 beta1	only-evolution	projectDocs/dev/futureRcValidation.md	96f4b06ddcc925049e3fa9dae07565de936349a9	-
2026.2 beta1	modified	pyproject.toml	fb590a6a8b8ad109a7981ca3becdede019036ba1	ee2a0f39bfb2255fb7aa8ced64d291b15f357cbd
2026.2 beta1	modified	runtime-builders/synthDriverHost32/.python-version	1f155dedb475f21cdeb94e30fd2db8ec550d96a6	fe6f212a49359f24bd0799d377528f38f3bcab23
2026.2 beta1	modified	runtime-builders/synthDriverHost32/setup-runtime.py	2cee396cf30d90e81b64ae213e206d9b7d05929f	d74991bc57ec2d7ec912817dc190a8d08cc8a735
2026.2 beta1	modified	source/NVDAObjects/IAccessible/__init__.py	c7abfaf97861cd108b866dc507f79b150f5ec464	5e6e77d4ff7d74c93196b749007b78c86157cd76
2026.2 beta1	modified	source/NVDAObjects/UIA/__init__.py	6017dba29983278f75e11f253be99426ce24906b	dc46de15c96fbdaf0b175dc95f449a7c6caec6e5
2026.2 beta1	modified	source/NVDAObjects/UIA/winConsoleUIA.py	10c19afd2b7e78c1d615910a7b2215fdddefb4e4	dd4aec30cf2ddf4dac7dc974095ff02239088812
2026.2 beta1	modified	source/NVDAObjects/UIA/wordDocument.py	915265f45a8516cc908fd2e969949ea6ae250b4f	1379f82dd981e45e3afc747926ad92ed6dd1bfda
2026.2 beta1	modified	source/NVDAObjects/window/excel.py	e183cab4aca4c35be64e6232cf5c1b7761a54438	61f240cba697352461c2e9bdc92ff729695387ac
2026.2 beta1	modified	source/UIAHandler/__init__.py	38b8d593d4ef39de4dd24e3cd20f42c07cd7fd7c	b11e5f0bb910e7a241d992633d4558c490001a6f
2026.2 beta1	modified	source/UIAHandler/remote.py	e311bb63296f17fc4c74e19f9f3095ab8e283ff4	13d4cde7a39cdede58664fa0b9bd0576e1f95e96
2026.2 beta1	modified	source/_bridge/components/services/synthDriver.py	54f4d2dd8853ba9415f2e27eb451c1544e62f6df	71507edd9dceb094faa8e8b11ab25d39a1989c2b
2026.2 beta1	modified	source/_magnifier/__init__.py	0a4f806d4131ad37ab326d6b9a94b1a6faff7601	0b296a4883b062367ac7997a04e4f79621fa6365
2026.2 beta1	modified	source/_magnifier/commands.py	b83ee2beaa9a6669a4f77801958ae2f96bf8b242	31e11df3d1b5b135d35fff2ab03b4a85d9122ffc
2026.2 beta1	modified	source/_magnifier/config.py	b62c878c137ed04711267e83a3caab79fc6d7672	22fc0416f5c8606047288a58358b2fdb3a4c0d4e
2026.2 beta1	modified	source/_magnifier/fullscreenMagnifier.py	95b34a6241c7bcf269dbdfd02502d319e15bf4cd	94caad051cc47dc40037fb30a70535a506e22ab4
2026.2 beta1	modified	source/_magnifier/magnifier.py	0d3710b090760c139435078ecd9ffa15348ab6cb	35fdeee500f8b64a4420ed9f7ac2b59a2a07a935
2026.2 beta1	modified	source/_magnifier/utils/errorHandling.py	2b2f37b4d780e11a92b66d8e591dfdb0623b7247	66ceb0116faa657ae613495b5f5ab3111c7a5a8c
2026.2 beta1	modified	source/_magnifier/utils/focusManager.py	5473efd1ba29c82374b3aaf929f7e7653f5f6a93	7bfe58ba4dd782209e148f922b85072081bb0988
2026.2 beta1	only-evolution	source/_magnifier/utils/mouseHook.py	2a73dc2ec634d8958bc777907ba196af2b65bc70	-
2026.2 beta1	modified	source/_magnifier/utils/spotlightManager.py	f7ff0c61b37933aae4163d685451f0ba6738465f	6d62467a4ddb469e28e6327f608c6af9babc7694
2026.2 beta1	modified	source/_magnifier/utils/types.py	e9bbe7e7c0140b3bbe3a74db9e9056fe81b50dd6	c1a473646031361e5e23f9b3be0e422de4c998a6
2026.2 beta1	modified	source/addonAPIVersion.py	0657b0194026f83e721cf4380b761714ee8a9709	b300dc889c8e873534539e59757ea97d4c622b66
2026.2 beta1	modified	source/addonHandler/__init__.py	b241973917c0cd72e9a8bd496eb152af17c41969	87cdcc7f7c957c3d98706c4b1c25e9a9dbb1feca
2026.2 beta1	modified	source/braille.py	5ccdface171624e98e1a0950876f23fa6f556172	6e1d36be2082a6dc99ecc27b07fe2c10cbb0ea5e
2026.2 beta1	modified	source/brailleTables/__tables.py	84d50f742a7ed7055ee77ec7f531a1d753c2c5ee	2f93a9715b777d2786128e46c015cc8622f7df84
2026.2 beta1	modified	source/buildVersion.py	e0e9af5909cb96bd5bba2bdd6d615ac2af52f1ee	509fa403128bd6d105c508bf11e15184e51768b6
2026.2 beta1	modified	source/config/configSpec.py	1c058c3335c26ba79a9f7bc784942d4fa0c80217	653e47e6465f0e8f667259ea0bbae0d19e19ee6d
2026.2 beta1	modified	source/config/profileUpgradeSteps.py	cade8ddc09005450e203e10343673df0e535d1b5	b822b54c649655d23661ef98f76598b5b55af5fd
2026.2 beta1	modified	source/core.py	f1ad8084a6f8d71a951a8acb7cc84ed5c8d33344	7ea22bef3825a826a23049b89842d79a17879565
2026.2 beta1	modified	source/extensionPoints/__init__.py	54908b611de27e5618d917eb9b80c280151a1195	873847835057931c1ac1e4bf0a84a87b39ed96f8
2026.2 beta1	modified	source/extensionPoints/util.py	5b6f9b3b20160a63725dfb96a2d54080c8ecf8fc	c09226d8b43be4d58aff54a480fec6ba940519c5
2026.2 beta1	modified	source/globalCommands.py	b72aed630417d944c461eb1b6619c16126b86647	57490c715cb935df1c040f4a14259269e3e8a462
2026.2 beta1	modified	source/gui/__init__.py	14fbd16e7ad88c677dc473cf7620bd7326d0bb09	8cb87bbd1698750c708613a5a8737b8b7f742b77
2026.2 beta1	modified	source/gui/installerGui.py	16154d530e4347060489c682aaafdca951a26626	0c69f252756f849236816cfa20c07e3df3d7909a
2026.2 beta1	modified	source/gui/message.py	6f12aeb7105ce2dc2bbaf9bbdf8e6588624d1425	3c3e58470dc7ed479e2f491b660031fad6c2ad03
2026.2 beta1	modified	source/gui/settingsDialogs.py	7bd0939d3b44e3e5683d1dad968f08968606a17f	6d2f3d5e7ec518b8a03246b98f880955d598af9b
2026.2 beta1	modified	source/gui/speechDict.py	5a46cf7d4b8ef520c8d712e3d2179d9ba5f0b432	56b8ed9d781245914e8e088bd4ae5f3a428f167c
2026.2 beta1	modified	source/hwIo/base.py	d95005969a95c09f015d29451bf1e8c214eebf00	0a34b27e42f4632fd5412c299c0cc01001b12f39
2026.2 beta1	modified	source/languageHandler.py	54de6ddb79dc36b64da7910a757911b111e77682	656028ebe62fc08111e729b20e09d6e4aeefe4df
2026.2 beta1	modified	source/locale/af_ZA/LC_MESSAGES/nvda.po	af7f998003367de04aeffc195ca5efe86613e4e3	6d36af91f89929fe90677011de1364c8e348da49
2026.2 beta1	modified	source/locale/am/LC_MESSAGES/nvda.po	ead2db7b17719d5e011d0b48312aa402aa0b60a5	c88df881152f70f8a7a34d844eeb97a449ed4540
2026.2 beta1	modified	source/locale/an/LC_MESSAGES/nvda.po	13a938bda9965f18804f709aa47d54bf854e1eb6	3f255d616fa16f1197eafa82b7f1825c9fbb6ed7
2026.2 beta1	modified	source/locale/ar/LC_MESSAGES/nvda.po	7d8ebfce7c618c373ca385fabbcf55cb81daf818	98e4b3282fe73d453cc269b629e550088106cf05
2026.2 beta1	modified	source/locale/bg/LC_MESSAGES/nvda.po	9011d1de155343d73d1dae278a55376df274f7b7	0364c28d53f310c3a81c3592f14aae427677336a
2026.2 beta1	only-evolution	source/locale/bn/symbols.dic	4a226bde7ceec2fbdbc1da3576abd7a37a8bbc92	-
2026.2 beta1	modified	source/locale/bs/LC_MESSAGES/nvda.po	d7d20d6f6b70a5e883b60167177855306220fe99	faf401e7b14f78d93da0b808c70c7350d281e40a
2026.2 beta1	only-evolution	source/locale/bs/gestures.ini	175905adaf8eafb1bd9a1bc3b9d338fd5d836016	-
2026.2 beta1	modified	source/locale/ca/LC_MESSAGES/nvda.po	3d0fa70b2e79f2fd1389f6b3c322cc639da239e6	77c73f0cb9700c42a89ee3bf82d2e18b248870a1
2026.2 beta1	only-evolution	source/locale/ca/gestures.ini	d90f196b8e711fa05b211e2bafbc47c80ca83ab0	-
2026.2 beta1	modified	source/locale/ckb/LC_MESSAGES/nvda.po	4262c351cd44a5db5a1ce88ef50a5d130b70799f	971575b093a705a1017a7e07a744516de2d32aca
2026.2 beta1	modified	source/locale/cs/LC_MESSAGES/nvda.po	1bcdb8ff8e44863f964b643af06ed0db1850438a	31dea8569e125bfe6d3660df27329cf70543f964
2026.2 beta1	modified	source/locale/da/LC_MESSAGES/nvda.po	ebbee18e0977139da7736475f135faf79beb77ce	c7bb5e79f05971934d9b55ef72894a5ede3cd365
2026.2 beta1	modified	source/locale/da/gestures.ini	1eda26949552c6bd7836c1ec460212c7dd25f6b8	34b31c9b14915894317ee03ae9f430960869fa6e
2026.2 beta1	modified	source/locale/de/LC_MESSAGES/nvda.po	9eb0584281290295f87f415a066ba2395fef998c	725255b235b3524a6f855b3769164d5e56537925
2026.2 beta1	modified	source/locale/de/gestures.ini	b0e893c28cf0335aed776d73d6e7c4a780d8e8de	a8b865e01602fb97b76e0052e0b889a75be8610b
2026.2 beta1	modified	source/locale/de_CH/LC_MESSAGES/nvda.po	103b90b377a74d62f6829f51ed068c4b5a5e1459	85b39632b29c5bedb9413f817596dcf46b2b358f
2026.2 beta1	modified	source/locale/el/LC_MESSAGES/nvda.po	d42a2e1659cb2b8e0070b87e296c4ccf6e1c7082	6c3d30fb1f501b45ea4a703ced92f994d45650e9
2026.2 beta1	modified	source/locale/es/LC_MESSAGES/nvda.po	e4b3b76dece46689e1a1c4a31a775cf62445dbda	3eac67715a2717efd04c5cf39a9f2fd2e1c286c8
2026.2 beta1	modified	source/locale/es/gestures.ini	d90f196b8e711fa05b211e2bafbc47c80ca83ab0	d85093e1ca08a69d65462242d982c15a92ef323e
2026.2 beta1	modified	source/locale/es_CO/LC_MESSAGES/nvda.po	9ef8b05cc7d8712c8ce2fdbaa5bef70c3486b1aa	c20a5e0db32f7ecd65e7a0ae8785c1e189ca754e
2026.2 beta1	modified	source/locale/fa/LC_MESSAGES/nvda.po	dfafdb13c240f5c5c4c5a083c45e68cb769ba554	3e2fe218c84cad5585533bb8ed93841ee0cc88c9
2026.2 beta1	modified	source/locale/fi/LC_MESSAGES/nvda.po	1c3d34669c15fdbf041d3de08796b4fca7a4d36b	4fb95f21bbac4ce225bdd5ccf823dd14f3ea1b14
2026.2 beta1	modified	source/locale/fi/gestures.ini	c88b0d7ee8c7aa7894e4c0ae7cc2c8bf512d4cfc	ae087f996ae4e80a05ee32f84160be3a4428e599
2026.2 beta1	modified	source/locale/fi/symbols.dic	fda73ed1b0290562e0c4caf1755a81cab09f3e28	8946626767b5b591a03b4b14bdd97f9a8aedbab4
2026.2 beta1	modified	source/locale/fr/LC_MESSAGES/nvda.po	ac4ab93de46594e3a4746a3aac4aa4fdb9f04037	0a56fb5b854b2faab16091a5b84e5557dbe5a8b4
2026.2 beta1	modified	source/locale/gl/LC_MESSAGES/nvda.po	743e92cf4b20c51a9edbb01539190b10a47aae88	cf941a4c4c7c72b9baf1e5895d843047bd1061f7
2026.2 beta1	modified	source/locale/gl/gestures.ini	29f34d1d3d7ecfb0865bf087c267f0d125f5f465	ba2cd3a115278a78f76084b0fa9085a1570aa319
2026.2 beta1	modified	source/locale/he/LC_MESSAGES/nvda.po	c73e0dafbb98b1086560df593b2d43b82a56b4ca	37f306923148bcd5e3c1d26b33e488b7351e20c0
2026.2 beta1	modified	source/locale/hi/LC_MESSAGES/nvda.po	adc7c3ad8c5824638ed1123d575f72cf9d9dc8f5	b83f996ef15605e5fbf7d71b90e4823fd9877eba
2026.2 beta1	modified	source/locale/hr/LC_MESSAGES/nvda.po	a52f495a9c779196a9974e13f9bf19375eeff2e2	bbde5305359b632fce80b8117d33cff05a9e4f97
2026.2 beta1	only-evolution	source/locale/hr/gestures.ini	175905adaf8eafb1bd9a1bc3b9d338fd5d836016	-
2026.2 beta1	modified	source/locale/hu/LC_MESSAGES/nvda.po	8abfc8a0e3318d5b400a5ef79d6b3098c9e718dc	985cf4b5d4525c873469be0ec42fde71383682ac
2026.2 beta1	modified	source/locale/id/LC_MESSAGES/nvda.po	7572c5fc639a324b2b941f09c319888c5490b80c	4df4ca57f74db35defa63da81545d61610535b43
2026.2 beta1	modified	source/locale/is/LC_MESSAGES/nvda.po	e389c3707270ea2cded029b170902cc669a38a0c	de5b300f3a73e27508b83a964b7dabb317a53897
2026.2 beta1	modified	source/locale/it/LC_MESSAGES/nvda.po	de34af16b727363a2cc974f33f066d7896f49d05	c2e937f9837d5be09fc7e095d0a169a1225daf1e
2026.2 beta1	modified	source/locale/it/gestures.ini	8c76e767d6067bbbf909bff7443f4feba2319368	ec09ccb64bfce718ee3853a130db4d00d4d0deb4
2026.2 beta1	modified	source/locale/ja/LC_MESSAGES/nvda.po	39e5b00fc563123a8556f1b8f1d1c0192417ea3b	399a847367f1c9a487012f26d22cc51c073add0b
2026.2 beta1	only-evolution	source/locale/ja/gestures.ini	da3e5be8a45439b1eee119ae548adc65fac30c5d	-
2026.2 beta1	modified	source/locale/ka/LC_MESSAGES/nvda.po	3678bcbd992310498939ce4bdb7696b20edb6b2d	770f12dc5bb5c1e347c18a28caab1fc5f805bf9f
2026.2 beta1	modified	source/locale/km/LC_MESSAGES/nvda.po	2c7f1d4df9d73685955e37bb62504715010c67ba	98059f1d77cd0a55737772bb8c86b534e53d84f3
2026.2 beta1	modified	source/locale/kmr/LC_MESSAGES/nvda.po	6f76c7694589dd22233a3e7a9a5dea7badf84833	b45eba6a0eddfc7f8da4c03c797f6cf99364d987
2026.2 beta1	modified	source/locale/kn/LC_MESSAGES/nvda.po	b46fae59db8f98cb4ff6b6e9188f260bcf42bab3	0b707bf3e9c3988da34ab83cebf041a04f9c1729
2026.2 beta1	modified	source/locale/ko/LC_MESSAGES/nvda.po	338f4d067186ba13fd70ce3c0277eee7e18a7e98	52c1b10a7b2e5389b5b8311a2e6d30539178b199
2026.2 beta1	modified	source/locale/ky/LC_MESSAGES/nvda.po	8a5a78da1bd39d567ba05892382ec91f639dd73f	4a1bfd591fb13a5b3cb2993f241cee18c55b5009
2026.2 beta1	modified	source/locale/lt/LC_MESSAGES/nvda.po	fb75113de810357292645ad62d60e46b03e405ce	21a04b72c983cb1587d75c4852f0961698c03de7
2026.2 beta1	modified	source/locale/mk/LC_MESSAGES/nvda.po	21dcf2b100334e13d060c63cab420be324cb9b66	21d6270b967cbe1f0d2ffa9f93568a6dc698d80f
2026.2 beta1	modified	source/locale/mn/LC_MESSAGES/nvda.po	8dab788c59592e0e8221e139d50683df2a03499f	10519e52ddb1f1a0ba2ce5f93b2241c29238bf2b
2026.2 beta1	modified	source/locale/my/LC_MESSAGES/nvda.po	b50bd147f6680e57715c9de8f3366c94170b4b56	8475751bac5690d53ecaa5e6927cd165a5910fc3
2026.2 beta1	modified	source/locale/ne/LC_MESSAGES/nvda.po	76729a2d508a1c793ebf26efbe3c4292e1a0ef16	38f744f5431a575aedabc13309dbac04974d4f82
2026.2 beta1	modified	source/locale/nl/LC_MESSAGES/nvda.po	dba6dadb823eec8d22b8e29f438d9107039cdefa	efb94326d0dd878b603f5a2a906c03de075cac16
2026.2 beta1	modified	source/locale/nn_NO/LC_MESSAGES/nvda.po	eed71905a19b46814a6fdedbf2f306f54e0d73bc	0b825291ab602a8f57a83736af0630300c4ceb27
2026.2 beta1	modified	source/locale/pa/LC_MESSAGES/nvda.po	7f85180e1da74786a121424d77ca37346e8c343b	53b8a7615727323684436d64a67236a5dc0edeef
2026.2 beta1	modified	source/locale/pl/LC_MESSAGES/nvda.po	34658f642b17b78d64c08781aa4e87f58c6491b9	bcb6738cfcf5e520e96faaae85106647a536d000
2026.2 beta1	modified	source/locale/pt_BR/LC_MESSAGES/nvda.po	37bc0143bb7b8e8e8e982c4e4a0bc9a7d45b7371	120faf81fac4c32aafed97b37a803c008bb33ea8
2026.2 beta1	modified	source/locale/pt_PT/LC_MESSAGES/nvda.po	913e2f11fd11bf4c2cbf3e221a52ec272973fdb4	8c6d41d7b2c306a0c694c13637896ff66b3fb027
2026.2 beta1	modified	source/locale/ro/LC_MESSAGES/nvda.po	6aeab8597db66ed228a79faf82ecf5d2b1b257cb	80392818d5e8f39a695864225aeee48ed3c4f32f
2026.2 beta1	modified	source/locale/ru/LC_MESSAGES/nvda.po	49e8f93ff33b754b14a5b77d4aae27e02c57e24a	3933befe6fde7f3f168760ab1c8968c1565a86c2
2026.2 beta1	modified	source/locale/sk/LC_MESSAGES/nvda.po	d5ab4a62baaed9342c8965428c671256a5cfa6e2	c431cf52f1d8da9332a7bf3d63e1f82b5193cee7
2026.2 beta1	modified	source/locale/sl/LC_MESSAGES/nvda.po	2743715f5f781eca9feb26d37fcfcdb7cface36b	e280f1a1f8949fd6221c8ce2dd97a1bffabf3085
2026.2 beta1	modified	source/locale/so/LC_MESSAGES/nvda.po	5ae6ff91ef076a5c9ec3bac6b3baa3b66e48962e	d4b8ccfa73531eb9d2a2cbb7de1483281ceb6587
2026.2 beta1	modified	source/locale/sq/LC_MESSAGES/NVDA.po	b76e3c2f7e481718d93cf6b31c40ca18014c7cea	b79c5936c2c8ede9500c76933be936a6065c07e3
2026.2 beta1	modified	source/locale/sr/LC_MESSAGES/nvda.po	2c3991913c7f471c7de945634acbf60c02928410	1e163f7176f336538a16a964c49a11b7c33027a9
2026.2 beta1	only-evolution	source/locale/sr/gestures.ini	175905adaf8eafb1bd9a1bc3b9d338fd5d836016	-
2026.2 beta1	modified	source/locale/sv/LC_MESSAGES/nvda.po	a9541d84d813e86e738eefbe261994348fb71ca3	573bd9a4ab35c8a1a5606cceaa58a2be7e13b456
2026.2 beta1	only-evolution	source/locale/sv/gestures.ini	58da6cfa42722a02d27d1d1395c8f0243a21d746	-
2026.2 beta1	modified	source/locale/ta/LC_MESSAGES/nvda.po	55eea6cf17576d77b9f9a5ab6f07a73b75e3d0f3	46b398097f7cad59248d7e77cc684b1eb74b25b9
2026.2 beta1	modified	source/locale/th/LC_MESSAGES/nvda.po	6401344a500a5521fdc7a9d5c901cc51cc56ff13	995a48514e3f0315fbb0efbdf19cc9a0846e370b
2026.2 beta1	modified	source/locale/tr/LC_MESSAGES/nvda.po	8fcabce202e6920fc6d651f22f96100037683b1e	ef209ff6483087c89b0424d516660737808fdd1c
2026.2 beta1	modified	source/locale/tr/gestures.ini	9376c41ae639be66a669ac9713b10124f1f7619f	cd459333a92ed1434e894841ccf0109211c4ffc5
2026.2 beta1	modified	source/locale/uk/LC_MESSAGES/nvda.po	905ffc501c9592ed6fe24f2724af4f785303547b	e60aaf5b8ff760416745cdee945af0a56d108139
2026.2 beta1	only-evolution	source/locale/uk/gestures.ini	fc43313db9e3ed7de1afc5a3da7de98e43ab0695	-
2026.2 beta1	modified	source/locale/ur/LC_MESSAGES/nvda.po	e3c42a797322017cb47283534540a273c4e50733	b8cc6f4b44058b8bfb7297f973b06053945e494d
2026.2 beta1	modified	source/locale/vi/LC_MESSAGES/nvda.po	6e6f287e2256bdfe4b3f8bf4ac409c16a4d1d0f8	01501c5ee419d6ce9d95d0dd27c0c40a111a0af9
2026.2 beta1	modified	source/locale/zh_CN/LC_MESSAGES/nvda.po	2535075050ebfdccc88db6b51c787b37d5308b00	78daa1de1ea5cee2443471932dff63d39203de86
2026.2 beta1	modified	source/locale/zh_HK/LC_MESSAGES/nvda.po	e6ebae4031c726b6ae9cc9d0831620203858e764	3c5dae66357e58d07885e252877ddfb577a82796
2026.2 beta1	modified	source/locale/zh_TW/LC_MESSAGES/nvda.po	0704db61d48d3078cf3761e3af8163569ae713f7	5ac58c7836147b4c3f0195dba432b91dfae7245d
2026.2 beta1	modified	source/locale/zh_TW/characterDescriptions.dic	62462901dffe4cccff01ef5362b20614a9d169da	83236c38489095bac4945336b7cf992711ecea39
2026.2 beta1	modified	source/locale/zh_TW/symbols.dic	6371a77aacd6ba29a996a397b7cc8f8980649e6a	aec10e8c88da50cbf18bfc8f1e856de78de7e546
2026.2 beta1	modified	source/locationHelper.py	9fe381e55ccbecda86f8599eb485fbe68cffa391	2beef1ef1ef0e03943fee8bea7cb6f77ecfcc355
2026.2 beta1	modified	source/mathPres/MathCAT/MathCAT.py	a6c97306e21f40f6b1e1d8c5ac048a7e0b3487d4	06d37640182aec384a0b6727db4bd32e6bddc0dd
2026.2 beta1	modified	source/mathPres/MathCAT/preferences.py	8d9f86ed026003494ea10226e5f6d2ddb6a9fe05	612b2cce9a1cf65417c7a54e21530f0d0882c6de
2026.2 beta1	modified	source/remotePythonConsole.py	6c66ed564212238aea9af920b111f45444fdb63c	719e812ba8ae0d5d834b2290707b17a4b6e31b87
2026.2 beta1	modified	source/speechDictHandler/definitions.py	ed3bdd836c911fc7001e38063a241538909f9bad	31c5dfe4413497a041f198d3063a4e8bac81438f
2026.2 beta1	modified	source/speechDictHandler/types.py	7d7ff3aa4fc0e9ee23546b1436a969f4784bc7f4	982f36833935fe3c34b2cf70968a15f5da306daa
2026.2 beta1	modified	source/touchHandler.py	7fa75113afb058cf4f0e167e1a9c25f9766bf148	b0b177a3410d481410c68018fba4711943b13c56
2026.2 beta1	modified	source/utils/security.py	90feedb092859b7decb2fd126c07ab1f512b4c82	b0c9acf1f8fc478a1101369336b4584346d7a389
2026.2 beta1	modified	source/virtualBuffers/__init__.py	eaa5abf9edbd1e920ad67d3dc1c71815ac67041e	4755725502779d97a1cc006a96e3ced2df5a219d
2026.2 beta1	modified	source/winBindings/advapi32.py	7b156e1072dad78e69902e31ddc4daaa6525dfac	69f69764284823409b14f37208f5f3f03e93fb21
2026.2 beta1	modified	source/winBindings/magnification.py	29b33845ca41f9e30edb459865bb298b89e99cca	95f1200a0231dd79ff279ceaa301529995fed939
2026.2 beta1	modified	source/winBindings/user32.py	ea4a9773e93193525c96331d1b6c86b9611ee1b2	9a9fda2c721a024ba983274a9158882d5754ce89
2026.2 beta1	modified	source/winUser.py	af1bb8f9f0fad8457a0eafe934475e2a681c8220	38479d3604b3023522a76abfda4bf1ac42a1edc7
2026.2 beta1	modified	source/windowUtils.py	abbd37b230d3cdb8d8cbb97ee0a8a036c98efc91	59f5cd5ef1802eb6291ae485d8eedb3df5281909
2026.2 beta1	modified	tests/system/libraries/ChromeLib.py	a8ffe8d66ec8934ae8c0c9abc63c1132ed98e5b7	fc52c59223d4b61ee1fef40b2fb5e2ad4d0c79a3
2026.2 beta1	modified	tests/system/libraries/NotepadLib.py	b79dd0e30bc731837012ec400a5e37682a0d7072	6808865e506d3fa316ea1772557dfc150ee8a14e
2026.2 beta1	modified	tests/system/libraries/NvdaLib.py	c86aa2bfb7d62eb1fcd397b72b281e43bffe09ed	7bae843c760b3c0c36bb168db4a293259f2ea7b1
2026.2 beta1	only-evolution	tests/unit/test_NVDAObjects_UIA.py	4422b4fbc1bb95704e4daba8a866717cfbfd5560	-
2026.2 beta1	only-evolution	tests/unit/test_UIAHandler.py	2a8139ec5ffbaaaa5901d7c70dab1008471d66d5	-
2026.2 beta1	only-evolution	tests/unit/test_addonHandler/test_addonImports.py	94da9840c13e56273ae21a4d190967b6e53150a5	-
2026.2 beta1	modified	tests/unit/test_addonVersionCheck.py	cb7dd7cbcbcd13a929237b6ef0d74bac5dc25336	862e7d3731ba62d848bf13ba5de72b7587da1fb4
2026.2 beta1	only-evolution	tests/unit/test_braille/test_secureDesktop.py	76853a0c22d362d94c205012b706243c35128d3f	-
2026.2 beta1	modified	tests/unit/test_extensionPoints.py	9c13c9e90dbfe3d90e12d89caae99988eae2ce95	97842056ccb92c36041ebf6e1fb63868668793a0
2026.2 beta1	modified	tests/unit/test_hwIo.py	dc9fb19cfb76a3fca78aa912e27707be8c92c280	45b6714bed5fa9e91bbb46c361baf2c113c6770d
2026.2 beta1	modified	tests/unit/test_languageHandler.py	e503f702418be67702433be1574384bb705b6862	d4f0220871fb7e98462c43aa698d35a510188374
2026.2 beta1	modified	tests/unit/test_locationHelper.py	a08e8e8ac4c6dec3a01ba214b21efaf5693facd1	3f526c1c3fe064c5b085ae975f60ec1b7793ee70
2026.2 beta1	modified	tests/unit/test_magnifier/test_focusManager.py	d8d49b7e3b0084e6d3bcba0f32ddf78186b812aa	829abbb17f4dad7a8256def357e733340a4e01bb
2026.2 beta1	modified	tests/unit/test_magnifier/test_fullscreenMagnifier.py	b4833d5e3d4c526900bb7f4980b28c9a87cc0976	493344e7287438bd63876637b92293bbff445dd9
2026.2 beta1	modified	tests/unit/test_magnifier/test_magnifier.py	70606ef4c16bbb86ac086d619b69e9c97f4c5e3f	4f7f6674968eb94c726a2b1c45e69dfaff58fcd0
2026.2 beta1	modified	tests/unit/test_magnifier/test_magnifierCommands.py	c1b5e2de56b821e84f060fa5f37ceaab039c8d2a	ab3681b238268f26ae3eb8d0d09427df524133d0
2026.2 beta1	only-evolution	tests/unit/test_magnifier/test_mouseHook.py	56f2c42daae5ed5309ba3b75d2d853d51258773f	-
2026.2 beta1	modified	tests/unit/test_messageDialog.py	a1fbf00737b8938e0682d39ed65d581763b5cfcc	f24492a788253f57320fa87692e1e14c0f3bb34c
2026.2 beta1	only-evolution	tests/unit/test_remotePythonConsole.py	5f311ea90ae2d1e4680067d80d43f6f10c74649e	-
2026.2 beta1	modified	tests/unit/test_util/test_security.py	94b86ad0beaecaa7a310805e3116e1db831244fb	7830b295ee4c8901568f5b306cd12ae4c3c1ec98
2026.2 beta1	only-evolution	tests/unit/test_winConsoleUIA.py	c2d53eaf32d33913dacb2f12608c03f161421748	-
2026.2 beta1	modified	user_docs/ar/changes.xliff	f1131f59d7f703378defad927057861d8daecfdd	f8efd3ab0f0cbc3d051000ae3e4ec191e05b9c18
2026.2 beta1	modified	user_docs/ar/userGuide.xliff	b2b405ab8b5f726372939320b2cd81c7480b5e78	f5de80c13681c9369518630da2e70d948485bd0b
2026.2 beta1	modified	user_docs/bg/changes.xliff	2be6dc54fe672a447a799d821942af5eaa6eb850	0294a8b5c8c07c9a0ea16e2b10b4dcfe4a42d096
2026.2 beta1	modified	user_docs/bg/userGuide.xliff	432781cce068a8fcca95d740fc6e46b36ac08193	03e72a632340314444d8e82a2a9818b402216f05
2026.2 beta1	modified	user_docs/bs/changes.xliff	1295ea46b30acfd4623594b2d35bd695d36d165b	a21e3765af45847f745bfa3f2ca3b0917ddad599
2026.2 beta1	modified	user_docs/bs/userGuide.xliff	828e379088ef8a329f95ba2c7e6f6c8407223893	5f2aeae3df3f019603f65c83671516af2061dcde
2026.2 beta1	modified	user_docs/ca/changes.xliff	cbc1665fb044b5c6b941a61a71ebbbaf8c195cb9	599f7dff59293b4df26fb40f2b52e251c8636479
2026.2 beta1	modified	user_docs/ca/userGuide.xliff	1cec817a286da7f557d527cd0c63737d905680b0	16896e9c0310216a9a242bc02dc4f07c50515953
2026.2 beta1	modified	user_docs/da/changes.xliff	b4ea8f1745cf0866ace2078a25a2cd762b372f4c	98e61a507623f4ad483443ace621f43793a2de89
2026.2 beta1	modified	user_docs/da/userGuide.xliff	7cefd02b3607f8530d50a5fa3f9277486a71627a	8262efcdad93dfb9bb0d34da84cfb84ae3906c54
2026.2 beta1	modified	user_docs/de/changes.xliff	90d27f1627d33beb38f5340c83a2f27a9da1c8aa	31e36a1568aa1f9353ea94d26863c22d4087165c
2026.2 beta1	modified	user_docs/de/userGuide.xliff	de3cc8d0b754cd8bd894d9a8892a3cdcb9f65053	d5227bcc687a2c7fde76432355b5920c9fab450e
2026.2 beta1	modified	user_docs/en/changes.md	c05d7ce042473b77d40799238c77e6504d583c80	fb5d793dab455b29d90e7b857753056d7949ba33
2026.2 beta1	modified	user_docs/en/changes.xliff	e1adfeadea98d9443c0005ccc1470d674fae589a	c641efedbbb94b09daf0a32a4cbf572767f0b7c8
2026.2 beta1	modified	user_docs/en/userGuide.md	d6b75f586bdc7008b0caaf2b6ba3f56c4c5d1e69	6382d273918b5bd6d6ab0491a6dfb0c0cb25f02d
2026.2 beta1	modified	user_docs/en/userGuide.xliff	b255cd5dee12c6c512ddc88f7fb3ee66cad94903	bc35d073384e1aa9a698ff3ddc74568629141f5e
2026.2 beta1	modified	user_docs/es/changes.xliff	738204d1bde44baddc5fa75f3e861276c7b8a90f	63d4ec7abf16e4f7dd4cdee00bfe332ca12b0e48
2026.2 beta1	modified	user_docs/es/userGuide.xliff	7f89984b8687937716ae91ae9449fec0ee5449cf	498359a4d9bd9d7b0885aba5f3d3956337d0b2da
2026.2 beta1	modified	user_docs/fa/changes.xliff	f5e5b6445129193df6b7ab03685fa9e968c613b1	ed1e7cd86840b4645139f751481431d471a1f016
2026.2 beta1	modified	user_docs/fa/userGuide.xliff	68f1f87e86d58de0c604bf051eb569d58ff56fe4	f4ab2290f5ed24a7d0abbba2231cded154adfaa3
2026.2 beta1	modified	user_docs/fi/changes.xliff	dc0d539e2352cac131d4c0296544b833af46e350	078f9d1d74a9fd3cba5ac7803e4f706b73b79466
2026.2 beta1	modified	user_docs/fi/userGuide.xliff	02d7450d6513b90993bb1fcff4f4a9f55828187b	e4309a9667753f822d9589f3abfeabbbf666946e
2026.2 beta1	modified	user_docs/fr/changes.xliff	636c59c81812f0cca72b1d3831c7c5560e4ae377	37b53c7689d7a526666fb738ee6e597ee17c3403
2026.2 beta1	modified	user_docs/fr/userGuide.xliff	b385aaefa1f3ae6fc3d824053d668ecb9b4c702c	e9cb52cac647f53a9edd32ae41b4ec52674fa063
2026.2 beta1	modified	user_docs/gl/changes.xliff	dc5e0dd5a7e603ccb137cda9aa8c44b3c3d985a9	f7df73a6b54f6e965a1d60d805ef1be370b8818f
2026.2 beta1	modified	user_docs/gl/userGuide.xliff	0da2682325152bc890cabdcfc00cb3a0c3721836	26807ecfc14a7b59363bc93c67df26513ddc79a6
2026.2 beta1	modified	user_docs/hi/changes.xliff	1f0e71819b1498a1c519576f4a7841638cfb41ff	070b06716a29dd16090473ddf57dc0a47ca8705c
2026.2 beta1	modified	user_docs/hi/userGuide.xliff	796c857e08a6b8fba1e9f1b854a97c936826a60f	124db1d2d80b3984095cb4d087d9b20328842fd0
2026.2 beta1	modified	user_docs/hr/changes.xliff	877def4591c687b1b97d90393d67fed8a16059da	cc6bf7caa92ca61f89a9f4e63f6ee1b3fd3e6b66
2026.2 beta1	modified	user_docs/hr/userGuide.xliff	cc0641c26f6599b65a59d9be8d0216dd838f48a6	afd767c7438431ec0ffcaf9e1f0e57b93c693e3b
2026.2 beta1	only-official	user_docs/hu/changes.md	-	64107b5b3b36f9aaff22fa76bbd1016aa3d37344
2026.2 beta1	only-evolution	user_docs/hu/changes.xliff	54288b375ef0c8de6945f3086f54900e931a76c5	-
2026.2 beta1	modified	user_docs/it/changes.xliff	94047b6773c84f9108fc1dbb48be7b4481710476	f40618fc9ba68c6480329d10096ddf5dbdfd8c9d
2026.2 beta1	modified	user_docs/it/userGuide.xliff	1abfe22ecf076d7bad272752b1ea4a7a4916ee1f	670ea2d8422f56c6e94b634f39f2ce54fc64e5c1
2026.2 beta1	modified	user_docs/ja/changes.xliff	c6847f6770c2b5b5812a4a8c2685fd6fbd34fb07	211118f0463b02c62add225c525e46cf6d69bc62
2026.2 beta1	modified	user_docs/ja/userGuide.xliff	0a64412ae70ddbdd325dd634cbd8eefd407f9966	f7cf080aa11b6d114565bdab5de738e587b1d315
2026.2 beta1	modified	user_docs/km/changes.xliff	c24f737d2c1d531ee2afd16419693dee7ac10b1f	d2beeee744400c70630398c920d0b4a2796497a8
2026.2 beta1	modified	user_docs/km/userGuide.xliff	01134536c1f0457bbdd70b8aa18eed142943f49a	edaf7fe2917cb73203bc42c47a338e4ec9427c84
2026.2 beta1	modified	user_docs/ko/changes.xliff	9d8962c944dc38a0b5647675b3900d919a79dd20	da75251d36b9c392dfe8b3fdba2cb4fc000a1f56
2026.2 beta1	modified	user_docs/ko/userGuide.xliff	ef76965caf9e4905ff10641e7ed83730b15bfbd2	00026cdfac8ca35e1d111e4f376a9ef98f6b5d73
2026.2 beta1	modified	user_docs/nl/changes.xliff	e96348cbff353017660ba3a703015bb6cce69d35	17e0a199809bb76deb48871d5ebc88960057b947
2026.2 beta1	modified	user_docs/nl/userGuide.xliff	62186700ec4b695dfedd2810e753390aa615866d	ccbfdb381aaf2e59c4d8d35138ebc955748996c1
2026.2 beta1	modified	user_docs/pl/changes.xliff	1502a051a0739314c416cea89faf865457d3eaf2	8f886d283308671df3be3fdf1b3105186513a348
2026.2 beta1	modified	user_docs/pl/userGuide.xliff	f93311498ce6773ddff0877cd4d092f5bd4e0757	9b74fc5f587920bb0ffdf10607812ac32c3fc7af
2026.2 beta1	modified	user_docs/pt_BR/changes.xliff	aa3ac62e0b801870451947c652bb0dd304b71826	92cf8a2998d7396336550a2cc73cac41a6addba6
2026.2 beta1	modified	user_docs/pt_BR/userGuide.xliff	4b5c55606eebd869efaeb028e137626909b747af	7509827f5c60ade023a0d988ff1d9b368f3aad0d
2026.2 beta1	modified	user_docs/pt_PT/changes.xliff	1d46dbc438983848ff7a53249c20f108b547f0d1	09fae4dc20f3f56151fead3d26ab444b63eae448
2026.2 beta1	modified	user_docs/pt_PT/userGuide.xliff	0087696a62add211a2561f0ab587886763cf9974	c9e875e3f6c8cf6c98ab607c485d6b629140202e
2026.2 beta1	modified	user_docs/ru/changes.xliff	96677b30ad521f15f6ecf3a6bd50d8434b007703	e11ba06aff80ec91dd02d71a3c0cfee6774ed018
2026.2 beta1	modified	user_docs/ru/userGuide.xliff	4366234d36426ae206a80606a10b7216a0854ab5	9c625d829ac3bc132ab0c074296e699834763836
2026.2 beta1	modified	user_docs/sk/changes.xliff	0aa9fe1b33ad21691451cbee5f0a1c18c1ab947d	d8d9c320a815358c7555870a29a1d22a6c514118
2026.2 beta1	modified	user_docs/sk/userGuide.xliff	dab8c533b0f8743287f00b9363dd81a5882880c1	783404e363eb9768663a78ab8e9f777457b48128
2026.2 beta1	modified	user_docs/sr/changes.xliff	88fc6a4c1d0f7d8e02179cc9096a9cd1cd61fc1d	7a0864e483d74f7fce4b448787538db83015cea6
2026.2 beta1	modified	user_docs/sr/userGuide.xliff	efc9592db2c0b9861d4f6de8b96a7ebbe81f874e	d7d0b5e107a52d8e3b48ee3574cc11f6ea13085a
2026.2 beta1	modified	user_docs/ta/userGuide.xliff	87ea1401d6c23b5eb393a9f8e90038ffd8c69848	10d5eb4712c143045166edaee74138b66c076f4c
2026.2 beta1	modified	user_docs/tr/changes.xliff	c86c9ba86208a7a40e1fdb08b3a7410fd120310f	2c6a6affc4b9cafd61d6cebce33d522300ae1277
2026.2 beta1	modified	user_docs/tr/userGuide.xliff	6f3ceb1b92a46ae364ddae86f19fef7992c776d9	9acade1de5dfb15fafe25ec3cc8e574cfda699b7
2026.2 beta1	modified	user_docs/uk/changes.xliff	05cb87ef90307220b3d074d0a790ef2fc40d5bee	fc54a74fbe14820ad81a5a12498efb63587184ad
2026.2 beta1	modified	user_docs/uk/userGuide.xliff	0b83fad95f0e1f1454f2e7a64988f4c6cffd4103	cc62c94da9878cdb68ded1bbff73f6f9fbb0a6e6
2026.2 beta1	modified	user_docs/vi/changes.xliff	7659e40ae6c6fb220e2db9f11d50f0b31094369d	3a44211b78c50367027b4cd2f0f01c47c066a648
2026.2 beta1	modified	user_docs/vi/userGuide.xliff	c8f8ddd84d192502801cb45da0f5bdfa50da3849	d683a22dd5f9f798e30644665518904b83bc7b2b
2026.2 beta1	modified	user_docs/zh_CN/changes.xliff	dd4812a903d9e1d5e4d628d331f26ef065ec6a95	f06be70b8876ea508efc56143bbee276a6fc8c2a
2026.2 beta1	modified	user_docs/zh_CN/userGuide.xliff	63a0701212775d250f913c41d5e3c628dae01068	9acc5ce3cc063b70d890f903318f45ae5d8f0943
2026.2 beta1	modified	user_docs/zh_TW/changes.xliff	4556b0bc35ce1525f829c06502504e01975e20b2	ab1245a0c3562d0dd9777bfe47ad29ce5cb1326b
2026.2 beta1	modified	user_docs/zh_TW/userGuide.xliff	4da6a28e0e5b34de7ecbf039e5fda4afcee9cba3	3185abd24cd2d5b2b3021d132e613f311034f187
2026.2 beta1	modified	uv.lock	9210c958818df868206b7c5329d37fcaf734bacd	42151a8e9c2014e7401989215dba65bd4b39a470
2026.2 beta2	modified	.github/workflows/add-new-language.yml	a22ea4814966fb31617bfdd108edaf39400c0bd9	9133d9c222561f3ff30350a114b84c0a124f7d7f
2026.2 beta2	modified	.github/workflows/clearCaches.yml	039c28961eb0b36441547ca67aed3de2d26aedfd	a391d793cd868a02b87ba730ac8afeae9dd39433
2026.2 beta2	modified	.github/workflows/fetch-crowdin-translations.yml	13a3d8e48ab5b54deebc2c298e66f5dfc098dd2a	43806c73c99fcf2a7b65e0aeba414a66a92d4fb3
2026.2 beta2	modified	.github/workflows/monitor-localisation-file-changes.yml	7584668c57cf30b131d3e3fe84139e18d68bd394	254c2527338f48a3ff0c6362c12fca1ccdd3cae2
2026.2 beta2	modified	.github/workflows/testAndPublish.yml	05ff1807cfc292da383908c643c7810d9c83bd47	7bfd47a9fb31b58b9cb4aab09865c92e4dd64bb9
2026.2 beta2	modified	.pre-commit-config.yaml	fdfe0118fb26a92fa7efb85688b1d0b227a4a3e7	19a482f33ea765fc214ae93348a40b6644f4f098
2026.2 beta2	modified	.python-versions	05c2197512e8084559661bdda4b0426de8f9e0b0	c799318b8e175472df83757d8e95702f365a780a
2026.2 beta2	modified	ci/README.md	09f6b2e873bbe63862faa1b37044fb24e99cea72	a10b3ee896a4e7b99010563d895452285ac70df3
2026.2 beta2	modified	ci/scripts/checkAndCommitTranslations.ps1	141324a1aa77a65bdac08ad21c6398362c9747ae	972b1d131d89338bb7be7c8a05520cc0bf6de057
2026.2 beta2	modified	ci/scripts/setBuildVersionVars.ps1	c6452b84902b14d0347cccfafd7588349085f13d	f4e3fead863b8380fd0e6bb73848ef42878805ef
2026.2 beta2	modified	ensureuv.ps1	83be5c94d6ba80e4cad8a15bb40c303c7d31ca52	57c492f1c6de9b08bc09493e3f0bc3344d75cab2
2026.2 beta2	modified	include/liblouis	2e775aca674cd2910e272eed7736acceb4c2e4a2	2aa5f84b14de17bcfe8317862d11f6bd7d640e55
2026.2 beta2	modified	nvdaHelper/liblouis/sconscript	0f882ffc956fe3602e88520c9623010016a8e4e9	c98d4900e66f7c319816777bd6061a81dab6db65
2026.2 beta2	modified	projectDocs/dev/createDevEnvironment.md	419f226fd3b6ebf332146fed850209804793645f	0535a329c11adb148a4ada832fd8ca7adc55cb5a
2026.2 beta2	modified	projectDocs/dev/developerGuide/developerGuide.md	f6c5f96c98de86ca36c21bf3b33d45ded4fc7316	5024f63cfc51b120f60ea6c8db2f1bd3e5e0acd4
2026.2 beta2	only-evolution	projectDocs/dev/futureRcValidation.md	96f4b06ddcc925049e3fa9dae07565de936349a9	-
2026.2 beta2	modified	pyproject.toml	fb590a6a8b8ad109a7981ca3becdede019036ba1	ee2a0f39bfb2255fb7aa8ced64d291b15f357cbd
2026.2 beta2	modified	runtime-builders/synthDriverHost32/.python-version	1f155dedb475f21cdeb94e30fd2db8ec550d96a6	fe6f212a49359f24bd0799d377528f38f3bcab23
2026.2 beta2	modified	runtime-builders/synthDriverHost32/setup-runtime.py	2cee396cf30d90e81b64ae213e206d9b7d05929f	d74991bc57ec2d7ec912817dc190a8d08cc8a735
2026.2 beta2	modified	source/NVDAObjects/IAccessible/__init__.py	c7abfaf97861cd108b866dc507f79b150f5ec464	5e6e77d4ff7d74c93196b749007b78c86157cd76
2026.2 beta2	modified	source/NVDAObjects/UIA/__init__.py	6017dba29983278f75e11f253be99426ce24906b	dc46de15c96fbdaf0b175dc95f449a7c6caec6e5
2026.2 beta2	modified	source/NVDAObjects/UIA/winConsoleUIA.py	10c19afd2b7e78c1d615910a7b2215fdddefb4e4	dd4aec30cf2ddf4dac7dc974095ff02239088812
2026.2 beta2	modified	source/NVDAObjects/UIA/wordDocument.py	915265f45a8516cc908fd2e969949ea6ae250b4f	1379f82dd981e45e3afc747926ad92ed6dd1bfda
2026.2 beta2	modified	source/NVDAObjects/window/excel.py	e183cab4aca4c35be64e6232cf5c1b7761a54438	61f240cba697352461c2e9bdc92ff729695387ac
2026.2 beta2	modified	source/UIAHandler/__init__.py	38b8d593d4ef39de4dd24e3cd20f42c07cd7fd7c	b11e5f0bb910e7a241d992633d4558c490001a6f
2026.2 beta2	modified	source/UIAHandler/remote.py	e311bb63296f17fc4c74e19f9f3095ab8e283ff4	13d4cde7a39cdede58664fa0b9bd0576e1f95e96
2026.2 beta2	modified	source/_bridge/components/services/synthDriver.py	54f4d2dd8853ba9415f2e27eb451c1544e62f6df	71507edd9dceb094faa8e8b11ab25d39a1989c2b
2026.2 beta2	modified	source/_magnifier/__init__.py	0a4f806d4131ad37ab326d6b9a94b1a6faff7601	0b296a4883b062367ac7997a04e4f79621fa6365
2026.2 beta2	modified	source/_magnifier/commands.py	b83ee2beaa9a6669a4f77801958ae2f96bf8b242	31e11df3d1b5b135d35fff2ab03b4a85d9122ffc
2026.2 beta2	modified	source/_magnifier/config.py	b62c878c137ed04711267e83a3caab79fc6d7672	d61a43a54a7b4591bcb75dc34ae874164567f726
2026.2 beta2	modified	source/_magnifier/fullscreenMagnifier.py	95b34a6241c7bcf269dbdfd02502d319e15bf4cd	95aff7a3b9cc2ba4d51c7af026be458313adf902
2026.2 beta2	modified	source/_magnifier/magnifier.py	0d3710b090760c139435078ecd9ffa15348ab6cb	10abf3c3e9d2039895340b5ade22e6083d9a1c8b
2026.2 beta2	modified	source/_magnifier/utils/errorHandling.py	2b2f37b4d780e11a92b66d8e591dfdb0623b7247	66ceb0116faa657ae613495b5f5ab3111c7a5a8c
2026.2 beta2	modified	source/_magnifier/utils/focusManager.py	5473efd1ba29c82374b3aaf929f7e7653f5f6a93	7bfe58ba4dd782209e148f922b85072081bb0988
2026.2 beta2	only-evolution	source/_magnifier/utils/mouseHook.py	2a73dc2ec634d8958bc777907ba196af2b65bc70	-
2026.2 beta2	modified	source/_magnifier/utils/spotlightManager.py	f7ff0c61b37933aae4163d685451f0ba6738465f	6d62467a4ddb469e28e6327f608c6af9babc7694
2026.2 beta2	modified	source/_magnifier/utils/types.py	e9bbe7e7c0140b3bbe3a74db9e9056fe81b50dd6	c1a473646031361e5e23f9b3be0e422de4c998a6
2026.2 beta2	modified	source/addonAPIVersion.py	0657b0194026f83e721cf4380b761714ee8a9709	b300dc889c8e873534539e59757ea97d4c622b66
2026.2 beta2	modified	source/addonHandler/__init__.py	b241973917c0cd72e9a8bd496eb152af17c41969	87cdcc7f7c957c3d98706c4b1c25e9a9dbb1feca
2026.2 beta2	modified	source/braille.py	5ccdface171624e98e1a0950876f23fa6f556172	6e1d36be2082a6dc99ecc27b07fe2c10cbb0ea5e
2026.2 beta2	modified	source/brailleTables/__tables.py	84d50f742a7ed7055ee77ec7f531a1d753c2c5ee	2f93a9715b777d2786128e46c015cc8622f7df84
2026.2 beta2	modified	source/buildVersion.py	e0e9af5909cb96bd5bba2bdd6d615ac2af52f1ee	509fa403128bd6d105c508bf11e15184e51768b6
2026.2 beta2	modified	source/config/configSpec.py	1c058c3335c26ba79a9f7bc784942d4fa0c80217	e65a1679661b4d5c9f72529aabb9c47629946b5a
2026.2 beta2	modified	source/config/profileUpgradeSteps.py	cade8ddc09005450e203e10343673df0e535d1b5	b822b54c649655d23661ef98f76598b5b55af5fd
2026.2 beta2	modified	source/core.py	f1ad8084a6f8d71a951a8acb7cc84ed5c8d33344	7ea22bef3825a826a23049b89842d79a17879565
2026.2 beta2	modified	source/extensionPoints/__init__.py	54908b611de27e5618d917eb9b80c280151a1195	873847835057931c1ac1e4bf0a84a87b39ed96f8
2026.2 beta2	modified	source/extensionPoints/util.py	5b6f9b3b20160a63725dfb96a2d54080c8ecf8fc	c09226d8b43be4d58aff54a480fec6ba940519c5
2026.2 beta2	modified	source/globalCommands.py	b72aed630417d944c461eb1b6619c16126b86647	57490c715cb935df1c040f4a14259269e3e8a462
2026.2 beta2	modified	source/gui/__init__.py	14fbd16e7ad88c677dc473cf7620bd7326d0bb09	8cb87bbd1698750c708613a5a8737b8b7f742b77
2026.2 beta2	modified	source/gui/installerGui.py	16154d530e4347060489c682aaafdca951a26626	0c69f252756f849236816cfa20c07e3df3d7909a
2026.2 beta2	modified	source/gui/message.py	6f12aeb7105ce2dc2bbaf9bbdf8e6588624d1425	3c3e58470dc7ed479e2f491b660031fad6c2ad03
2026.2 beta2	modified	source/gui/settingsDialogs.py	7bd0939d3b44e3e5683d1dad968f08968606a17f	3012a48bbc5fb2498508d81ee37c0c8e59c6da1b
2026.2 beta2	modified	source/gui/speechDict.py	5a46cf7d4b8ef520c8d712e3d2179d9ba5f0b432	56b8ed9d781245914e8e088bd4ae5f3a428f167c
2026.2 beta2	modified	source/hwIo/base.py	d95005969a95c09f015d29451bf1e8c214eebf00	0a34b27e42f4632fd5412c299c0cc01001b12f39
2026.2 beta2	modified	source/languageHandler.py	54de6ddb79dc36b64da7910a757911b111e77682	656028ebe62fc08111e729b20e09d6e4aeefe4df
2026.2 beta2	modified	source/locale/af_ZA/LC_MESSAGES/nvda.po	af7f998003367de04aeffc195ca5efe86613e4e3	4e1237aa044a286c3ac1f5cc15184791cb2a3d17
2026.2 beta2	modified	source/locale/am/LC_MESSAGES/nvda.po	ead2db7b17719d5e011d0b48312aa402aa0b60a5	4c745420b25870ded72c076c8bbbaeda19ad380f
2026.2 beta2	modified	source/locale/an/LC_MESSAGES/nvda.po	13a938bda9965f18804f709aa47d54bf854e1eb6	1ab33f9b390517296e57b865163ace40e5a3f8cf
2026.2 beta2	modified	source/locale/ar/LC_MESSAGES/nvda.po	7d8ebfce7c618c373ca385fabbcf55cb81daf818	3a7a9895abf056159d11072db9a28fecd0b63bb8
2026.2 beta2	modified	source/locale/bg/LC_MESSAGES/nvda.po	9011d1de155343d73d1dae278a55376df274f7b7	a2c0a3cc3c4382b54a168371478e5e703ea81300
2026.2 beta2	modified	source/locale/bs/LC_MESSAGES/nvda.po	d7d20d6f6b70a5e883b60167177855306220fe99	d77a953e1d01f4e9d637533f9bd70491db592e76
2026.2 beta2	only-evolution	source/locale/bs/gestures.ini	175905adaf8eafb1bd9a1bc3b9d338fd5d836016	-
2026.2 beta2	modified	source/locale/ca/LC_MESSAGES/nvda.po	3d0fa70b2e79f2fd1389f6b3c322cc639da239e6	f9cadc905b3b5025fac6764eda4adf67192801ad
2026.2 beta2	only-evolution	source/locale/ca/gestures.ini	d90f196b8e711fa05b211e2bafbc47c80ca83ab0	-
2026.2 beta2	modified	source/locale/ckb/LC_MESSAGES/nvda.po	4262c351cd44a5db5a1ce88ef50a5d130b70799f	5ce814da8d6dca490f51345a5cc2d4ad07095b25
2026.2 beta2	modified	source/locale/cs/LC_MESSAGES/nvda.po	1bcdb8ff8e44863f964b643af06ed0db1850438a	a6f2afc0a40de6856f9e635ee9d7345ff137a013
2026.2 beta2	modified	source/locale/da/LC_MESSAGES/nvda.po	ebbee18e0977139da7736475f135faf79beb77ce	28e9ac54a0cacd67c860a2b18e6efe66e282eb05
2026.2 beta2	modified	source/locale/da/gestures.ini	1eda26949552c6bd7836c1ec460212c7dd25f6b8	34b31c9b14915894317ee03ae9f430960869fa6e
2026.2 beta2	modified	source/locale/de/LC_MESSAGES/nvda.po	9eb0584281290295f87f415a066ba2395fef998c	15bbde2dffed085f2a26666789844f8309d76114
2026.2 beta2	modified	source/locale/de/gestures.ini	b0e893c28cf0335aed776d73d6e7c4a780d8e8de	a8b865e01602fb97b76e0052e0b889a75be8610b
2026.2 beta2	modified	source/locale/de_CH/LC_MESSAGES/nvda.po	103b90b377a74d62f6829f51ed068c4b5a5e1459	c97054ac9714708a52c0a3ca884b2cc4b3560157
2026.2 beta2	modified	source/locale/el/LC_MESSAGES/nvda.po	d42a2e1659cb2b8e0070b87e296c4ccf6e1c7082	d9a4bf6da5ba8ccb50f671ab99b833032dad8d98
2026.2 beta2	modified	source/locale/es/LC_MESSAGES/nvda.po	e4b3b76dece46689e1a1c4a31a775cf62445dbda	592b58831d1078c9b58b46925187b181b150c002
2026.2 beta2	modified	source/locale/es/gestures.ini	d90f196b8e711fa05b211e2bafbc47c80ca83ab0	d85093e1ca08a69d65462242d982c15a92ef323e
2026.2 beta2	modified	source/locale/es_CO/LC_MESSAGES/nvda.po	9ef8b05cc7d8712c8ce2fdbaa5bef70c3486b1aa	e4ddbd17265859ecb76138abb00cf20e9901c987
2026.2 beta2	modified	source/locale/fa/LC_MESSAGES/nvda.po	dfafdb13c240f5c5c4c5a083c45e68cb769ba554	d0f0b494b1c894568937a8f841248cea5298d110
2026.2 beta2	modified	source/locale/fi/LC_MESSAGES/nvda.po	1c3d34669c15fdbf041d3de08796b4fca7a4d36b	427f573c5c5b959c22ac6329fa2823a5636c34f0
2026.2 beta2	modified	source/locale/fr/LC_MESSAGES/nvda.po	ac4ab93de46594e3a4746a3aac4aa4fdb9f04037	fdbc6978366c08752e083b31b77c902f1832909b
2026.2 beta2	modified	source/locale/gl/LC_MESSAGES/nvda.po	743e92cf4b20c51a9edbb01539190b10a47aae88	298f9d5c9b0ca7a75bbb4dde28cb503ef01e17fc
2026.2 beta2	modified	source/locale/gl/gestures.ini	29f34d1d3d7ecfb0865bf087c267f0d125f5f465	ba2cd3a115278a78f76084b0fa9085a1570aa319
2026.2 beta2	modified	source/locale/he/LC_MESSAGES/nvda.po	c73e0dafbb98b1086560df593b2d43b82a56b4ca	3aeb373f69d15b7884b66cb4cd59d706437a2b67
2026.2 beta2	modified	source/locale/hi/LC_MESSAGES/nvda.po	adc7c3ad8c5824638ed1123d575f72cf9d9dc8f5	f210daf179d8879579c5031aef9bb24264f9ab55
2026.2 beta2	modified	source/locale/hr/LC_MESSAGES/nvda.po	a52f495a9c779196a9974e13f9bf19375eeff2e2	ef08beace5d31ef8a099b87c3d011ca89524d5db
2026.2 beta2	only-evolution	source/locale/hr/gestures.ini	175905adaf8eafb1bd9a1bc3b9d338fd5d836016	-
2026.2 beta2	modified	source/locale/hu/LC_MESSAGES/nvda.po	8abfc8a0e3318d5b400a5ef79d6b3098c9e718dc	5dbf25a1ca68fe2c3b84853148d5f343c0d19af8
2026.2 beta2	modified	source/locale/id/LC_MESSAGES/nvda.po	7572c5fc639a324b2b941f09c319888c5490b80c	265b797da5dbef952f0da09229ea93b8df0ca34b
2026.2 beta2	modified	source/locale/is/LC_MESSAGES/nvda.po	e389c3707270ea2cded029b170902cc669a38a0c	2cc3676da421e4d3ed619927988f8bec0e60d6f1
2026.2 beta2	modified	source/locale/it/LC_MESSAGES/nvda.po	de34af16b727363a2cc974f33f066d7896f49d05	1c94aa8820c83733feccb20520a998092bade139
2026.2 beta2	modified	source/locale/ja/LC_MESSAGES/nvda.po	39e5b00fc563123a8556f1b8f1d1c0192417ea3b	399a847367f1c9a487012f26d22cc51c073add0b
2026.2 beta2	only-evolution	source/locale/ja/gestures.ini	da3e5be8a45439b1eee119ae548adc65fac30c5d	-
2026.2 beta2	modified	source/locale/ka/LC_MESSAGES/nvda.po	3678bcbd992310498939ce4bdb7696b20edb6b2d	b0b4a88e9fc1fdc399277460db2338b19d76563f
2026.2 beta2	modified	source/locale/km/LC_MESSAGES/nvda.po	2c7f1d4df9d73685955e37bb62504715010c67ba	cf4a1c9c4ad45901eaa8d5604a2d14ed211a3f84
2026.2 beta2	modified	source/locale/kmr/LC_MESSAGES/nvda.po	6f76c7694589dd22233a3e7a9a5dea7badf84833	7704e9fa9875aa1b62a9bae11bf8d6d7de94eb20
2026.2 beta2	modified	source/locale/kn/LC_MESSAGES/nvda.po	b46fae59db8f98cb4ff6b6e9188f260bcf42bab3	561acaff4199d7d0a43a35edc3647884f219f685
2026.2 beta2	modified	source/locale/ko/LC_MESSAGES/nvda.po	338f4d067186ba13fd70ce3c0277eee7e18a7e98	cd1371d9547ec9db8c373d8b0460c12201a33c74
2026.2 beta2	modified	source/locale/ky/LC_MESSAGES/nvda.po	8a5a78da1bd39d567ba05892382ec91f639dd73f	2b240fbc3f6ee1c24ef6c10b21cb72601cd90a53
2026.2 beta2	modified	source/locale/lt/LC_MESSAGES/nvda.po	fb75113de810357292645ad62d60e46b03e405ce	8c9c2ddc7f55e9e3e094e059b039c7d043993c8e
2026.2 beta2	modified	source/locale/mk/LC_MESSAGES/nvda.po	21dcf2b100334e13d060c63cab420be324cb9b66	313935eb893e777804c9ef846808ecc5bf64b82f
2026.2 beta2	modified	source/locale/mn/LC_MESSAGES/nvda.po	8dab788c59592e0e8221e139d50683df2a03499f	f8f050bfcdf8545633e374aea84896f69e7a5923
2026.2 beta2	modified	source/locale/my/LC_MESSAGES/nvda.po	b50bd147f6680e57715c9de8f3366c94170b4b56	41680f15e29a9ecf2d7fa791980b057b0659f244
2026.2 beta2	modified	source/locale/ne/LC_MESSAGES/nvda.po	76729a2d508a1c793ebf26efbe3c4292e1a0ef16	90ba5945e488e44eada78c177c6b34d69a12c9f8
2026.2 beta2	modified	source/locale/nl/LC_MESSAGES/nvda.po	dba6dadb823eec8d22b8e29f438d9107039cdefa	b8ea64250cb72dd697995314c63b73d9b31325c3
2026.2 beta2	modified	source/locale/nn_NO/LC_MESSAGES/nvda.po	eed71905a19b46814a6fdedbf2f306f54e0d73bc	872ba1c42b6698c7674edb2001910db63d3a6048
2026.2 beta2	modified	source/locale/pa/LC_MESSAGES/nvda.po	7f85180e1da74786a121424d77ca37346e8c343b	3843f0f2782af2b489fa9c2c24494a301c9321a6
2026.2 beta2	modified	source/locale/pl/LC_MESSAGES/nvda.po	34658f642b17b78d64c08781aa4e87f58c6491b9	f43163db5ef0a3abdcb37e3f5043ea62f38f1e8e
2026.2 beta2	modified	source/locale/pt_BR/LC_MESSAGES/nvda.po	37bc0143bb7b8e8e8e982c4e4a0bc9a7d45b7371	e20faf66bd5fb4b1212ecb711da5f8654f2e581a
2026.2 beta2	modified	source/locale/pt_PT/LC_MESSAGES/nvda.po	913e2f11fd11bf4c2cbf3e221a52ec272973fdb4	4520c22cd743e99949019e624af41adf4db6f09a
2026.2 beta2	modified	source/locale/ro/LC_MESSAGES/nvda.po	6aeab8597db66ed228a79faf82ecf5d2b1b257cb	a491384508b1c36a6e51cf08d4b03f4966a8afde
2026.2 beta2	modified	source/locale/ru/LC_MESSAGES/nvda.po	49e8f93ff33b754b14a5b77d4aae27e02c57e24a	c089a6a9b72a42c18cd42858c99ab34936d85672
2026.2 beta2	modified	source/locale/sk/LC_MESSAGES/nvda.po	d5ab4a62baaed9342c8965428c671256a5cfa6e2	ad46488d3a66268011425e433abb47940e4686e1
2026.2 beta2	modified	source/locale/sl/LC_MESSAGES/nvda.po	2743715f5f781eca9feb26d37fcfcdb7cface36b	b1634c58718f24884f2866fd8cfc7211402b08c9
2026.2 beta2	modified	source/locale/so/LC_MESSAGES/nvda.po	5ae6ff91ef076a5c9ec3bac6b3baa3b66e48962e	e3d3f82f3257b1867ea7ea58e73c1dbf27d238fd
2026.2 beta2	modified	source/locale/sq/LC_MESSAGES/NVDA.po	b76e3c2f7e481718d93cf6b31c40ca18014c7cea	bf57636ec72d679947b9d0144f4da048d4cb9542
2026.2 beta2	modified	source/locale/sr/LC_MESSAGES/nvda.po	2c3991913c7f471c7de945634acbf60c02928410	362f68dd4528f9e23acb85667001f593c49737ba
2026.2 beta2	only-evolution	source/locale/sr/gestures.ini	175905adaf8eafb1bd9a1bc3b9d338fd5d836016	-
2026.2 beta2	modified	source/locale/sv/LC_MESSAGES/nvda.po	a9541d84d813e86e738eefbe261994348fb71ca3	d88e0da8e3614c1e043a3277a54f6b7d282b890d
2026.2 beta2	only-evolution	source/locale/sv/gestures.ini	58da6cfa42722a02d27d1d1395c8f0243a21d746	-
2026.2 beta2	modified	source/locale/ta/LC_MESSAGES/nvda.po	55eea6cf17576d77b9f9a5ab6f07a73b75e3d0f3	a7eafb0b293e7d27926f85d9973ba38519e141aa
2026.2 beta2	modified	source/locale/th/LC_MESSAGES/nvda.po	6401344a500a5521fdc7a9d5c901cc51cc56ff13	cc1da1d2ef744355e4ea7d18a202b1d780f900d8
2026.2 beta2	modified	source/locale/tr/LC_MESSAGES/nvda.po	8fcabce202e6920fc6d651f22f96100037683b1e	ebd40757fb8b7f846bf2829d2cf5d7578c03570f
2026.2 beta2	modified	source/locale/tr/gestures.ini	9376c41ae639be66a669ac9713b10124f1f7619f	cd459333a92ed1434e894841ccf0109211c4ffc5
2026.2 beta2	modified	source/locale/uk/LC_MESSAGES/nvda.po	905ffc501c9592ed6fe24f2724af4f785303547b	2a8e697114872dcebeb6a5b57dd88fc44649c3de
2026.2 beta2	only-evolution	source/locale/uk/gestures.ini	fc43313db9e3ed7de1afc5a3da7de98e43ab0695	-
2026.2 beta2	modified	source/locale/ur/LC_MESSAGES/nvda.po	e3c42a797322017cb47283534540a273c4e50733	1bb3f778163dab0c2071814b7b9eb78877caa9b6
2026.2 beta2	modified	source/locale/vi/LC_MESSAGES/nvda.po	6e6f287e2256bdfe4b3f8bf4ac409c16a4d1d0f8	4285a2b1075ae461a5a2d0947e8fb2f656def1e4
2026.2 beta2	modified	source/locale/zh_CN/LC_MESSAGES/nvda.po	2535075050ebfdccc88db6b51c787b37d5308b00	5111c60325bbf337b3882d81683c54cffe897de9
2026.2 beta2	modified	source/locale/zh_HK/LC_MESSAGES/nvda.po	e6ebae4031c726b6ae9cc9d0831620203858e764	cd8289c47dd35755c001f0e24e390cd7a23975b6
2026.2 beta2	modified	source/locale/zh_TW/LC_MESSAGES/nvda.po	0704db61d48d3078cf3761e3af8163569ae713f7	544bcf50b7f7c2e58a94db7d59805e0d8c172278
2026.2 beta2	modified	source/locale/zh_TW/characterDescriptions.dic	62462901dffe4cccff01ef5362b20614a9d169da	83236c38489095bac4945336b7cf992711ecea39
2026.2 beta2	modified	source/locale/zh_TW/symbols.dic	6371a77aacd6ba29a996a397b7cc8f8980649e6a	aec10e8c88da50cbf18bfc8f1e856de78de7e546
2026.2 beta2	modified	source/locationHelper.py	9fe381e55ccbecda86f8599eb485fbe68cffa391	2beef1ef1ef0e03943fee8bea7cb6f77ecfcc355
2026.2 beta2	modified	source/mathPres/MathCAT/MathCAT.py	a6c97306e21f40f6b1e1d8c5ac048a7e0b3487d4	06d37640182aec384a0b6727db4bd32e6bddc0dd
2026.2 beta2	modified	source/mathPres/MathCAT/preferences.py	8d9f86ed026003494ea10226e5f6d2ddb6a9fe05	612b2cce9a1cf65417c7a54e21530f0d0882c6de
2026.2 beta2	modified	source/remotePythonConsole.py	6c66ed564212238aea9af920b111f45444fdb63c	719e812ba8ae0d5d834b2290707b17a4b6e31b87
2026.2 beta2	modified	source/speechDictHandler/definitions.py	ed3bdd836c911fc7001e38063a241538909f9bad	31c5dfe4413497a041f198d3063a4e8bac81438f
2026.2 beta2	modified	source/speechDictHandler/types.py	7d7ff3aa4fc0e9ee23546b1436a969f4784bc7f4	982f36833935fe3c34b2cf70968a15f5da306daa
2026.2 beta2	modified	source/touchHandler.py	7fa75113afb058cf4f0e167e1a9c25f9766bf148	b0b177a3410d481410c68018fba4711943b13c56
2026.2 beta2	modified	source/utils/security.py	90feedb092859b7decb2fd126c07ab1f512b4c82	b0c9acf1f8fc478a1101369336b4584346d7a389
2026.2 beta2	modified	source/virtualBuffers/__init__.py	eaa5abf9edbd1e920ad67d3dc1c71815ac67041e	4755725502779d97a1cc006a96e3ced2df5a219d
2026.2 beta2	modified	source/winBindings/advapi32.py	7b156e1072dad78e69902e31ddc4daaa6525dfac	69f69764284823409b14f37208f5f3f03e93fb21
2026.2 beta2	modified	source/winBindings/magnification.py	29b33845ca41f9e30edb459865bb298b89e99cca	95f1200a0231dd79ff279ceaa301529995fed939
2026.2 beta2	modified	source/winBindings/user32.py	ea4a9773e93193525c96331d1b6c86b9611ee1b2	9a9fda2c721a024ba983274a9158882d5754ce89
2026.2 beta2	modified	source/winUser.py	af1bb8f9f0fad8457a0eafe934475e2a681c8220	38479d3604b3023522a76abfda4bf1ac42a1edc7
2026.2 beta2	modified	source/windowUtils.py	abbd37b230d3cdb8d8cbb97ee0a8a036c98efc91	59f5cd5ef1802eb6291ae485d8eedb3df5281909
2026.2 beta2	modified	tests/system/libraries/ChromeLib.py	a8ffe8d66ec8934ae8c0c9abc63c1132ed98e5b7	fc52c59223d4b61ee1fef40b2fb5e2ad4d0c79a3
2026.2 beta2	modified	tests/system/libraries/NotepadLib.py	b79dd0e30bc731837012ec400a5e37682a0d7072	6808865e506d3fa316ea1772557dfc150ee8a14e
2026.2 beta2	modified	tests/system/libraries/NvdaLib.py	c86aa2bfb7d62eb1fcd397b72b281e43bffe09ed	7bae843c760b3c0c36bb168db4a293259f2ea7b1
2026.2 beta2	only-evolution	tests/unit/test_NVDAObjects_UIA.py	4422b4fbc1bb95704e4daba8a866717cfbfd5560	-
2026.2 beta2	only-evolution	tests/unit/test_UIAHandler.py	2a8139ec5ffbaaaa5901d7c70dab1008471d66d5	-
2026.2 beta2	only-evolution	tests/unit/test_addonHandler/test_addonImports.py	94da9840c13e56273ae21a4d190967b6e53150a5	-
2026.2 beta2	modified	tests/unit/test_addonVersionCheck.py	cb7dd7cbcbcd13a929237b6ef0d74bac5dc25336	862e7d3731ba62d848bf13ba5de72b7587da1fb4
2026.2 beta2	only-evolution	tests/unit/test_braille/test_secureDesktop.py	76853a0c22d362d94c205012b706243c35128d3f	-
2026.2 beta2	modified	tests/unit/test_extensionPoints.py	9c13c9e90dbfe3d90e12d89caae99988eae2ce95	97842056ccb92c36041ebf6e1fb63868668793a0
2026.2 beta2	modified	tests/unit/test_hwIo.py	dc9fb19cfb76a3fca78aa912e27707be8c92c280	45b6714bed5fa9e91bbb46c361baf2c113c6770d
2026.2 beta2	modified	tests/unit/test_languageHandler.py	e503f702418be67702433be1574384bb705b6862	d4f0220871fb7e98462c43aa698d35a510188374
2026.2 beta2	modified	tests/unit/test_locationHelper.py	a08e8e8ac4c6dec3a01ba214b21efaf5693facd1	3f526c1c3fe064c5b085ae975f60ec1b7793ee70
2026.2 beta2	modified	tests/unit/test_magnifier/test_focusManager.py	d8d49b7e3b0084e6d3bcba0f32ddf78186b812aa	829abbb17f4dad7a8256def357e733340a4e01bb
2026.2 beta2	modified	tests/unit/test_magnifier/test_fullscreenMagnifier.py	b4833d5e3d4c526900bb7f4980b28c9a87cc0976	9f7f348aaa9e9b23ed297619b86653790857138e
2026.2 beta2	modified	tests/unit/test_magnifier/test_magnifier.py	70606ef4c16bbb86ac086d619b69e9c97f4c5e3f	7a26dd883c326dfa32bb96abae0a3faf57034146
2026.2 beta2	modified	tests/unit/test_magnifier/test_magnifierCommands.py	c1b5e2de56b821e84f060fa5f37ceaab039c8d2a	ab3681b238268f26ae3eb8d0d09427df524133d0
2026.2 beta2	only-evolution	tests/unit/test_magnifier/test_mouseHook.py	56f2c42daae5ed5309ba3b75d2d853d51258773f	-
2026.2 beta2	modified	tests/unit/test_messageDialog.py	a1fbf00737b8938e0682d39ed65d581763b5cfcc	f24492a788253f57320fa87692e1e14c0f3bb34c
2026.2 beta2	only-evolution	tests/unit/test_remotePythonConsole.py	5f311ea90ae2d1e4680067d80d43f6f10c74649e	-
2026.2 beta2	modified	tests/unit/test_util/test_security.py	94b86ad0beaecaa7a310805e3116e1db831244fb	7830b295ee4c8901568f5b306cd12ae4c3c1ec98
2026.2 beta2	only-evolution	tests/unit/test_winConsoleUIA.py	c2d53eaf32d33913dacb2f12608c03f161421748	-
2026.2 beta2	modified	user_docs/ar/changes.xliff	f1131f59d7f703378defad927057861d8daecfdd	f8efd3ab0f0cbc3d051000ae3e4ec191e05b9c18
2026.2 beta2	modified	user_docs/ar/userGuide.xliff	b2b405ab8b5f726372939320b2cd81c7480b5e78	f8e8ec1cb24870147566a2161121748eb84c0a5e
2026.2 beta2	modified	user_docs/bg/changes.xliff	2be6dc54fe672a447a799d821942af5eaa6eb850	0294a8b5c8c07c9a0ea16e2b10b4dcfe4a42d096
2026.2 beta2	modified	user_docs/bg/userGuide.xliff	432781cce068a8fcca95d740fc6e46b36ac08193	8ca28585358c0e0d32cefb34f0943e212cc47fad
2026.2 beta2	modified	user_docs/bs/changes.xliff	1295ea46b30acfd4623594b2d35bd695d36d165b	a21e3765af45847f745bfa3f2ca3b0917ddad599
2026.2 beta2	modified	user_docs/bs/userGuide.xliff	828e379088ef8a329f95ba2c7e6f6c8407223893	db7088c21cf0f88546a83b854b70bd5383379037
2026.2 beta2	modified	user_docs/ca/changes.xliff	cbc1665fb044b5c6b941a61a71ebbbaf8c195cb9	599f7dff59293b4df26fb40f2b52e251c8636479
2026.2 beta2	modified	user_docs/ca/userGuide.xliff	1cec817a286da7f557d527cd0c63737d905680b0	fb668cc07478b7981cc389e51c6f28decb881c69
2026.2 beta2	modified	user_docs/da/changes.xliff	b4ea8f1745cf0866ace2078a25a2cd762b372f4c	98e61a507623f4ad483443ace621f43793a2de89
2026.2 beta2	modified	user_docs/da/userGuide.xliff	7cefd02b3607f8530d50a5fa3f9277486a71627a	ef3f00d96fa8cb249b40995ed6dbd5e5d5996c65
2026.2 beta2	modified	user_docs/de/changes.xliff	90d27f1627d33beb38f5340c83a2f27a9da1c8aa	31e36a1568aa1f9353ea94d26863c22d4087165c
2026.2 beta2	modified	user_docs/de/userGuide.xliff	de3cc8d0b754cd8bd894d9a8892a3cdcb9f65053	b1071ed91a64c7e00937a3b53c8b791522827f72
2026.2 beta2	modified	user_docs/en/changes.md	c05d7ce042473b77d40799238c77e6504d583c80	fb5d793dab455b29d90e7b857753056d7949ba33
2026.2 beta2	modified	user_docs/en/changes.xliff	e1adfeadea98d9443c0005ccc1470d674fae589a	c641efedbbb94b09daf0a32a4cbf572767f0b7c8
2026.2 beta2	modified	user_docs/en/userGuide.md	d6b75f586bdc7008b0caaf2b6ba3f56c4c5d1e69	6c08e42b4924f5ad69a299aaec16f412e482974b
2026.2 beta2	modified	user_docs/en/userGuide.xliff	b255cd5dee12c6c512ddc88f7fb3ee66cad94903	527c2fb53daac74a393cb3d0aa9efd0f772b04bb
2026.2 beta2	modified	user_docs/es/changes.xliff	738204d1bde44baddc5fa75f3e861276c7b8a90f	63d4ec7abf16e4f7dd4cdee00bfe332ca12b0e48
2026.2 beta2	modified	user_docs/es/userGuide.xliff	7f89984b8687937716ae91ae9449fec0ee5449cf	86ba41f1130756002a3bc4158f46c996aaf28c06
2026.2 beta2	modified	user_docs/fa/changes.xliff	f5e5b6445129193df6b7ab03685fa9e968c613b1	ed1e7cd86840b4645139f751481431d471a1f016
2026.2 beta2	modified	user_docs/fa/userGuide.xliff	68f1f87e86d58de0c604bf051eb569d58ff56fe4	932cb676f33abc385d999e38a98c57f891a603d2
2026.2 beta2	modified	user_docs/fi/changes.xliff	dc0d539e2352cac131d4c0296544b833af46e350	078f9d1d74a9fd3cba5ac7803e4f706b73b79466
2026.2 beta2	modified	user_docs/fi/userGuide.xliff	02d7450d6513b90993bb1fcff4f4a9f55828187b	240beb82b2dff67efe8aad27a0d44f9f62407630
2026.2 beta2	modified	user_docs/fr/changes.xliff	636c59c81812f0cca72b1d3831c7c5560e4ae377	37b53c7689d7a526666fb738ee6e597ee17c3403
2026.2 beta2	modified	user_docs/fr/userGuide.xliff	b385aaefa1f3ae6fc3d824053d668ecb9b4c702c	ef51e2391b4480068396128f2d513b818c7e2456
2026.2 beta2	modified	user_docs/gl/changes.xliff	dc5e0dd5a7e603ccb137cda9aa8c44b3c3d985a9	f7df73a6b54f6e965a1d60d805ef1be370b8818f
2026.2 beta2	modified	user_docs/gl/userGuide.xliff	0da2682325152bc890cabdcfc00cb3a0c3721836	dd08a0a4e2d86042b4c92ca236c173eda9bc64cc
2026.2 beta2	modified	user_docs/hi/changes.xliff	1f0e71819b1498a1c519576f4a7841638cfb41ff	070b06716a29dd16090473ddf57dc0a47ca8705c
2026.2 beta2	modified	user_docs/hi/userGuide.xliff	796c857e08a6b8fba1e9f1b854a97c936826a60f	7e5021d30f24e2eeb15d68e73ee64e394d797eb4
2026.2 beta2	modified	user_docs/hr/changes.xliff	877def4591c687b1b97d90393d67fed8a16059da	cc6bf7caa92ca61f89a9f4e63f6ee1b3fd3e6b66
2026.2 beta2	modified	user_docs/hr/userGuide.xliff	cc0641c26f6599b65a59d9be8d0216dd838f48a6	00412dfed6052432d5c45cb7ab6d5e2bc724c22a
2026.2 beta2	only-official	user_docs/hu/changes.md	-	64107b5b3b36f9aaff22fa76bbd1016aa3d37344
2026.2 beta2	only-evolution	user_docs/hu/changes.xliff	54288b375ef0c8de6945f3086f54900e931a76c5	-
2026.2 beta2	modified	user_docs/it/changes.xliff	94047b6773c84f9108fc1dbb48be7b4481710476	f40618fc9ba68c6480329d10096ddf5dbdfd8c9d
2026.2 beta2	modified	user_docs/it/userGuide.xliff	1abfe22ecf076d7bad272752b1ea4a7a4916ee1f	34b1307ed01979a42d423b458e295af5e3dc77b0
2026.2 beta2	modified	user_docs/ja/changes.xliff	c6847f6770c2b5b5812a4a8c2685fd6fbd34fb07	6972d8bce5b68e7cc68e7f46372ceb7a2c122119
2026.2 beta2	modified	user_docs/ja/userGuide.xliff	0a64412ae70ddbdd325dd634cbd8eefd407f9966	09a1454272fcdec501f43dffbe92ec8bc9da19d5
2026.2 beta2	modified	user_docs/km/changes.xliff	c24f737d2c1d531ee2afd16419693dee7ac10b1f	d2beeee744400c70630398c920d0b4a2796497a8
2026.2 beta2	modified	user_docs/km/userGuide.xliff	01134536c1f0457bbdd70b8aa18eed142943f49a	b8c6e879168f3753a9b455030dd2614349677537
2026.2 beta2	modified	user_docs/ko/changes.xliff	9d8962c944dc38a0b5647675b3900d919a79dd20	e413fe88ef6c34db13b5351a5264b9dc9fdf9b92
2026.2 beta2	modified	user_docs/ko/userGuide.xliff	ef76965caf9e4905ff10641e7ed83730b15bfbd2	85ba8d4c49bcafe71af7e90da7af8d3d8d54178a
2026.2 beta2	modified	user_docs/nl/changes.xliff	e96348cbff353017660ba3a703015bb6cce69d35	17e0a199809bb76deb48871d5ebc88960057b947
2026.2 beta2	modified	user_docs/nl/userGuide.xliff	62186700ec4b695dfedd2810e753390aa615866d	c338c0c8ab36c68cef98ebc6d254445374e2c204
2026.2 beta2	modified	user_docs/pl/changes.xliff	1502a051a0739314c416cea89faf865457d3eaf2	8f886d283308671df3be3fdf1b3105186513a348
2026.2 beta2	modified	user_docs/pl/userGuide.xliff	f93311498ce6773ddff0877cd4d092f5bd4e0757	f882ee91d64d837be8a7a055e41af2e7a544e304
2026.2 beta2	modified	user_docs/pt_BR/changes.xliff	aa3ac62e0b801870451947c652bb0dd304b71826	152592b7d9c8cc14633143f7f1d7dfc28a9525d2
2026.2 beta2	modified	user_docs/pt_BR/userGuide.xliff	4b5c55606eebd869efaeb028e137626909b747af	60b7d2d8fc7bb580adb8d97fb158a30b8daabcc3
2026.2 beta2	modified	user_docs/pt_PT/changes.xliff	1d46dbc438983848ff7a53249c20f108b547f0d1	09fae4dc20f3f56151fead3d26ab444b63eae448
2026.2 beta2	modified	user_docs/pt_PT/userGuide.xliff	0087696a62add211a2561f0ab587886763cf9974	835c2880b5919b92e76f771c898dbfbb24689c2d
2026.2 beta2	modified	user_docs/ru/changes.xliff	96677b30ad521f15f6ecf3a6bd50d8434b007703	2a2366d2308cb56d8c0038a5064b80f686d2e4b7
2026.2 beta2	modified	user_docs/ru/userGuide.xliff	4366234d36426ae206a80606a10b7216a0854ab5	a1e5e983b75a7f217fe71d51bbb242f0884a3b3d
2026.2 beta2	modified	user_docs/sk/changes.xliff	0aa9fe1b33ad21691451cbee5f0a1c18c1ab947d	d8d9c320a815358c7555870a29a1d22a6c514118
2026.2 beta2	modified	user_docs/sk/userGuide.xliff	dab8c533b0f8743287f00b9363dd81a5882880c1	f4839bae72156b689f984d49b2779808e9a0bbbe
2026.2 beta2	modified	user_docs/sr/changes.xliff	88fc6a4c1d0f7d8e02179cc9096a9cd1cd61fc1d	7a0864e483d74f7fce4b448787538db83015cea6
2026.2 beta2	modified	user_docs/sr/userGuide.xliff	efc9592db2c0b9861d4f6de8b96a7ebbe81f874e	d3726a8411779e5a475f8d8111daf7c8c24e09c1
2026.2 beta2	modified	user_docs/ta/userGuide.xliff	87ea1401d6c23b5eb393a9f8e90038ffd8c69848	8e04d272f7dce85d937a02091e5d8a85f6580667
2026.2 beta2	modified	user_docs/tr/changes.xliff	c86c9ba86208a7a40e1fdb08b3a7410fd120310f	2c6a6affc4b9cafd61d6cebce33d522300ae1277
2026.2 beta2	modified	user_docs/tr/userGuide.xliff	6f3ceb1b92a46ae364ddae86f19fef7992c776d9	266172cc1ccad34401dc92052b18e3ee237cece8
2026.2 beta2	modified	user_docs/uk/changes.xliff	05cb87ef90307220b3d074d0a790ef2fc40d5bee	fc54a74fbe14820ad81a5a12498efb63587184ad
2026.2 beta2	modified	user_docs/uk/userGuide.xliff	0b83fad95f0e1f1454f2e7a64988f4c6cffd4103	9bc28c60b7a3971b11e46e4164076aa11b32473c
2026.2 beta2	modified	user_docs/vi/changes.xliff	7659e40ae6c6fb220e2db9f11d50f0b31094369d	3a44211b78c50367027b4cd2f0f01c47c066a648
2026.2 beta2	modified	user_docs/vi/userGuide.xliff	c8f8ddd84d192502801cb45da0f5bdfa50da3849	be1447ebe6caf7b9a4a67712c37fc5215b6f2aae
2026.2 beta2	modified	user_docs/zh_CN/changes.xliff	dd4812a903d9e1d5e4d628d331f26ef065ec6a95	9a1aceddc7fea32fd054adedd472aeb46246a45a
2026.2 beta2	modified	user_docs/zh_CN/userGuide.xliff	63a0701212775d250f913c41d5e3c628dae01068	baeb1ef5a87acb5fb8ffebc439cb114a1030e201
2026.2 beta2	modified	user_docs/zh_TW/changes.xliff	4556b0bc35ce1525f829c06502504e01975e20b2	ab1245a0c3562d0dd9777bfe47ad29ce5cb1326b
2026.2 beta2	modified	user_docs/zh_TW/userGuide.xliff	4da6a28e0e5b34de7ecbf039e5fda4afcee9cba3	678aaefc554980b70e85524efe2f212c143657ec
2026.2 beta2	modified	uv.lock	9210c958818df868206b7c5329d37fcaf734bacd	42151a8e9c2014e7401989215dba65bd4b39a470
2026.2 beta3	modified	.github/workflows/add-new-language.yml	a22ea4814966fb31617bfdd108edaf39400c0bd9	9133d9c222561f3ff30350a114b84c0a124f7d7f
2026.2 beta3	modified	.github/workflows/clearCaches.yml	039c28961eb0b36441547ca67aed3de2d26aedfd	a391d793cd868a02b87ba730ac8afeae9dd39433
2026.2 beta3	modified	.github/workflows/fetch-crowdin-translations.yml	13a3d8e48ab5b54deebc2c298e66f5dfc098dd2a	43806c73c99fcf2a7b65e0aeba414a66a92d4fb3
2026.2 beta3	modified	.github/workflows/monitor-localisation-file-changes.yml	7584668c57cf30b131d3e3fe84139e18d68bd394	254c2527338f48a3ff0c6362c12fca1ccdd3cae2
2026.2 beta3	modified	.github/workflows/testAndPublish.yml	05ff1807cfc292da383908c643c7810d9c83bd47	7bfd47a9fb31b58b9cb4aab09865c92e4dd64bb9
2026.2 beta3	modified	.pre-commit-config.yaml	fdfe0118fb26a92fa7efb85688b1d0b227a4a3e7	19a482f33ea765fc214ae93348a40b6644f4f098
2026.2 beta3	modified	.python-versions	05c2197512e8084559661bdda4b0426de8f9e0b0	c799318b8e175472df83757d8e95702f365a780a
2026.2 beta3	modified	ci/README.md	09f6b2e873bbe63862faa1b37044fb24e99cea72	a10b3ee896a4e7b99010563d895452285ac70df3
2026.2 beta3	modified	ci/scripts/checkAndCommitTranslations.ps1	141324a1aa77a65bdac08ad21c6398362c9747ae	972b1d131d89338bb7be7c8a05520cc0bf6de057
2026.2 beta3	modified	ci/scripts/setBuildVersionVars.ps1	c6452b84902b14d0347cccfafd7588349085f13d	f4e3fead863b8380fd0e6bb73848ef42878805ef
2026.2 beta3	modified	ensureuv.ps1	83be5c94d6ba80e4cad8a15bb40c303c7d31ca52	57c492f1c6de9b08bc09493e3f0bc3344d75cab2
2026.2 beta3	modified	include/liblouis	2e775aca674cd2910e272eed7736acceb4c2e4a2	2aa5f84b14de17bcfe8317862d11f6bd7d640e55
2026.2 beta3	modified	nvdaHelper/liblouis/sconscript	0f882ffc956fe3602e88520c9623010016a8e4e9	c98d4900e66f7c319816777bd6061a81dab6db65
2026.2 beta3	modified	projectDocs/dev/createDevEnvironment.md	419f226fd3b6ebf332146fed850209804793645f	0535a329c11adb148a4ada832fd8ca7adc55cb5a
2026.2 beta3	modified	projectDocs/dev/developerGuide/developerGuide.md	f6c5f96c98de86ca36c21bf3b33d45ded4fc7316	5024f63cfc51b120f60ea6c8db2f1bd3e5e0acd4
2026.2 beta3	only-evolution	projectDocs/dev/futureRcValidation.md	96f4b06ddcc925049e3fa9dae07565de936349a9	-
2026.2 beta3	modified	pyproject.toml	fb590a6a8b8ad109a7981ca3becdede019036ba1	ee2a0f39bfb2255fb7aa8ced64d291b15f357cbd
2026.2 beta3	modified	runtime-builders/synthDriverHost32/.python-version	1f155dedb475f21cdeb94e30fd2db8ec550d96a6	fe6f212a49359f24bd0799d377528f38f3bcab23
2026.2 beta3	modified	runtime-builders/synthDriverHost32/setup-runtime.py	2cee396cf30d90e81b64ae213e206d9b7d05929f	d74991bc57ec2d7ec912817dc190a8d08cc8a735
2026.2 beta3	modified	source/NVDAObjects/IAccessible/__init__.py	c7abfaf97861cd108b866dc507f79b150f5ec464	5e6e77d4ff7d74c93196b749007b78c86157cd76
2026.2 beta3	modified	source/NVDAObjects/UIA/__init__.py	6017dba29983278f75e11f253be99426ce24906b	dc46de15c96fbdaf0b175dc95f449a7c6caec6e5
2026.2 beta3	modified	source/NVDAObjects/UIA/winConsoleUIA.py	10c19afd2b7e78c1d615910a7b2215fdddefb4e4	dd4aec30cf2ddf4dac7dc974095ff02239088812
2026.2 beta3	modified	source/NVDAObjects/UIA/wordDocument.py	915265f45a8516cc908fd2e969949ea6ae250b4f	1379f82dd981e45e3afc747926ad92ed6dd1bfda
2026.2 beta3	modified	source/UIAHandler/__init__.py	38b8d593d4ef39de4dd24e3cd20f42c07cd7fd7c	b11e5f0bb910e7a241d992633d4558c490001a6f
2026.2 beta3	modified	source/UIAHandler/remote.py	e311bb63296f17fc4c74e19f9f3095ab8e283ff4	13d4cde7a39cdede58664fa0b9bd0576e1f95e96
2026.2 beta3	modified	source/_bridge/components/services/synthDriver.py	54f4d2dd8853ba9415f2e27eb451c1544e62f6df	71507edd9dceb094faa8e8b11ab25d39a1989c2b
2026.2 beta3	modified	source/_magnifier/__init__.py	0a4f806d4131ad37ab326d6b9a94b1a6faff7601	0b296a4883b062367ac7997a04e4f79621fa6365
2026.2 beta3	modified	source/_magnifier/commands.py	b83ee2beaa9a6669a4f77801958ae2f96bf8b242	11bb29ea7ab6165a3d2fe5542b20dfa48301d881
2026.2 beta3	modified	source/_magnifier/config.py	b62c878c137ed04711267e83a3caab79fc6d7672	51f2c8a4d9db0d378c06adaf1bb689dcf1da9b6c
2026.2 beta3	modified	source/_magnifier/fullscreenMagnifier.py	95b34a6241c7bcf269dbdfd02502d319e15bf4cd	95aff7a3b9cc2ba4d51c7af026be458313adf902
2026.2 beta3	modified	source/_magnifier/magnifier.py	0d3710b090760c139435078ecd9ffa15348ab6cb	e221bb90573bcbe4dad972810007a986cf5ab9a9
2026.2 beta3	modified	source/_magnifier/utils/errorHandling.py	2b2f37b4d780e11a92b66d8e591dfdb0623b7247	66ceb0116faa657ae613495b5f5ab3111c7a5a8c
2026.2 beta3	modified	source/_magnifier/utils/focusManager.py	5473efd1ba29c82374b3aaf929f7e7653f5f6a93	64fd731d05f3347d8d871c02d87c19c3021f2e75
2026.2 beta3	only-evolution	source/_magnifier/utils/mouseHook.py	2a73dc2ec634d8958bc777907ba196af2b65bc70	-
2026.2 beta3	modified	source/_magnifier/utils/spotlightManager.py	f7ff0c61b37933aae4163d685451f0ba6738465f	ff641a979c891228e1f95a3bfd3130e3d3ede8be
2026.2 beta3	modified	source/_magnifier/utils/types.py	e9bbe7e7c0140b3bbe3a74db9e9056fe81b50dd6	791b97435c12aa64fb568f33bbd6809602ab8a23
2026.2 beta3	modified	source/addonAPIVersion.py	0657b0194026f83e721cf4380b761714ee8a9709	b300dc889c8e873534539e59757ea97d4c622b66
2026.2 beta3	modified	source/addonHandler/__init__.py	b241973917c0cd72e9a8bd496eb152af17c41969	87cdcc7f7c957c3d98706c4b1c25e9a9dbb1feca
2026.2 beta3	modified	source/braille.py	5ccdface171624e98e1a0950876f23fa6f556172	6e1d36be2082a6dc99ecc27b07fe2c10cbb0ea5e
2026.2 beta3	modified	source/brailleTables/__tables.py	84d50f742a7ed7055ee77ec7f531a1d753c2c5ee	2f93a9715b777d2786128e46c015cc8622f7df84
2026.2 beta3	modified	source/buildVersion.py	e0e9af5909cb96bd5bba2bdd6d615ac2af52f1ee	509fa403128bd6d105c508bf11e15184e51768b6
2026.2 beta3	modified	source/config/configSpec.py	1c058c3335c26ba79a9f7bc784942d4fa0c80217	e65a1679661b4d5c9f72529aabb9c47629946b5a
2026.2 beta3	modified	source/config/profileUpgradeSteps.py	cade8ddc09005450e203e10343673df0e535d1b5	b822b54c649655d23661ef98f76598b5b55af5fd
2026.2 beta3	modified	source/core.py	f1ad8084a6f8d71a951a8acb7cc84ed5c8d33344	7ea22bef3825a826a23049b89842d79a17879565
2026.2 beta3	modified	source/extensionPoints/__init__.py	54908b611de27e5618d917eb9b80c280151a1195	873847835057931c1ac1e4bf0a84a87b39ed96f8
2026.2 beta3	modified	source/extensionPoints/util.py	5b6f9b3b20160a63725dfb96a2d54080c8ecf8fc	c09226d8b43be4d58aff54a480fec6ba940519c5
2026.2 beta3	modified	source/globalCommands.py	b72aed630417d944c461eb1b6619c16126b86647	41c601e5ef637b58146a284f624189e2fc5263fc
2026.2 beta3	modified	source/gui/installerGui.py	16154d530e4347060489c682aaafdca951a26626	0c69f252756f849236816cfa20c07e3df3d7909a
2026.2 beta3	modified	source/gui/message.py	6f12aeb7105ce2dc2bbaf9bbdf8e6588624d1425	3c3e58470dc7ed479e2f491b660031fad6c2ad03
2026.2 beta3	modified	source/gui/settingsDialogs.py	7bd0939d3b44e3e5683d1dad968f08968606a17f	8a8e01e0e2004f6838a8f27253809349b09df054
2026.2 beta3	modified	source/gui/speechDict.py	5a46cf7d4b8ef520c8d712e3d2179d9ba5f0b432	56b8ed9d781245914e8e088bd4ae5f3a428f167c
2026.2 beta3	modified	source/hwIo/base.py	d95005969a95c09f015d29451bf1e8c214eebf00	0a34b27e42f4632fd5412c299c0cc01001b12f39
2026.2 beta3	modified	source/languageHandler.py	54de6ddb79dc36b64da7910a757911b111e77682	656028ebe62fc08111e729b20e09d6e4aeefe4df
2026.2 beta3	modified	source/locale/af_ZA/LC_MESSAGES/nvda.po	af7f998003367de04aeffc195ca5efe86613e4e3	4e1237aa044a286c3ac1f5cc15184791cb2a3d17
2026.2 beta3	modified	source/locale/am/LC_MESSAGES/nvda.po	ead2db7b17719d5e011d0b48312aa402aa0b60a5	4c745420b25870ded72c076c8bbbaeda19ad380f
2026.2 beta3	modified	source/locale/an/LC_MESSAGES/nvda.po	13a938bda9965f18804f709aa47d54bf854e1eb6	1ab33f9b390517296e57b865163ace40e5a3f8cf
2026.2 beta3	modified	source/locale/ar/LC_MESSAGES/nvda.po	7d8ebfce7c618c373ca385fabbcf55cb81daf818	3a7a9895abf056159d11072db9a28fecd0b63bb8
2026.2 beta3	modified	source/locale/bg/LC_MESSAGES/nvda.po	9011d1de155343d73d1dae278a55376df274f7b7	a2c0a3cc3c4382b54a168371478e5e703ea81300
2026.2 beta3	modified	source/locale/bs/LC_MESSAGES/nvda.po	d7d20d6f6b70a5e883b60167177855306220fe99	d77a953e1d01f4e9d637533f9bd70491db592e76
2026.2 beta3	only-evolution	source/locale/bs/gestures.ini	175905adaf8eafb1bd9a1bc3b9d338fd5d836016	-
2026.2 beta3	modified	source/locale/ca/LC_MESSAGES/nvda.po	3d0fa70b2e79f2fd1389f6b3c322cc639da239e6	f9cadc905b3b5025fac6764eda4adf67192801ad
2026.2 beta3	modified	source/locale/ca/gestures.ini	d90f196b8e711fa05b211e2bafbc47c80ca83ab0	c7e3e7b5376cad4c4080e814dba9563f37c06a26
2026.2 beta3	modified	source/locale/ckb/LC_MESSAGES/nvda.po	4262c351cd44a5db5a1ce88ef50a5d130b70799f	5ce814da8d6dca490f51345a5cc2d4ad07095b25
2026.2 beta3	modified	source/locale/cs/LC_MESSAGES/nvda.po	1bcdb8ff8e44863f964b643af06ed0db1850438a	a6f2afc0a40de6856f9e635ee9d7345ff137a013
2026.2 beta3	modified	source/locale/da/LC_MESSAGES/nvda.po	ebbee18e0977139da7736475f135faf79beb77ce	28e9ac54a0cacd67c860a2b18e6efe66e282eb05
2026.2 beta3	modified	source/locale/da/gestures.ini	1eda26949552c6bd7836c1ec460212c7dd25f6b8	34b31c9b14915894317ee03ae9f430960869fa6e
2026.2 beta3	modified	source/locale/de/LC_MESSAGES/nvda.po	9eb0584281290295f87f415a066ba2395fef998c	15bbde2dffed085f2a26666789844f8309d76114
2026.2 beta3	modified	source/locale/de/gestures.ini	b0e893c28cf0335aed776d73d6e7c4a780d8e8de	a8b865e01602fb97b76e0052e0b889a75be8610b
2026.2 beta3	modified	source/locale/de_CH/LC_MESSAGES/nvda.po	103b90b377a74d62f6829f51ed068c4b5a5e1459	c97054ac9714708a52c0a3ca884b2cc4b3560157
2026.2 beta3	modified	source/locale/el/LC_MESSAGES/nvda.po	d42a2e1659cb2b8e0070b87e296c4ccf6e1c7082	d9a4bf6da5ba8ccb50f671ab99b833032dad8d98
2026.2 beta3	modified	source/locale/es/LC_MESSAGES/nvda.po	e4b3b76dece46689e1a1c4a31a775cf62445dbda	592b58831d1078c9b58b46925187b181b150c002
2026.2 beta3	modified	source/locale/es/gestures.ini	d90f196b8e711fa05b211e2bafbc47c80ca83ab0	c7e3e7b5376cad4c4080e814dba9563f37c06a26
2026.2 beta3	modified	source/locale/es_CO/LC_MESSAGES/nvda.po	9ef8b05cc7d8712c8ce2fdbaa5bef70c3486b1aa	e4ddbd17265859ecb76138abb00cf20e9901c987
2026.2 beta3	modified	source/locale/fa/LC_MESSAGES/nvda.po	dfafdb13c240f5c5c4c5a083c45e68cb769ba554	d0f0b494b1c894568937a8f841248cea5298d110
2026.2 beta3	modified	source/locale/fi/LC_MESSAGES/nvda.po	1c3d34669c15fdbf041d3de08796b4fca7a4d36b	427f573c5c5b959c22ac6329fa2823a5636c34f0
2026.2 beta3	modified	source/locale/fr/LC_MESSAGES/nvda.po	ac4ab93de46594e3a4746a3aac4aa4fdb9f04037	fdbc6978366c08752e083b31b77c902f1832909b
2026.2 beta3	modified	source/locale/gl/LC_MESSAGES/nvda.po	743e92cf4b20c51a9edbb01539190b10a47aae88	298f9d5c9b0ca7a75bbb4dde28cb503ef01e17fc
2026.2 beta3	modified	source/locale/gl/gestures.ini	29f34d1d3d7ecfb0865bf087c267f0d125f5f465	d1f08b014bcf7fc88be168f587a8a366276b09dc
2026.2 beta3	modified	source/locale/he/LC_MESSAGES/nvda.po	c73e0dafbb98b1086560df593b2d43b82a56b4ca	3aeb373f69d15b7884b66cb4cd59d706437a2b67
2026.2 beta3	modified	source/locale/hi/LC_MESSAGES/nvda.po	adc7c3ad8c5824638ed1123d575f72cf9d9dc8f5	f210daf179d8879579c5031aef9bb24264f9ab55
2026.2 beta3	modified	source/locale/hr/LC_MESSAGES/nvda.po	a52f495a9c779196a9974e13f9bf19375eeff2e2	ef08beace5d31ef8a099b87c3d011ca89524d5db
2026.2 beta3	only-evolution	source/locale/hr/gestures.ini	175905adaf8eafb1bd9a1bc3b9d338fd5d836016	-
2026.2 beta3	modified	source/locale/hu/LC_MESSAGES/nvda.po	8abfc8a0e3318d5b400a5ef79d6b3098c9e718dc	5dbf25a1ca68fe2c3b84853148d5f343c0d19af8
2026.2 beta3	modified	source/locale/id/LC_MESSAGES/nvda.po	7572c5fc639a324b2b941f09c319888c5490b80c	265b797da5dbef952f0da09229ea93b8df0ca34b
2026.2 beta3	modified	source/locale/is/LC_MESSAGES/nvda.po	e389c3707270ea2cded029b170902cc669a38a0c	2cc3676da421e4d3ed619927988f8bec0e60d6f1
2026.2 beta3	modified	source/locale/it/LC_MESSAGES/nvda.po	de34af16b727363a2cc974f33f066d7896f49d05	1c94aa8820c83733feccb20520a998092bade139
2026.2 beta3	modified	source/locale/ja/LC_MESSAGES/nvda.po	39e5b00fc563123a8556f1b8f1d1c0192417ea3b	399a847367f1c9a487012f26d22cc51c073add0b
2026.2 beta3	only-evolution	source/locale/ja/gestures.ini	da3e5be8a45439b1eee119ae548adc65fac30c5d	-
2026.2 beta3	modified	source/locale/ka/LC_MESSAGES/nvda.po	3678bcbd992310498939ce4bdb7696b20edb6b2d	b0b4a88e9fc1fdc399277460db2338b19d76563f
2026.2 beta3	modified	source/locale/km/LC_MESSAGES/nvda.po	2c7f1d4df9d73685955e37bb62504715010c67ba	cf4a1c9c4ad45901eaa8d5604a2d14ed211a3f84
2026.2 beta3	modified	source/locale/kmr/LC_MESSAGES/nvda.po	6f76c7694589dd22233a3e7a9a5dea7badf84833	7704e9fa9875aa1b62a9bae11bf8d6d7de94eb20
2026.2 beta3	modified	source/locale/kn/LC_MESSAGES/nvda.po	b46fae59db8f98cb4ff6b6e9188f260bcf42bab3	561acaff4199d7d0a43a35edc3647884f219f685
2026.2 beta3	modified	source/locale/ko/LC_MESSAGES/nvda.po	338f4d067186ba13fd70ce3c0277eee7e18a7e98	cd1371d9547ec9db8c373d8b0460c12201a33c74
2026.2 beta3	modified	source/locale/ky/LC_MESSAGES/nvda.po	8a5a78da1bd39d567ba05892382ec91f639dd73f	2b240fbc3f6ee1c24ef6c10b21cb72601cd90a53
2026.2 beta3	modified	source/locale/lt/LC_MESSAGES/nvda.po	fb75113de810357292645ad62d60e46b03e405ce	8c9c2ddc7f55e9e3e094e059b039c7d043993c8e
2026.2 beta3	modified	source/locale/mk/LC_MESSAGES/nvda.po	21dcf2b100334e13d060c63cab420be324cb9b66	313935eb893e777804c9ef846808ecc5bf64b82f
2026.2 beta3	modified	source/locale/mn/LC_MESSAGES/nvda.po	8dab788c59592e0e8221e139d50683df2a03499f	f8f050bfcdf8545633e374aea84896f69e7a5923
2026.2 beta3	modified	source/locale/my/LC_MESSAGES/nvda.po	b50bd147f6680e57715c9de8f3366c94170b4b56	41680f15e29a9ecf2d7fa791980b057b0659f244
2026.2 beta3	modified	source/locale/ne/LC_MESSAGES/nvda.po	76729a2d508a1c793ebf26efbe3c4292e1a0ef16	90ba5945e488e44eada78c177c6b34d69a12c9f8
2026.2 beta3	modified	source/locale/nl/LC_MESSAGES/nvda.po	dba6dadb823eec8d22b8e29f438d9107039cdefa	b8ea64250cb72dd697995314c63b73d9b31325c3
2026.2 beta3	modified	source/locale/nn_NO/LC_MESSAGES/nvda.po	eed71905a19b46814a6fdedbf2f306f54e0d73bc	872ba1c42b6698c7674edb2001910db63d3a6048
2026.2 beta3	modified	source/locale/pa/LC_MESSAGES/nvda.po	7f85180e1da74786a121424d77ca37346e8c343b	3843f0f2782af2b489fa9c2c24494a301c9321a6
2026.2 beta3	modified	source/locale/pl/LC_MESSAGES/nvda.po	34658f642b17b78d64c08781aa4e87f58c6491b9	f43163db5ef0a3abdcb37e3f5043ea62f38f1e8e
2026.2 beta3	modified	source/locale/pt_BR/LC_MESSAGES/nvda.po	37bc0143bb7b8e8e8e982c4e4a0bc9a7d45b7371	e20faf66bd5fb4b1212ecb711da5f8654f2e581a
2026.2 beta3	modified	source/locale/pt_PT/LC_MESSAGES/nvda.po	913e2f11fd11bf4c2cbf3e221a52ec272973fdb4	4520c22cd743e99949019e624af41adf4db6f09a
2026.2 beta3	modified	source/locale/ro/LC_MESSAGES/nvda.po	6aeab8597db66ed228a79faf82ecf5d2b1b257cb	a491384508b1c36a6e51cf08d4b03f4966a8afde
2026.2 beta3	modified	source/locale/ru/LC_MESSAGES/nvda.po	49e8f93ff33b754b14a5b77d4aae27e02c57e24a	c089a6a9b72a42c18cd42858c99ab34936d85672
2026.2 beta3	modified	source/locale/sk/LC_MESSAGES/nvda.po	d5ab4a62baaed9342c8965428c671256a5cfa6e2	ad46488d3a66268011425e433abb47940e4686e1
2026.2 beta3	modified	source/locale/sl/LC_MESSAGES/nvda.po	2743715f5f781eca9feb26d37fcfcdb7cface36b	b1634c58718f24884f2866fd8cfc7211402b08c9
2026.2 beta3	modified	source/locale/so/LC_MESSAGES/nvda.po	5ae6ff91ef076a5c9ec3bac6b3baa3b66e48962e	e3d3f82f3257b1867ea7ea58e73c1dbf27d238fd
2026.2 beta3	modified	source/locale/sq/LC_MESSAGES/NVDA.po	b76e3c2f7e481718d93cf6b31c40ca18014c7cea	bf57636ec72d679947b9d0144f4da048d4cb9542
2026.2 beta3	modified	source/locale/sr/LC_MESSAGES/nvda.po	2c3991913c7f471c7de945634acbf60c02928410	362f68dd4528f9e23acb85667001f593c49737ba
2026.2 beta3	only-evolution	source/locale/sr/gestures.ini	175905adaf8eafb1bd9a1bc3b9d338fd5d836016	-
2026.2 beta3	modified	source/locale/sv/LC_MESSAGES/nvda.po	a9541d84d813e86e738eefbe261994348fb71ca3	d88e0da8e3614c1e043a3277a54f6b7d282b890d
2026.2 beta3	only-evolution	source/locale/sv/gestures.ini	58da6cfa42722a02d27d1d1395c8f0243a21d746	-
2026.2 beta3	modified	source/locale/ta/LC_MESSAGES/nvda.po	55eea6cf17576d77b9f9a5ab6f07a73b75e3d0f3	a7eafb0b293e7d27926f85d9973ba38519e141aa
2026.2 beta3	modified	source/locale/th/LC_MESSAGES/nvda.po	6401344a500a5521fdc7a9d5c901cc51cc56ff13	cc1da1d2ef744355e4ea7d18a202b1d780f900d8
2026.2 beta3	modified	source/locale/tr/LC_MESSAGES/nvda.po	8fcabce202e6920fc6d651f22f96100037683b1e	ebd40757fb8b7f846bf2829d2cf5d7578c03570f
2026.2 beta3	modified	source/locale/tr/gestures.ini	9376c41ae639be66a669ac9713b10124f1f7619f	cd459333a92ed1434e894841ccf0109211c4ffc5
2026.2 beta3	modified	source/locale/uk/LC_MESSAGES/nvda.po	905ffc501c9592ed6fe24f2724af4f785303547b	2a8e697114872dcebeb6a5b57dd88fc44649c3de
2026.2 beta3	only-evolution	source/locale/uk/gestures.ini	fc43313db9e3ed7de1afc5a3da7de98e43ab0695	-
2026.2 beta3	modified	source/locale/ur/LC_MESSAGES/nvda.po	e3c42a797322017cb47283534540a273c4e50733	1bb3f778163dab0c2071814b7b9eb78877caa9b6
2026.2 beta3	modified	source/locale/vi/LC_MESSAGES/nvda.po	6e6f287e2256bdfe4b3f8bf4ac409c16a4d1d0f8	4285a2b1075ae461a5a2d0947e8fb2f656def1e4
2026.2 beta3	modified	source/locale/zh_CN/LC_MESSAGES/nvda.po	2535075050ebfdccc88db6b51c787b37d5308b00	5111c60325bbf337b3882d81683c54cffe897de9
2026.2 beta3	modified	source/locale/zh_HK/LC_MESSAGES/nvda.po	e6ebae4031c726b6ae9cc9d0831620203858e764	cd8289c47dd35755c001f0e24e390cd7a23975b6
2026.2 beta3	modified	source/locale/zh_TW/LC_MESSAGES/nvda.po	0704db61d48d3078cf3761e3af8163569ae713f7	544bcf50b7f7c2e58a94db7d59805e0d8c172278
2026.2 beta3	modified	source/locale/zh_TW/characterDescriptions.dic	62462901dffe4cccff01ef5362b20614a9d169da	83236c38489095bac4945336b7cf992711ecea39
2026.2 beta3	modified	source/locale/zh_TW/symbols.dic	6371a77aacd6ba29a996a397b7cc8f8980649e6a	aec10e8c88da50cbf18bfc8f1e856de78de7e546
2026.2 beta3	modified	source/locationHelper.py	9fe381e55ccbecda86f8599eb485fbe68cffa391	2beef1ef1ef0e03943fee8bea7cb6f77ecfcc355
2026.2 beta3	modified	source/mathPres/MathCAT/MathCAT.py	a6c97306e21f40f6b1e1d8c5ac048a7e0b3487d4	06d37640182aec384a0b6727db4bd32e6bddc0dd
2026.2 beta3	modified	source/mathPres/MathCAT/preferences.py	8d9f86ed026003494ea10226e5f6d2ddb6a9fe05	612b2cce9a1cf65417c7a54e21530f0d0882c6de
2026.2 beta3	modified	source/remotePythonConsole.py	6c66ed564212238aea9af920b111f45444fdb63c	719e812ba8ae0d5d834b2290707b17a4b6e31b87
2026.2 beta3	modified	source/speechDictHandler/definitions.py	ed3bdd836c911fc7001e38063a241538909f9bad	31c5dfe4413497a041f198d3063a4e8bac81438f
2026.2 beta3	modified	source/speechDictHandler/types.py	7d7ff3aa4fc0e9ee23546b1436a969f4784bc7f4	982f36833935fe3c34b2cf70968a15f5da306daa
2026.2 beta3	modified	source/touchHandler.py	7fa75113afb058cf4f0e167e1a9c25f9766bf148	b0b177a3410d481410c68018fba4711943b13c56
2026.2 beta3	modified	source/utils/security.py	90feedb092859b7decb2fd126c07ab1f512b4c82	b0c9acf1f8fc478a1101369336b4584346d7a389
2026.2 beta3	modified	source/virtualBuffers/__init__.py	eaa5abf9edbd1e920ad67d3dc1c71815ac67041e	4755725502779d97a1cc006a96e3ced2df5a219d
2026.2 beta3	modified	source/winBindings/advapi32.py	7b156e1072dad78e69902e31ddc4daaa6525dfac	69f69764284823409b14f37208f5f3f03e93fb21
2026.2 beta3	modified	source/winBindings/magnification.py	29b33845ca41f9e30edb459865bb298b89e99cca	95f1200a0231dd79ff279ceaa301529995fed939
2026.2 beta3	modified	source/winBindings/user32.py	ea4a9773e93193525c96331d1b6c86b9611ee1b2	9a9fda2c721a024ba983274a9158882d5754ce89
2026.2 beta3	modified	source/winUser.py	af1bb8f9f0fad8457a0eafe934475e2a681c8220	38479d3604b3023522a76abfda4bf1ac42a1edc7
2026.2 beta3	modified	source/windowUtils.py	abbd37b230d3cdb8d8cbb97ee0a8a036c98efc91	59f5cd5ef1802eb6291ae485d8eedb3df5281909
2026.2 beta3	modified	tests/system/libraries/ChromeLib.py	a8ffe8d66ec8934ae8c0c9abc63c1132ed98e5b7	fc52c59223d4b61ee1fef40b2fb5e2ad4d0c79a3
2026.2 beta3	modified	tests/system/libraries/NotepadLib.py	b79dd0e30bc731837012ec400a5e37682a0d7072	6808865e506d3fa316ea1772557dfc150ee8a14e
2026.2 beta3	modified	tests/system/libraries/NvdaLib.py	c86aa2bfb7d62eb1fcd397b72b281e43bffe09ed	7bae843c760b3c0c36bb168db4a293259f2ea7b1
2026.2 beta3	only-evolution	tests/unit/test_NVDAObjects_UIA.py	4422b4fbc1bb95704e4daba8a866717cfbfd5560	-
2026.2 beta3	only-evolution	tests/unit/test_UIAHandler.py	2a8139ec5ffbaaaa5901d7c70dab1008471d66d5	-
2026.2 beta3	only-evolution	tests/unit/test_addonHandler/test_addonImports.py	94da9840c13e56273ae21a4d190967b6e53150a5	-
2026.2 beta3	modified	tests/unit/test_addonVersionCheck.py	cb7dd7cbcbcd13a929237b6ef0d74bac5dc25336	862e7d3731ba62d848bf13ba5de72b7587da1fb4
2026.2 beta3	only-evolution	tests/unit/test_braille/test_secureDesktop.py	76853a0c22d362d94c205012b706243c35128d3f	-
2026.2 beta3	modified	tests/unit/test_extensionPoints.py	9c13c9e90dbfe3d90e12d89caae99988eae2ce95	97842056ccb92c36041ebf6e1fb63868668793a0
2026.2 beta3	modified	tests/unit/test_hwIo.py	dc9fb19cfb76a3fca78aa912e27707be8c92c280	45b6714bed5fa9e91bbb46c361baf2c113c6770d
2026.2 beta3	modified	tests/unit/test_languageHandler.py	e503f702418be67702433be1574384bb705b6862	d4f0220871fb7e98462c43aa698d35a510188374
2026.2 beta3	modified	tests/unit/test_locationHelper.py	a08e8e8ac4c6dec3a01ba214b21efaf5693facd1	3f526c1c3fe064c5b085ae975f60ec1b7793ee70
2026.2 beta3	modified	tests/unit/test_magnifier/test_focusManager.py	d8d49b7e3b0084e6d3bcba0f32ddf78186b812aa	0ea9226b9d54678a564d6aa5051f13ae83067535
2026.2 beta3	modified	tests/unit/test_magnifier/test_fullscreenMagnifier.py	b4833d5e3d4c526900bb7f4980b28c9a87cc0976	9f7f348aaa9e9b23ed297619b86653790857138e
2026.2 beta3	modified	tests/unit/test_magnifier/test_magnifier.py	70606ef4c16bbb86ac086d619b69e9c97f4c5e3f	7a26dd883c326dfa32bb96abae0a3faf57034146
2026.2 beta3	modified	tests/unit/test_magnifier/test_magnifierCommands.py	c1b5e2de56b821e84f060fa5f37ceaab039c8d2a	ab3681b238268f26ae3eb8d0d09427df524133d0
2026.2 beta3	only-evolution	tests/unit/test_magnifier/test_mouseHook.py	56f2c42daae5ed5309ba3b75d2d853d51258773f	-
2026.2 beta3	modified	tests/unit/test_messageDialog.py	a1fbf00737b8938e0682d39ed65d581763b5cfcc	f24492a788253f57320fa87692e1e14c0f3bb34c
2026.2 beta3	only-evolution	tests/unit/test_remotePythonConsole.py	5f311ea90ae2d1e4680067d80d43f6f10c74649e	-
2026.2 beta3	modified	tests/unit/test_util/test_security.py	94b86ad0beaecaa7a310805e3116e1db831244fb	7830b295ee4c8901568f5b306cd12ae4c3c1ec98
2026.2 beta3	only-evolution	tests/unit/test_winConsoleUIA.py	c2d53eaf32d33913dacb2f12608c03f161421748	-
2026.2 beta3	modified	user_docs/ar/changes.xliff	f1131f59d7f703378defad927057861d8daecfdd	f8efd3ab0f0cbc3d051000ae3e4ec191e05b9c18
2026.2 beta3	modified	user_docs/ar/userGuide.xliff	b2b405ab8b5f726372939320b2cd81c7480b5e78	f8e8ec1cb24870147566a2161121748eb84c0a5e
2026.2 beta3	modified	user_docs/bg/changes.xliff	2be6dc54fe672a447a799d821942af5eaa6eb850	0294a8b5c8c07c9a0ea16e2b10b4dcfe4a42d096
2026.2 beta3	modified	user_docs/bg/userGuide.xliff	432781cce068a8fcca95d740fc6e46b36ac08193	8ca28585358c0e0d32cefb34f0943e212cc47fad
2026.2 beta3	modified	user_docs/bs/changes.xliff	1295ea46b30acfd4623594b2d35bd695d36d165b	a21e3765af45847f745bfa3f2ca3b0917ddad599
2026.2 beta3	modified	user_docs/bs/userGuide.xliff	828e379088ef8a329f95ba2c7e6f6c8407223893	db7088c21cf0f88546a83b854b70bd5383379037
2026.2 beta3	modified	user_docs/ca/changes.xliff	cbc1665fb044b5c6b941a61a71ebbbaf8c195cb9	599f7dff59293b4df26fb40f2b52e251c8636479
2026.2 beta3	modified	user_docs/ca/userGuide.xliff	1cec817a286da7f557d527cd0c63737d905680b0	fb668cc07478b7981cc389e51c6f28decb881c69
2026.2 beta3	modified	user_docs/da/changes.xliff	b4ea8f1745cf0866ace2078a25a2cd762b372f4c	98e61a507623f4ad483443ace621f43793a2de89
2026.2 beta3	modified	user_docs/da/userGuide.xliff	7cefd02b3607f8530d50a5fa3f9277486a71627a	ef3f00d96fa8cb249b40995ed6dbd5e5d5996c65
2026.2 beta3	modified	user_docs/de/changes.xliff	90d27f1627d33beb38f5340c83a2f27a9da1c8aa	31e36a1568aa1f9353ea94d26863c22d4087165c
2026.2 beta3	modified	user_docs/de/userGuide.xliff	de3cc8d0b754cd8bd894d9a8892a3cdcb9f65053	b1071ed91a64c7e00937a3b53c8b791522827f72
2026.2 beta3	modified	user_docs/en/changes.md	c05d7ce042473b77d40799238c77e6504d583c80	da9ff40281d61f9418908db1071391efba5aad3d
2026.2 beta3	modified	user_docs/en/changes.xliff	e1adfeadea98d9443c0005ccc1470d674fae589a	26fb973b5891c11d5617d18c7a9e0b85ff55bd03
2026.2 beta3	modified	user_docs/en/userGuide.md	d6b75f586bdc7008b0caaf2b6ba3f56c4c5d1e69	951f30e5e2e69fbe69fe1a8e7e471cca654b7517
2026.2 beta3	modified	user_docs/en/userGuide.xliff	b255cd5dee12c6c512ddc88f7fb3ee66cad94903	e6f788b3f6aae2c0677706c0bb2c4a0651e5494d
2026.2 beta3	modified	user_docs/es/changes.xliff	738204d1bde44baddc5fa75f3e861276c7b8a90f	63d4ec7abf16e4f7dd4cdee00bfe332ca12b0e48
2026.2 beta3	modified	user_docs/es/userGuide.xliff	7f89984b8687937716ae91ae9449fec0ee5449cf	86ba41f1130756002a3bc4158f46c996aaf28c06
2026.2 beta3	modified	user_docs/fa/changes.xliff	f5e5b6445129193df6b7ab03685fa9e968c613b1	ed1e7cd86840b4645139f751481431d471a1f016
2026.2 beta3	modified	user_docs/fa/userGuide.xliff	68f1f87e86d58de0c604bf051eb569d58ff56fe4	932cb676f33abc385d999e38a98c57f891a603d2
2026.2 beta3	modified	user_docs/fi/changes.xliff	dc0d539e2352cac131d4c0296544b833af46e350	078f9d1d74a9fd3cba5ac7803e4f706b73b79466
2026.2 beta3	modified	user_docs/fi/userGuide.xliff	02d7450d6513b90993bb1fcff4f4a9f55828187b	240beb82b2dff67efe8aad27a0d44f9f62407630
2026.2 beta3	modified	user_docs/fr/changes.xliff	636c59c81812f0cca72b1d3831c7c5560e4ae377	37b53c7689d7a526666fb738ee6e597ee17c3403
2026.2 beta3	modified	user_docs/fr/userGuide.xliff	b385aaefa1f3ae6fc3d824053d668ecb9b4c702c	ef51e2391b4480068396128f2d513b818c7e2456
2026.2 beta3	modified	user_docs/gl/changes.xliff	dc5e0dd5a7e603ccb137cda9aa8c44b3c3d985a9	f7df73a6b54f6e965a1d60d805ef1be370b8818f
2026.2 beta3	modified	user_docs/gl/userGuide.xliff	0da2682325152bc890cabdcfc00cb3a0c3721836	dd08a0a4e2d86042b4c92ca236c173eda9bc64cc
2026.2 beta3	modified	user_docs/hi/changes.xliff	1f0e71819b1498a1c519576f4a7841638cfb41ff	070b06716a29dd16090473ddf57dc0a47ca8705c
2026.2 beta3	modified	user_docs/hi/userGuide.xliff	796c857e08a6b8fba1e9f1b854a97c936826a60f	7e5021d30f24e2eeb15d68e73ee64e394d797eb4
2026.2 beta3	modified	user_docs/hr/changes.xliff	877def4591c687b1b97d90393d67fed8a16059da	cc6bf7caa92ca61f89a9f4e63f6ee1b3fd3e6b66
2026.2 beta3	modified	user_docs/hr/userGuide.xliff	cc0641c26f6599b65a59d9be8d0216dd838f48a6	00412dfed6052432d5c45cb7ab6d5e2bc724c22a
2026.2 beta3	only-official	user_docs/hu/changes.md	-	64107b5b3b36f9aaff22fa76bbd1016aa3d37344
2026.2 beta3	only-evolution	user_docs/hu/changes.xliff	54288b375ef0c8de6945f3086f54900e931a76c5	-
2026.2 beta3	modified	user_docs/it/changes.xliff	94047b6773c84f9108fc1dbb48be7b4481710476	f40618fc9ba68c6480329d10096ddf5dbdfd8c9d
2026.2 beta3	modified	user_docs/it/userGuide.xliff	1abfe22ecf076d7bad272752b1ea4a7a4916ee1f	34b1307ed01979a42d423b458e295af5e3dc77b0
2026.2 beta3	modified	user_docs/ja/changes.xliff	c6847f6770c2b5b5812a4a8c2685fd6fbd34fb07	6972d8bce5b68e7cc68e7f46372ceb7a2c122119
2026.2 beta3	modified	user_docs/ja/userGuide.xliff	0a64412ae70ddbdd325dd634cbd8eefd407f9966	09a1454272fcdec501f43dffbe92ec8bc9da19d5
2026.2 beta3	modified	user_docs/km/changes.xliff	c24f737d2c1d531ee2afd16419693dee7ac10b1f	d2beeee744400c70630398c920d0b4a2796497a8
2026.2 beta3	modified	user_docs/km/userGuide.xliff	01134536c1f0457bbdd70b8aa18eed142943f49a	b8c6e879168f3753a9b455030dd2614349677537
2026.2 beta3	modified	user_docs/ko/changes.xliff	9d8962c944dc38a0b5647675b3900d919a79dd20	e413fe88ef6c34db13b5351a5264b9dc9fdf9b92
2026.2 beta3	modified	user_docs/ko/userGuide.xliff	ef76965caf9e4905ff10641e7ed83730b15bfbd2	85ba8d4c49bcafe71af7e90da7af8d3d8d54178a
2026.2 beta3	modified	user_docs/nl/changes.xliff	e96348cbff353017660ba3a703015bb6cce69d35	17e0a199809bb76deb48871d5ebc88960057b947
2026.2 beta3	modified	user_docs/nl/userGuide.xliff	62186700ec4b695dfedd2810e753390aa615866d	c338c0c8ab36c68cef98ebc6d254445374e2c204
2026.2 beta3	modified	user_docs/pl/changes.xliff	1502a051a0739314c416cea89faf865457d3eaf2	8f886d283308671df3be3fdf1b3105186513a348
2026.2 beta3	modified	user_docs/pl/userGuide.xliff	f93311498ce6773ddff0877cd4d092f5bd4e0757	f882ee91d64d837be8a7a055e41af2e7a544e304
2026.2 beta3	modified	user_docs/pt_BR/changes.xliff	aa3ac62e0b801870451947c652bb0dd304b71826	152592b7d9c8cc14633143f7f1d7dfc28a9525d2
2026.2 beta3	modified	user_docs/pt_BR/userGuide.xliff	4b5c55606eebd869efaeb028e137626909b747af	60b7d2d8fc7bb580adb8d97fb158a30b8daabcc3
2026.2 beta3	modified	user_docs/pt_PT/changes.xliff	1d46dbc438983848ff7a53249c20f108b547f0d1	09fae4dc20f3f56151fead3d26ab444b63eae448
2026.2 beta3	modified	user_docs/pt_PT/userGuide.xliff	0087696a62add211a2561f0ab587886763cf9974	835c2880b5919b92e76f771c898dbfbb24689c2d
2026.2 beta3	modified	user_docs/ru/changes.xliff	96677b30ad521f15f6ecf3a6bd50d8434b007703	2a2366d2308cb56d8c0038a5064b80f686d2e4b7
2026.2 beta3	modified	user_docs/ru/userGuide.xliff	4366234d36426ae206a80606a10b7216a0854ab5	a1e5e983b75a7f217fe71d51bbb242f0884a3b3d
2026.2 beta3	modified	user_docs/sk/changes.xliff	0aa9fe1b33ad21691451cbee5f0a1c18c1ab947d	d8d9c320a815358c7555870a29a1d22a6c514118
2026.2 beta3	modified	user_docs/sk/userGuide.xliff	dab8c533b0f8743287f00b9363dd81a5882880c1	f4839bae72156b689f984d49b2779808e9a0bbbe
2026.2 beta3	modified	user_docs/sr/changes.xliff	88fc6a4c1d0f7d8e02179cc9096a9cd1cd61fc1d	7a0864e483d74f7fce4b448787538db83015cea6
2026.2 beta3	modified	user_docs/sr/userGuide.xliff	efc9592db2c0b9861d4f6de8b96a7ebbe81f874e	d3726a8411779e5a475f8d8111daf7c8c24e09c1
2026.2 beta3	modified	user_docs/ta/userGuide.xliff	87ea1401d6c23b5eb393a9f8e90038ffd8c69848	8e04d272f7dce85d937a02091e5d8a85f6580667
2026.2 beta3	modified	user_docs/tr/changes.xliff	c86c9ba86208a7a40e1fdb08b3a7410fd120310f	2c6a6affc4b9cafd61d6cebce33d522300ae1277
2026.2 beta3	modified	user_docs/tr/userGuide.xliff	6f3ceb1b92a46ae364ddae86f19fef7992c776d9	266172cc1ccad34401dc92052b18e3ee237cece8
2026.2 beta3	modified	user_docs/uk/changes.xliff	05cb87ef90307220b3d074d0a790ef2fc40d5bee	fc54a74fbe14820ad81a5a12498efb63587184ad
2026.2 beta3	modified	user_docs/uk/userGuide.xliff	0b83fad95f0e1f1454f2e7a64988f4c6cffd4103	9bc28c60b7a3971b11e46e4164076aa11b32473c
2026.2 beta3	modified	user_docs/vi/changes.xliff	7659e40ae6c6fb220e2db9f11d50f0b31094369d	3a44211b78c50367027b4cd2f0f01c47c066a648
2026.2 beta3	modified	user_docs/vi/userGuide.xliff	c8f8ddd84d192502801cb45da0f5bdfa50da3849	be1447ebe6caf7b9a4a67712c37fc5215b6f2aae
2026.2 beta3	modified	user_docs/zh_CN/changes.xliff	dd4812a903d9e1d5e4d628d331f26ef065ec6a95	9a1aceddc7fea32fd054adedd472aeb46246a45a
2026.2 beta3	modified	user_docs/zh_CN/userGuide.xliff	63a0701212775d250f913c41d5e3c628dae01068	baeb1ef5a87acb5fb8ffebc439cb114a1030e201
2026.2 beta3	modified	user_docs/zh_TW/changes.xliff	4556b0bc35ce1525f829c06502504e01975e20b2	ab1245a0c3562d0dd9777bfe47ad29ce5cb1326b
2026.2 beta3	modified	user_docs/zh_TW/userGuide.xliff	4da6a28e0e5b34de7ecbf039e5fda4afcee9cba3	678aaefc554980b70e85524efe2f212c143657ec
2026.2 beta3	modified	uv.lock	9210c958818df868206b7c5329d37fcaf734bacd	42151a8e9c2014e7401989215dba65bd4b39a470
2026.2 beta4	modified	.github/workflows/add-new-language.yml	a22ea4814966fb31617bfdd108edaf39400c0bd9	9133d9c222561f3ff30350a114b84c0a124f7d7f
2026.2 beta4	modified	.github/workflows/clearCaches.yml	039c28961eb0b36441547ca67aed3de2d26aedfd	a391d793cd868a02b87ba730ac8afeae9dd39433
2026.2 beta4	modified	.github/workflows/fetch-crowdin-translations.yml	13a3d8e48ab5b54deebc2c298e66f5dfc098dd2a	43806c73c99fcf2a7b65e0aeba414a66a92d4fb3
2026.2 beta4	modified	.github/workflows/monitor-localisation-file-changes.yml	7584668c57cf30b131d3e3fe84139e18d68bd394	254c2527338f48a3ff0c6362c12fca1ccdd3cae2
2026.2 beta4	modified	.github/workflows/testAndPublish.yml	05ff1807cfc292da383908c643c7810d9c83bd47	67d418b43bd6618fa089ce8ae6bac4afdc3e233a
2026.2 beta4	modified	.pre-commit-config.yaml	fdfe0118fb26a92fa7efb85688b1d0b227a4a3e7	19a482f33ea765fc214ae93348a40b6644f4f098
2026.2 beta4	modified	.python-versions	05c2197512e8084559661bdda4b0426de8f9e0b0	c799318b8e175472df83757d8e95702f365a780a
2026.2 beta4	modified	ci/README.md	09f6b2e873bbe63862faa1b37044fb24e99cea72	a10b3ee896a4e7b99010563d895452285ac70df3
2026.2 beta4	modified	ci/scripts/checkAndCommitTranslations.ps1	141324a1aa77a65bdac08ad21c6398362c9747ae	972b1d131d89338bb7be7c8a05520cc0bf6de057
2026.2 beta4	modified	ci/scripts/setBuildVersionVars.ps1	c6452b84902b14d0347cccfafd7588349085f13d	f4e3fead863b8380fd0e6bb73848ef42878805ef
2026.2 beta4	modified	ensureuv.ps1	83be5c94d6ba80e4cad8a15bb40c303c7d31ca52	57c492f1c6de9b08bc09493e3f0bc3344d75cab2
2026.2 beta4	modified	include/liblouis	2e775aca674cd2910e272eed7736acceb4c2e4a2	2aa5f84b14de17bcfe8317862d11f6bd7d640e55
2026.2 beta4	modified	projectDocs/dev/createDevEnvironment.md	419f226fd3b6ebf332146fed850209804793645f	0535a329c11adb148a4ada832fd8ca7adc55cb5a
2026.2 beta4	modified	projectDocs/dev/developerGuide/developerGuide.md	f6c5f96c98de86ca36c21bf3b33d45ded4fc7316	5024f63cfc51b120f60ea6c8db2f1bd3e5e0acd4
2026.2 beta4	only-evolution	projectDocs/dev/futureRcValidation.md	96f4b06ddcc925049e3fa9dae07565de936349a9	-
2026.2 beta4	modified	pyproject.toml	fb590a6a8b8ad109a7981ca3becdede019036ba1	ee2a0f39bfb2255fb7aa8ced64d291b15f357cbd
2026.2 beta4	modified	runtime-builders/synthDriverHost32/.python-version	1f155dedb475f21cdeb94e30fd2db8ec550d96a6	fe6f212a49359f24bd0799d377528f38f3bcab23
2026.2 beta4	modified	runtime-builders/synthDriverHost32/setup-runtime.py	2cee396cf30d90e81b64ae213e206d9b7d05929f	d74991bc57ec2d7ec912817dc190a8d08cc8a735
2026.2 beta4	modified	source/NVDAObjects/IAccessible/__init__.py	c7abfaf97861cd108b866dc507f79b150f5ec464	5e6e77d4ff7d74c93196b749007b78c86157cd76
2026.2 beta4	modified	source/NVDAObjects/UIA/__init__.py	6017dba29983278f75e11f253be99426ce24906b	dc46de15c96fbdaf0b175dc95f449a7c6caec6e5
2026.2 beta4	modified	source/NVDAObjects/UIA/winConsoleUIA.py	10c19afd2b7e78c1d615910a7b2215fdddefb4e4	dd4aec30cf2ddf4dac7dc974095ff02239088812
2026.2 beta4	modified	source/NVDAObjects/UIA/wordDocument.py	915265f45a8516cc908fd2e969949ea6ae250b4f	1379f82dd981e45e3afc747926ad92ed6dd1bfda
2026.2 beta4	modified	source/UIAHandler/__init__.py	38b8d593d4ef39de4dd24e3cd20f42c07cd7fd7c	b11e5f0bb910e7a241d992633d4558c490001a6f
2026.2 beta4	modified	source/UIAHandler/remote.py	e311bb63296f17fc4c74e19f9f3095ab8e283ff4	13d4cde7a39cdede58664fa0b9bd0576e1f95e96
2026.2 beta4	modified	source/_bridge/components/services/synthDriver.py	54f4d2dd8853ba9415f2e27eb451c1544e62f6df	71507edd9dceb094faa8e8b11ab25d39a1989c2b
2026.2 beta4	modified	source/_magnifier/__init__.py	0a4f806d4131ad37ab326d6b9a94b1a6faff7601	0b296a4883b062367ac7997a04e4f79621fa6365
2026.2 beta4	modified	source/_magnifier/commands.py	b83ee2beaa9a6669a4f77801958ae2f96bf8b242	4d3a7481c12919cb93dcfe8d499128561abbce76
2026.2 beta4	modified	source/_magnifier/config.py	b62c878c137ed04711267e83a3caab79fc6d7672	396c8e8b8ddc58db4dd5f0b08751b1c7df5c9e21
2026.2 beta4	modified	source/_magnifier/fullscreenMagnifier.py	95b34a6241c7bcf269dbdfd02502d319e15bf4cd	8d6fa7e510473fccd90935b9a39cba5112c8cba8
2026.2 beta4	modified	source/_magnifier/magnifier.py	0d3710b090760c139435078ecd9ffa15348ab6cb	66e96c359a6bc69a6d1a1ba7ea59233dde089838
2026.2 beta4	modified	source/_magnifier/utils/errorHandling.py	2b2f37b4d780e11a92b66d8e591dfdb0623b7247	dcf6d0ddccf24ddf9d3a45e89f41af2cb8c5ad64
2026.2 beta4	modified	source/_magnifier/utils/focusManager.py	5473efd1ba29c82374b3aaf929f7e7653f5f6a93	7abfd8ae65c8cdc9e27493e13ff01902d6e7e525
2026.2 beta4	only-evolution	source/_magnifier/utils/mouseHook.py	2a73dc2ec634d8958bc777907ba196af2b65bc70	-
2026.2 beta4	modified	source/_magnifier/utils/types.py	e9bbe7e7c0140b3bbe3a74db9e9056fe81b50dd6	791b97435c12aa64fb568f33bbd6809602ab8a23
2026.2 beta4	modified	source/addonAPIVersion.py	0657b0194026f83e721cf4380b761714ee8a9709	b300dc889c8e873534539e59757ea97d4c622b66
2026.2 beta4	modified	source/addonHandler/__init__.py	b241973917c0cd72e9a8bd496eb152af17c41969	87cdcc7f7c957c3d98706c4b1c25e9a9dbb1feca
2026.2 beta4	modified	source/braille.py	5ccdface171624e98e1a0950876f23fa6f556172	6e1d36be2082a6dc99ecc27b07fe2c10cbb0ea5e
2026.2 beta4	modified	source/brailleTables/__tables.py	84d50f742a7ed7055ee77ec7f531a1d753c2c5ee	2f93a9715b777d2786128e46c015cc8622f7df84
2026.2 beta4	modified	source/buildVersion.py	e0e9af5909cb96bd5bba2bdd6d615ac2af52f1ee	509fa403128bd6d105c508bf11e15184e51768b6
2026.2 beta4	modified	source/config/configSpec.py	1c058c3335c26ba79a9f7bc784942d4fa0c80217	5afeada7e59aa89e0f5f1c76656c449f8ba6b7d4
2026.2 beta4	modified	source/config/profileUpgradeSteps.py	cade8ddc09005450e203e10343673df0e535d1b5	b822b54c649655d23661ef98f76598b5b55af5fd
2026.2 beta4	modified	source/core.py	f1ad8084a6f8d71a951a8acb7cc84ed5c8d33344	7ea22bef3825a826a23049b89842d79a17879565
2026.2 beta4	modified	source/extensionPoints/__init__.py	54908b611de27e5618d917eb9b80c280151a1195	873847835057931c1ac1e4bf0a84a87b39ed96f8
2026.2 beta4	modified	source/extensionPoints/util.py	5b6f9b3b20160a63725dfb96a2d54080c8ecf8fc	c09226d8b43be4d58aff54a480fec6ba940519c5
2026.2 beta4	modified	source/globalCommands.py	b72aed630417d944c461eb1b6619c16126b86647	798fa565623e1974f9164c03dd9e81b6ed8530e7
2026.2 beta4	modified	source/gui/installerGui.py	16154d530e4347060489c682aaafdca951a26626	0c69f252756f849236816cfa20c07e3df3d7909a
2026.2 beta4	modified	source/gui/message.py	6f12aeb7105ce2dc2bbaf9bbdf8e6588624d1425	3c3e58470dc7ed479e2f491b660031fad6c2ad03
2026.2 beta4	modified	source/gui/settingsDialogs.py	7bd0939d3b44e3e5683d1dad968f08968606a17f	f4d1aef1c97624018441159c983bb8ac7ecefa94
2026.2 beta4	modified	source/gui/speechDict.py	5a46cf7d4b8ef520c8d712e3d2179d9ba5f0b432	37992cb9fa5616f03af2b6c2d3a4d4c017c680e9
2026.2 beta4	modified	source/hwIo/base.py	d95005969a95c09f015d29451bf1e8c214eebf00	0a34b27e42f4632fd5412c299c0cc01001b12f39
2026.2 beta4	modified	source/languageHandler.py	54de6ddb79dc36b64da7910a757911b111e77682	656028ebe62fc08111e729b20e09d6e4aeefe4df
2026.2 beta4	modified	source/locale/af_ZA/LC_MESSAGES/nvda.po	af7f998003367de04aeffc195ca5efe86613e4e3	8906d419ca7e4cfacbfa409bc277f9c54d246d27
2026.2 beta4	modified	source/locale/am/LC_MESSAGES/nvda.po	ead2db7b17719d5e011d0b48312aa402aa0b60a5	dd7b639da0c0097d602ddcc112d70f3cb4cd9b80
2026.2 beta4	modified	source/locale/an/LC_MESSAGES/nvda.po	13a938bda9965f18804f709aa47d54bf854e1eb6	f8cf10596d0c44393654bf8f1a66d986d457d94b
2026.2 beta4	modified	source/locale/ar/LC_MESSAGES/nvda.po	7d8ebfce7c618c373ca385fabbcf55cb81daf818	5f52b2f4f5b7fd83ac8e6255c62364e5ddbef23b
2026.2 beta4	modified	source/locale/bg/LC_MESSAGES/nvda.po	9011d1de155343d73d1dae278a55376df274f7b7	d18640fbf3d136da393d464456a960e3a51eb268
2026.2 beta4	modified	source/locale/bs/LC_MESSAGES/nvda.po	d7d20d6f6b70a5e883b60167177855306220fe99	5b66e812c80a423ed99b9e65a6d0394cecdcf8dd
2026.2 beta4	only-evolution	source/locale/bs/gestures.ini	175905adaf8eafb1bd9a1bc3b9d338fd5d836016	-
2026.2 beta4	modified	source/locale/ca/LC_MESSAGES/nvda.po	3d0fa70b2e79f2fd1389f6b3c322cc639da239e6	006146f90ea946865aecef169b933649d179d14d
2026.2 beta4	modified	source/locale/ca/gestures.ini	d90f196b8e711fa05b211e2bafbc47c80ca83ab0	c7e3e7b5376cad4c4080e814dba9563f37c06a26
2026.2 beta4	modified	source/locale/ckb/LC_MESSAGES/nvda.po	4262c351cd44a5db5a1ce88ef50a5d130b70799f	8ed6dcc0b91b60bf8b2fbdb5dfc235b865742f66
2026.2 beta4	modified	source/locale/cs/LC_MESSAGES/nvda.po	1bcdb8ff8e44863f964b643af06ed0db1850438a	cbb37d845ed1fd00120a94720a6c93a025be7f9e
2026.2 beta4	modified	source/locale/da/LC_MESSAGES/nvda.po	ebbee18e0977139da7736475f135faf79beb77ce	b925d680bd41feb17553b0c09c51945c8131e653
2026.2 beta4	modified	source/locale/da/gestures.ini	1eda26949552c6bd7836c1ec460212c7dd25f6b8	34b31c9b14915894317ee03ae9f430960869fa6e
2026.2 beta4	modified	source/locale/de/LC_MESSAGES/nvda.po	9eb0584281290295f87f415a066ba2395fef998c	a193abdcd9983ffae76c4151b5935e47bba59c98
2026.2 beta4	modified	source/locale/de/gestures.ini	b0e893c28cf0335aed776d73d6e7c4a780d8e8de	a8b865e01602fb97b76e0052e0b889a75be8610b
2026.2 beta4	modified	source/locale/de_CH/LC_MESSAGES/nvda.po	103b90b377a74d62f6829f51ed068c4b5a5e1459	4712f603c5ec1c414982e27e54cae810b1c85d7a
2026.2 beta4	modified	source/locale/el/LC_MESSAGES/nvda.po	d42a2e1659cb2b8e0070b87e296c4ccf6e1c7082	1b6032fb5cf403fd16477fca117f8b6ff3f7b76f
2026.2 beta4	modified	source/locale/es/LC_MESSAGES/nvda.po	e4b3b76dece46689e1a1c4a31a775cf62445dbda	eb1b67189a35afdc8d33844b611270c5a237997b
2026.2 beta4	modified	source/locale/es/gestures.ini	d90f196b8e711fa05b211e2bafbc47c80ca83ab0	c7e3e7b5376cad4c4080e814dba9563f37c06a26
2026.2 beta4	modified	source/locale/es_CO/LC_MESSAGES/nvda.po	9ef8b05cc7d8712c8ce2fdbaa5bef70c3486b1aa	4f58db5393e6bf7ca09a774f85b3cb4de8dd4d04
2026.2 beta4	modified	source/locale/fa/LC_MESSAGES/nvda.po	dfafdb13c240f5c5c4c5a083c45e68cb769ba554	d74cbb582c708e9b649a70c60b49466410300ff2
2026.2 beta4	modified	source/locale/fi/LC_MESSAGES/nvda.po	1c3d34669c15fdbf041d3de08796b4fca7a4d36b	086d515a2dc4103f7393422482c25254c88f6485
2026.2 beta4	modified	source/locale/fr/LC_MESSAGES/nvda.po	ac4ab93de46594e3a4746a3aac4aa4fdb9f04037	e6c529635857ead99eae46fffc3657ba59e7cdb3
2026.2 beta4	modified	source/locale/gl/LC_MESSAGES/nvda.po	743e92cf4b20c51a9edbb01539190b10a47aae88	45f000bad2ab9f4443037b929c16528fc370e486
2026.2 beta4	modified	source/locale/gl/gestures.ini	29f34d1d3d7ecfb0865bf087c267f0d125f5f465	d1f08b014bcf7fc88be168f587a8a366276b09dc
2026.2 beta4	modified	source/locale/he/LC_MESSAGES/nvda.po	c73e0dafbb98b1086560df593b2d43b82a56b4ca	13e6a94dac3e50c4da6b0a6bb85cb7303d323ee5
2026.2 beta4	modified	source/locale/hi/LC_MESSAGES/nvda.po	adc7c3ad8c5824638ed1123d575f72cf9d9dc8f5	9594bd5d51e86fdaeb9bf86f0ba526778c87dec6
2026.2 beta4	modified	source/locale/hr/LC_MESSAGES/nvda.po	a52f495a9c779196a9974e13f9bf19375eeff2e2	02b9b1c4a8b64dd61c4f422b20da8d4f2e16a7ec
2026.2 beta4	only-evolution	source/locale/hr/gestures.ini	175905adaf8eafb1bd9a1bc3b9d338fd5d836016	-
2026.2 beta4	modified	source/locale/hu/LC_MESSAGES/nvda.po	8abfc8a0e3318d5b400a5ef79d6b3098c9e718dc	0cdb18c39538196ccc0654e1996cc6beed18aedb
2026.2 beta4	modified	source/locale/id/LC_MESSAGES/nvda.po	7572c5fc639a324b2b941f09c319888c5490b80c	b428255daf695b4c0300bbce643725ff63914268
2026.2 beta4	modified	source/locale/is/LC_MESSAGES/nvda.po	e389c3707270ea2cded029b170902cc669a38a0c	a4250c110e15eefc49294b0c656dc5ca73081cd6
2026.2 beta4	modified	source/locale/it/LC_MESSAGES/nvda.po	de34af16b727363a2cc974f33f066d7896f49d05	2ad98c00f3e451ef2bba830832b9c7a6b4e552a6
2026.2 beta4	modified	source/locale/ja/LC_MESSAGES/nvda.po	39e5b00fc563123a8556f1b8f1d1c0192417ea3b	399a847367f1c9a487012f26d22cc51c073add0b
2026.2 beta4	only-evolution	source/locale/ja/gestures.ini	da3e5be8a45439b1eee119ae548adc65fac30c5d	-
2026.2 beta4	modified	source/locale/ka/LC_MESSAGES/nvda.po	3678bcbd992310498939ce4bdb7696b20edb6b2d	5aff67b4035e920b088645d3be0a0b49bafed444
2026.2 beta4	modified	source/locale/km/LC_MESSAGES/nvda.po	2c7f1d4df9d73685955e37bb62504715010c67ba	c32a05211f013be45309d0d16ca95a035fab2ad6
2026.2 beta4	modified	source/locale/kmr/LC_MESSAGES/nvda.po	6f76c7694589dd22233a3e7a9a5dea7badf84833	7416ebefdf07d62aa61d6de1ed531c2200142d89
2026.2 beta4	modified	source/locale/kn/LC_MESSAGES/nvda.po	b46fae59db8f98cb4ff6b6e9188f260bcf42bab3	660312051513fc7035207ad03cc87fb21469fc22
2026.2 beta4	modified	source/locale/ko/LC_MESSAGES/nvda.po	338f4d067186ba13fd70ce3c0277eee7e18a7e98	d6cba860075f1538a964495016b9ff7b260e5972
2026.2 beta4	modified	source/locale/ky/LC_MESSAGES/nvda.po	8a5a78da1bd39d567ba05892382ec91f639dd73f	38ee2c448cfeafbdc7a387634746c3afe40ab616
2026.2 beta4	modified	source/locale/lt/LC_MESSAGES/nvda.po	fb75113de810357292645ad62d60e46b03e405ce	9b18520eef7ef6c061d99f103e5f0b1d02ef5620
2026.2 beta4	modified	source/locale/mk/LC_MESSAGES/nvda.po	21dcf2b100334e13d060c63cab420be324cb9b66	069252558269f451ae45f30fcfe0b98a041df988
2026.2 beta4	modified	source/locale/mn/LC_MESSAGES/nvda.po	8dab788c59592e0e8221e139d50683df2a03499f	5f9da5c5ebe4c08e8ff5fe2ddf69a72ae8f34b0b
2026.2 beta4	modified	source/locale/my/LC_MESSAGES/nvda.po	b50bd147f6680e57715c9de8f3366c94170b4b56	11bda575e18182b60faac6f20f2faa926ec856d1
2026.2 beta4	modified	source/locale/ne/LC_MESSAGES/nvda.po	76729a2d508a1c793ebf26efbe3c4292e1a0ef16	ab33aec0ece789ae9d2be9017c9befa14bafce16
2026.2 beta4	modified	source/locale/nl/LC_MESSAGES/nvda.po	dba6dadb823eec8d22b8e29f438d9107039cdefa	426615a02a23b679f6b1befb22605deb5f38c297
2026.2 beta4	modified	source/locale/nn_NO/LC_MESSAGES/nvda.po	eed71905a19b46814a6fdedbf2f306f54e0d73bc	3069da5bfbc44b47b55b6ee03392c955b1135e2f
2026.2 beta4	modified	source/locale/pa/LC_MESSAGES/nvda.po	7f85180e1da74786a121424d77ca37346e8c343b	a4fa7161e9a45eb4a19a842ed4eefb8eb5cf4ea7
2026.2 beta4	modified	source/locale/pl/LC_MESSAGES/nvda.po	34658f642b17b78d64c08781aa4e87f58c6491b9	19b813e989c220e3369634db77057106bdba163a
2026.2 beta4	modified	source/locale/pt_BR/LC_MESSAGES/nvda.po	37bc0143bb7b8e8e8e982c4e4a0bc9a7d45b7371	3ce43a6841bf96b05cc1849e1c3612c66858dfb0
2026.2 beta4	modified	source/locale/pt_PT/LC_MESSAGES/nvda.po	913e2f11fd11bf4c2cbf3e221a52ec272973fdb4	4376c9436aedff74b9082b76005496ebc54d9413
2026.2 beta4	modified	source/locale/ro/LC_MESSAGES/nvda.po	6aeab8597db66ed228a79faf82ecf5d2b1b257cb	33a6d51231e25cea3022d4a5f5df4a2a8525bf3d
2026.2 beta4	modified	source/locale/ru/LC_MESSAGES/nvda.po	49e8f93ff33b754b14a5b77d4aae27e02c57e24a	72633a95e13cd270964b02fc86f1be609c21905e
2026.2 beta4	modified	source/locale/sk/LC_MESSAGES/nvda.po	d5ab4a62baaed9342c8965428c671256a5cfa6e2	2d270059d09a7635134f0b23b0b56568bbdc61d3
2026.2 beta4	modified	source/locale/sl/LC_MESSAGES/nvda.po	2743715f5f781eca9feb26d37fcfcdb7cface36b	abdfae3ab81ee0d05dd1f75acb6560641dd02420
2026.2 beta4	modified	source/locale/so/LC_MESSAGES/nvda.po	5ae6ff91ef076a5c9ec3bac6b3baa3b66e48962e	6f21febfd59d9aa7821c62036f1a7e29007bab0f
2026.2 beta4	modified	source/locale/sq/LC_MESSAGES/NVDA.po	b76e3c2f7e481718d93cf6b31c40ca18014c7cea	dd35d1b0ccbf57ad600f64bed31fcaa95ea2e1c3
2026.2 beta4	modified	source/locale/sr/LC_MESSAGES/nvda.po	2c3991913c7f471c7de945634acbf60c02928410	4fc2294b7b78e634b34b1badee991a93994d58d1
2026.2 beta4	only-evolution	source/locale/sr/gestures.ini	175905adaf8eafb1bd9a1bc3b9d338fd5d836016	-
2026.2 beta4	modified	source/locale/sv/LC_MESSAGES/nvda.po	a9541d84d813e86e738eefbe261994348fb71ca3	547c09e11a281348485047ca1da9fef4c4dd7f41
2026.2 beta4	only-evolution	source/locale/sv/gestures.ini	58da6cfa42722a02d27d1d1395c8f0243a21d746	-
2026.2 beta4	modified	source/locale/ta/LC_MESSAGES/nvda.po	55eea6cf17576d77b9f9a5ab6f07a73b75e3d0f3	fea6e63534e8a5b09fe85b8842d87567b1406e3e
2026.2 beta4	modified	source/locale/th/LC_MESSAGES/nvda.po	6401344a500a5521fdc7a9d5c901cc51cc56ff13	5d668b26feb047936ef1e8347717d6fb53e01bbe
2026.2 beta4	modified	source/locale/tr/LC_MESSAGES/nvda.po	8fcabce202e6920fc6d651f22f96100037683b1e	52236766c9a4474799face7a4a6c161d26a91d18
2026.2 beta4	modified	source/locale/tr/gestures.ini	9376c41ae639be66a669ac9713b10124f1f7619f	cd459333a92ed1434e894841ccf0109211c4ffc5
2026.2 beta4	modified	source/locale/uk/LC_MESSAGES/nvda.po	905ffc501c9592ed6fe24f2724af4f785303547b	0ee912fb8c9101fd0cbeb776578551ef02840f75
2026.2 beta4	only-evolution	source/locale/uk/gestures.ini	fc43313db9e3ed7de1afc5a3da7de98e43ab0695	-
2026.2 beta4	modified	source/locale/ur/LC_MESSAGES/nvda.po	e3c42a797322017cb47283534540a273c4e50733	49b21c79fbb2243c83aac31d8a172400ff42a645
2026.2 beta4	modified	source/locale/vi/LC_MESSAGES/nvda.po	6e6f287e2256bdfe4b3f8bf4ac409c16a4d1d0f8	ad5829de9e11666b29213d060a7a51fb434eeff5
2026.2 beta4	modified	source/locale/zh_CN/LC_MESSAGES/nvda.po	2535075050ebfdccc88db6b51c787b37d5308b00	137a5f68a8fe0b528842d52e027dab22b4141744
2026.2 beta4	modified	source/locale/zh_HK/LC_MESSAGES/nvda.po	e6ebae4031c726b6ae9cc9d0831620203858e764	cc90bed2714ed5c2a4f35af167e9bcd92126c4d6
2026.2 beta4	modified	source/locale/zh_TW/LC_MESSAGES/nvda.po	0704db61d48d3078cf3761e3af8163569ae713f7	ccc09a9f0da6c944fb8a97bc83008e0425de352c
2026.2 beta4	modified	source/locale/zh_TW/characterDescriptions.dic	62462901dffe4cccff01ef5362b20614a9d169da	83236c38489095bac4945336b7cf992711ecea39
2026.2 beta4	modified	source/locale/zh_TW/symbols.dic	6371a77aacd6ba29a996a397b7cc8f8980649e6a	aec10e8c88da50cbf18bfc8f1e856de78de7e546
2026.2 beta4	modified	source/locationHelper.py	9fe381e55ccbecda86f8599eb485fbe68cffa391	2beef1ef1ef0e03943fee8bea7cb6f77ecfcc355
2026.2 beta4	modified	source/mathPres/MathCAT/MathCAT.py	a6c97306e21f40f6b1e1d8c5ac048a7e0b3487d4	10bdb28972e589e8480de47cad40b4c8811ad12e
2026.2 beta4	modified	source/mathPres/MathCAT/preferences.py	8d9f86ed026003494ea10226e5f6d2ddb6a9fe05	612b2cce9a1cf65417c7a54e21530f0d0882c6de
2026.2 beta4	modified	source/remotePythonConsole.py	6c66ed564212238aea9af920b111f45444fdb63c	719e812ba8ae0d5d834b2290707b17a4b6e31b87
2026.2 beta4	modified	source/speechDictHandler/definitions.py	ed3bdd836c911fc7001e38063a241538909f9bad	31c5dfe4413497a041f198d3063a4e8bac81438f
2026.2 beta4	modified	source/touchHandler.py	7fa75113afb058cf4f0e167e1a9c25f9766bf148	b0b177a3410d481410c68018fba4711943b13c56
2026.2 beta4	modified	source/utils/security.py	90feedb092859b7decb2fd126c07ab1f512b4c82	b0c9acf1f8fc478a1101369336b4584346d7a389
2026.2 beta4	modified	source/virtualBuffers/__init__.py	eaa5abf9edbd1e920ad67d3dc1c71815ac67041e	4755725502779d97a1cc006a96e3ced2df5a219d
2026.2 beta4	modified	source/winBindings/advapi32.py	7b156e1072dad78e69902e31ddc4daaa6525dfac	69f69764284823409b14f37208f5f3f03e93fb21
2026.2 beta4	modified	source/winBindings/magnification.py	29b33845ca41f9e30edb459865bb298b89e99cca	95f1200a0231dd79ff279ceaa301529995fed939
2026.2 beta4	modified	source/winBindings/user32.py	ea4a9773e93193525c96331d1b6c86b9611ee1b2	9a9fda2c721a024ba983274a9158882d5754ce89
2026.2 beta4	modified	source/windowUtils.py	abbd37b230d3cdb8d8cbb97ee0a8a036c98efc91	59f5cd5ef1802eb6291ae485d8eedb3df5281909
2026.2 beta4	modified	tests/system/libraries/ChromeLib.py	a8ffe8d66ec8934ae8c0c9abc63c1132ed98e5b7	fc52c59223d4b61ee1fef40b2fb5e2ad4d0c79a3
2026.2 beta4	modified	tests/system/libraries/NotepadLib.py	b79dd0e30bc731837012ec400a5e37682a0d7072	6808865e506d3fa316ea1772557dfc150ee8a14e
2026.2 beta4	modified	tests/system/libraries/NvdaLib.py	c86aa2bfb7d62eb1fcd397b72b281e43bffe09ed	7bae843c760b3c0c36bb168db4a293259f2ea7b1
2026.2 beta4	only-evolution	tests/unit/test_NVDAObjects_UIA.py	4422b4fbc1bb95704e4daba8a866717cfbfd5560	-
2026.2 beta4	only-evolution	tests/unit/test_UIAHandler.py	2a8139ec5ffbaaaa5901d7c70dab1008471d66d5	-
2026.2 beta4	only-evolution	tests/unit/test_addonHandler/test_addonImports.py	94da9840c13e56273ae21a4d190967b6e53150a5	-
2026.2 beta4	modified	tests/unit/test_addonVersionCheck.py	cb7dd7cbcbcd13a929237b6ef0d74bac5dc25336	862e7d3731ba62d848bf13ba5de72b7587da1fb4
2026.2 beta4	only-evolution	tests/unit/test_braille/test_secureDesktop.py	76853a0c22d362d94c205012b706243c35128d3f	-
2026.2 beta4	modified	tests/unit/test_extensionPoints.py	9c13c9e90dbfe3d90e12d89caae99988eae2ce95	97842056ccb92c36041ebf6e1fb63868668793a0
2026.2 beta4	modified	tests/unit/test_hwIo.py	dc9fb19cfb76a3fca78aa912e27707be8c92c280	45b6714bed5fa9e91bbb46c361baf2c113c6770d
2026.2 beta4	modified	tests/unit/test_languageHandler.py	e503f702418be67702433be1574384bb705b6862	d4f0220871fb7e98462c43aa698d35a510188374
2026.2 beta4	modified	tests/unit/test_locationHelper.py	a08e8e8ac4c6dec3a01ba214b21efaf5693facd1	3f526c1c3fe064c5b085ae975f60ec1b7793ee70
2026.2 beta4	modified	tests/unit/test_magnifier/test_fullscreenMagnifier.py	b4833d5e3d4c526900bb7f4980b28c9a87cc0976	9f7f348aaa9e9b23ed297619b86653790857138e
2026.2 beta4	modified	tests/unit/test_magnifier/test_magnifier.py	70606ef4c16bbb86ac086d619b69e9c97f4c5e3f	7a26dd883c326dfa32bb96abae0a3faf57034146
2026.2 beta4	modified	tests/unit/test_magnifier/test_magnifierCommands.py	c1b5e2de56b821e84f060fa5f37ceaab039c8d2a	ab3681b238268f26ae3eb8d0d09427df524133d0
2026.2 beta4	only-evolution	tests/unit/test_magnifier/test_mouseHook.py	56f2c42daae5ed5309ba3b75d2d853d51258773f	-
2026.2 beta4	modified	tests/unit/test_messageDialog.py	a1fbf00737b8938e0682d39ed65d581763b5cfcc	f24492a788253f57320fa87692e1e14c0f3bb34c
2026.2 beta4	only-evolution	tests/unit/test_remotePythonConsole.py	5f311ea90ae2d1e4680067d80d43f6f10c74649e	-
2026.2 beta4	modified	tests/unit/test_util/test_security.py	94b86ad0beaecaa7a310805e3116e1db831244fb	7830b295ee4c8901568f5b306cd12ae4c3c1ec98
2026.2 beta4	only-evolution	tests/unit/test_winConsoleUIA.py	c2d53eaf32d33913dacb2f12608c03f161421748	-
2026.2 beta4	modified	user_docs/ar/changes.xliff	f1131f59d7f703378defad927057861d8daecfdd	d5b51cc5e6a5858908e9426b340b9e46fe8ab1fb
2026.2 beta4	modified	user_docs/ar/userGuide.xliff	b2b405ab8b5f726372939320b2cd81c7480b5e78	7a6378fbf851702610802c41a4655f0c8c8b04cd
2026.2 beta4	modified	user_docs/bg/changes.xliff	2be6dc54fe672a447a799d821942af5eaa6eb850	5b6652a79253cb075419e386f4d1c1b6da581e4d
2026.2 beta4	modified	user_docs/bg/userGuide.xliff	432781cce068a8fcca95d740fc6e46b36ac08193	193e8113aeac182e3846eed630c00a2b1a8e4ee8
2026.2 beta4	modified	user_docs/bs/changes.xliff	1295ea46b30acfd4623594b2d35bd695d36d165b	81d28264f923d6d2e965495cadfeba427e4f9fb1
2026.2 beta4	modified	user_docs/bs/userGuide.xliff	828e379088ef8a329f95ba2c7e6f6c8407223893	a38a41e0d563898a0c334eb8959cf5f5f26d5573
2026.2 beta4	modified	user_docs/ca/changes.xliff	cbc1665fb044b5c6b941a61a71ebbbaf8c195cb9	b55216cc0090ab8c5835c0b3dfcc3eeee6a42a01
2026.2 beta4	modified	user_docs/ca/userGuide.xliff	1cec817a286da7f557d527cd0c63737d905680b0	8d5468f662dbbc7f3ec8c3ee06ca035bee37d82f
2026.2 beta4	modified	user_docs/da/changes.xliff	b4ea8f1745cf0866ace2078a25a2cd762b372f4c	7154fe6e82786ecfcc6e079d381d67d1c8e03b29
2026.2 beta4	modified	user_docs/da/userGuide.xliff	7cefd02b3607f8530d50a5fa3f9277486a71627a	10666252879e17841ff31bf0c375225e527edfda
2026.2 beta4	modified	user_docs/de/changes.xliff	90d27f1627d33beb38f5340c83a2f27a9da1c8aa	2bd26b6fd88e9281f631b6d0eae59c941964ea0d
2026.2 beta4	modified	user_docs/de/userGuide.xliff	de3cc8d0b754cd8bd894d9a8892a3cdcb9f65053	551620ba1db263ca392b283f5910730b5471a9d6
2026.2 beta4	modified	user_docs/en/changes.md	c05d7ce042473b77d40799238c77e6504d583c80	a4fe8c2ff5e1eaba06a9370b22bf5254190e13f6
2026.2 beta4	modified	user_docs/en/changes.xliff	e1adfeadea98d9443c0005ccc1470d674fae589a	55beedbe59436c5bd0fe718187cda527e57b5eee
2026.2 beta4	modified	user_docs/en/userGuide.md	d6b75f586bdc7008b0caaf2b6ba3f56c4c5d1e69	625757df970d883fe9f12d9719e089adfad45442
2026.2 beta4	modified	user_docs/en/userGuide.xliff	b255cd5dee12c6c512ddc88f7fb3ee66cad94903	e6f788b3f6aae2c0677706c0bb2c4a0651e5494d
2026.2 beta4	modified	user_docs/es/changes.xliff	738204d1bde44baddc5fa75f3e861276c7b8a90f	e99e6661282f20dc8e4eff268f14bcf7a4b863fb
2026.2 beta4	modified	user_docs/es/userGuide.xliff	7f89984b8687937716ae91ae9449fec0ee5449cf	26c3c950cee55849b236b2308dd161c5f4b0c047
2026.2 beta4	modified	user_docs/fa/changes.xliff	f5e5b6445129193df6b7ab03685fa9e968c613b1	77c33f615390d3d0a0d3e1fc0d091fcabe7084e9
2026.2 beta4	modified	user_docs/fa/userGuide.xliff	68f1f87e86d58de0c604bf051eb569d58ff56fe4	5ba41466c2eab48422e2bcf1e38d0241ae3cc021
2026.2 beta4	modified	user_docs/fi/changes.xliff	dc0d539e2352cac131d4c0296544b833af46e350	e318fb513989de61d16aa679cae88d83da433c7f
2026.2 beta4	modified	user_docs/fi/userGuide.xliff	02d7450d6513b90993bb1fcff4f4a9f55828187b	bf838a5f1e73d77cbe2e010d4aa6c653b0adfb44
2026.2 beta4	modified	user_docs/fr/changes.xliff	636c59c81812f0cca72b1d3831c7c5560e4ae377	60697aef5f48f50f2d04353071f9a8488a495ab1
2026.2 beta4	modified	user_docs/fr/userGuide.xliff	b385aaefa1f3ae6fc3d824053d668ecb9b4c702c	a04e2873c402701ef7b147ec6d62f5f8d0775687
2026.2 beta4	modified	user_docs/gl/changes.xliff	dc5e0dd5a7e603ccb137cda9aa8c44b3c3d985a9	d17b5f02a68ec4a0665f2ba440765f06b14b1b56
2026.2 beta4	modified	user_docs/gl/userGuide.xliff	0da2682325152bc890cabdcfc00cb3a0c3721836	e37e19a119c69df8ca9e1f6693709ab588d7e548
2026.2 beta4	modified	user_docs/hi/changes.xliff	1f0e71819b1498a1c519576f4a7841638cfb41ff	95acd9326d4a8e8c160dd123d14c16c1539ff428
2026.2 beta4	modified	user_docs/hi/userGuide.xliff	796c857e08a6b8fba1e9f1b854a97c936826a60f	173ddac4dd0c6d034123f5e616fe822d180949fb
2026.2 beta4	modified	user_docs/hr/changes.xliff	877def4591c687b1b97d90393d67fed8a16059da	aa8bf6b0a45e688d449551bc85af5389fbc1ee76
2026.2 beta4	modified	user_docs/hr/userGuide.xliff	cc0641c26f6599b65a59d9be8d0216dd838f48a6	81456afe6e689564dade684ec2b1d363a3f18655
2026.2 beta4	only-official	user_docs/hu/changes.md	-	64107b5b3b36f9aaff22fa76bbd1016aa3d37344
2026.2 beta4	only-evolution	user_docs/hu/changes.xliff	54288b375ef0c8de6945f3086f54900e931a76c5	-
2026.2 beta4	modified	user_docs/it/changes.xliff	94047b6773c84f9108fc1dbb48be7b4481710476	798fbb8510e8c9df9adfe2f137e8225c1cad9d8c
2026.2 beta4	modified	user_docs/it/userGuide.xliff	1abfe22ecf076d7bad272752b1ea4a7a4916ee1f	0e7e2d875a88ca19df8beb5f4f715f204305588f
2026.2 beta4	modified	user_docs/ja/changes.xliff	c6847f6770c2b5b5812a4a8c2685fd6fbd34fb07	d667c3a885622b8d3cf1a6543269e5b94ede8979
2026.2 beta4	modified	user_docs/ja/userGuide.xliff	0a64412ae70ddbdd325dd634cbd8eefd407f9966	659d75eb22154f8253caaa74f4926b71cb840bc5
2026.2 beta4	modified	user_docs/km/changes.xliff	c24f737d2c1d531ee2afd16419693dee7ac10b1f	3a17308babebdaba567dc8108447e8f8e0eaeeb8
2026.2 beta4	modified	user_docs/km/userGuide.xliff	01134536c1f0457bbdd70b8aa18eed142943f49a	a5a7d928467d9e45eebd0ba61779a7a800bf1ce9
2026.2 beta4	modified	user_docs/ko/changes.xliff	9d8962c944dc38a0b5647675b3900d919a79dd20	6e89860e60950170434a2f82b7c6ae373d11f6d8
2026.2 beta4	modified	user_docs/ko/userGuide.xliff	ef76965caf9e4905ff10641e7ed83730b15bfbd2	b9abdb7f5cc064b765258a51a1b3db291688befa
2026.2 beta4	modified	user_docs/nl/changes.xliff	e96348cbff353017660ba3a703015bb6cce69d35	5df40c708404d9a113b982b6955429b19229ae61
2026.2 beta4	modified	user_docs/nl/userGuide.xliff	62186700ec4b695dfedd2810e753390aa615866d	2f7d6d9b8709e9eae5cd4f25798b222992e3fd31
2026.2 beta4	modified	user_docs/pl/changes.xliff	1502a051a0739314c416cea89faf865457d3eaf2	e285fe0e51d908b3a19de708ab5089f86bb3c95c
2026.2 beta4	modified	user_docs/pl/userGuide.xliff	f93311498ce6773ddff0877cd4d092f5bd4e0757	ce8bcfd6867fa650cb57a9e0f4b3096e5bcb9e2e
2026.2 beta4	modified	user_docs/pt_BR/changes.xliff	aa3ac62e0b801870451947c652bb0dd304b71826	54f4717295b9d85e195962cc4db74675b91e4b0b
2026.2 beta4	modified	user_docs/pt_BR/userGuide.xliff	4b5c55606eebd869efaeb028e137626909b747af	e3501228ff55887a9dbcc7ecf9203e94a6f6e2c8
2026.2 beta4	modified	user_docs/pt_PT/changes.xliff	1d46dbc438983848ff7a53249c20f108b547f0d1	50c6eab8716c657d6db4142ec7038af2649383cc
2026.2 beta4	modified	user_docs/pt_PT/userGuide.xliff	0087696a62add211a2561f0ab587886763cf9974	1b29364c384fe6afda1eb081439fd74dbfdac9f4
2026.2 beta4	modified	user_docs/ru/changes.xliff	96677b30ad521f15f6ecf3a6bd50d8434b007703	a1a5c870eba3b697ba16abe61462411486968793
2026.2 beta4	modified	user_docs/ru/userGuide.xliff	4366234d36426ae206a80606a10b7216a0854ab5	001e9fb24c12b825a6248a1fdd4b32daad8c8fe5
2026.2 beta4	modified	user_docs/sk/changes.xliff	0aa9fe1b33ad21691451cbee5f0a1c18c1ab947d	95a0be990bb002fe66bfa611935f5b126a30ab60
2026.2 beta4	modified	user_docs/sk/userGuide.xliff	dab8c533b0f8743287f00b9363dd81a5882880c1	3cf70503a348a945c3449bce1a0980e1745aef95
2026.2 beta4	modified	user_docs/sr/changes.xliff	88fc6a4c1d0f7d8e02179cc9096a9cd1cd61fc1d	92e71047423360fa66c7ac5a90576fd43bf26838
2026.2 beta4	modified	user_docs/sr/userGuide.xliff	efc9592db2c0b9861d4f6de8b96a7ebbe81f874e	48f0e80deb8df3e83932da4c902e1d9ac1da385d
2026.2 beta4	modified	user_docs/ta/userGuide.xliff	87ea1401d6c23b5eb393a9f8e90038ffd8c69848	701abe6cdc8e6f40e11b2b9292ab5591687c077f
2026.2 beta4	modified	user_docs/tr/changes.xliff	c86c9ba86208a7a40e1fdb08b3a7410fd120310f	c01708c4c1dad8e8f5f13c4d6e0efa6b5631aa0b
2026.2 beta4	modified	user_docs/tr/userGuide.xliff	6f3ceb1b92a46ae364ddae86f19fef7992c776d9	cbbb7eebee77432d796aaf886132f2322d3ef3ac
2026.2 beta4	modified	user_docs/uk/changes.xliff	05cb87ef90307220b3d074d0a790ef2fc40d5bee	72c9464378e7b5fba8b9bbc7abf7f5e5d55e0fab
2026.2 beta4	modified	user_docs/uk/userGuide.xliff	0b83fad95f0e1f1454f2e7a64988f4c6cffd4103	fcba3c929b7ea68397536a55ba207a83ca6efefc
2026.2 beta4	modified	user_docs/vi/changes.xliff	7659e40ae6c6fb220e2db9f11d50f0b31094369d	daee13b9bca8528c1baa97cb3a6835f1869da81e
2026.2 beta4	modified	user_docs/vi/userGuide.xliff	c8f8ddd84d192502801cb45da0f5bdfa50da3849	b162a4426d1d060c99b5a08e05a59be532cd41b8
2026.2 beta4	modified	user_docs/zh_CN/changes.xliff	dd4812a903d9e1d5e4d628d331f26ef065ec6a95	adc15671d6039790c6b5f5e7c837e3c2c1cf4421
2026.2 beta4	modified	user_docs/zh_CN/userGuide.xliff	63a0701212775d250f913c41d5e3c628dae01068	2fc7f1c4e5b62174af1b5efbc0dc0bcdcbfbfdd7
2026.2 beta4	modified	user_docs/zh_TW/changes.xliff	4556b0bc35ce1525f829c06502504e01975e20b2	cbea0bfbe270aa8c2eef0acd60a140b57e71d628
2026.2 beta4	modified	user_docs/zh_TW/userGuide.xliff	4da6a28e0e5b34de7ecbf039e5fda4afcee9cba3	3aeb68dfeaff83be1103e2ee10d9dee2d7c2089e
2026.2 beta4	modified	uv.lock	9210c958818df868206b7c5329d37fcaf734bacd	42151a8e9c2014e7401989215dba65bd4b39a470
2026.2 beta5	modified	.github/workflows/add-new-language.yml	a22ea4814966fb31617bfdd108edaf39400c0bd9	9133d9c222561f3ff30350a114b84c0a124f7d7f
2026.2 beta5	modified	.github/workflows/clearCaches.yml	039c28961eb0b36441547ca67aed3de2d26aedfd	a391d793cd868a02b87ba730ac8afeae9dd39433
2026.2 beta5	modified	.github/workflows/fetch-crowdin-translations.yml	13a3d8e48ab5b54deebc2c298e66f5dfc098dd2a	43806c73c99fcf2a7b65e0aeba414a66a92d4fb3
2026.2 beta5	modified	.github/workflows/monitor-localisation-file-changes.yml	7584668c57cf30b131d3e3fe84139e18d68bd394	254c2527338f48a3ff0c6362c12fca1ccdd3cae2
2026.2 beta5	modified	.github/workflows/testAndPublish.yml	05ff1807cfc292da383908c643c7810d9c83bd47	67d418b43bd6618fa089ce8ae6bac4afdc3e233a
2026.2 beta5	modified	.pre-commit-config.yaml	fdfe0118fb26a92fa7efb85688b1d0b227a4a3e7	19a482f33ea765fc214ae93348a40b6644f4f098
2026.2 beta5	modified	.python-versions	05c2197512e8084559661bdda4b0426de8f9e0b0	c799318b8e175472df83757d8e95702f365a780a
2026.2 beta5	modified	ci/README.md	09f6b2e873bbe63862faa1b37044fb24e99cea72	a10b3ee896a4e7b99010563d895452285ac70df3
2026.2 beta5	modified	ci/scripts/checkAndCommitTranslations.ps1	141324a1aa77a65bdac08ad21c6398362c9747ae	972b1d131d89338bb7be7c8a05520cc0bf6de057
2026.2 beta5	modified	ci/scripts/setBuildVersionVars.ps1	c6452b84902b14d0347cccfafd7588349085f13d	f4e3fead863b8380fd0e6bb73848ef42878805ef
2026.2 beta5	modified	ensureuv.ps1	83be5c94d6ba80e4cad8a15bb40c303c7d31ca52	57c492f1c6de9b08bc09493e3f0bc3344d75cab2
2026.2 beta5	modified	include/liblouis	2e775aca674cd2910e272eed7736acceb4c2e4a2	2aa5f84b14de17bcfe8317862d11f6bd7d640e55
2026.2 beta5	modified	projectDocs/dev/createDevEnvironment.md	419f226fd3b6ebf332146fed850209804793645f	0535a329c11adb148a4ada832fd8ca7adc55cb5a
2026.2 beta5	modified	projectDocs/dev/developerGuide/developerGuide.md	f6c5f96c98de86ca36c21bf3b33d45ded4fc7316	5024f63cfc51b120f60ea6c8db2f1bd3e5e0acd4
2026.2 beta5	only-evolution	projectDocs/dev/futureRcValidation.md	96f4b06ddcc925049e3fa9dae07565de936349a9	-
2026.2 beta5	modified	pyproject.toml	fb590a6a8b8ad109a7981ca3becdede019036ba1	ee2a0f39bfb2255fb7aa8ced64d291b15f357cbd
2026.2 beta5	modified	runtime-builders/synthDriverHost32/.python-version	1f155dedb475f21cdeb94e30fd2db8ec550d96a6	fe6f212a49359f24bd0799d377528f38f3bcab23
2026.2 beta5	modified	runtime-builders/synthDriverHost32/setup-runtime.py	2cee396cf30d90e81b64ae213e206d9b7d05929f	d74991bc57ec2d7ec912817dc190a8d08cc8a735
2026.2 beta5	modified	source/NVDAObjects/IAccessible/__init__.py	c7abfaf97861cd108b866dc507f79b150f5ec464	5e6e77d4ff7d74c93196b749007b78c86157cd76
2026.2 beta5	modified	source/NVDAObjects/UIA/__init__.py	6017dba29983278f75e11f253be99426ce24906b	dc46de15c96fbdaf0b175dc95f449a7c6caec6e5
2026.2 beta5	modified	source/NVDAObjects/UIA/winConsoleUIA.py	10c19afd2b7e78c1d615910a7b2215fdddefb4e4	dd4aec30cf2ddf4dac7dc974095ff02239088812
2026.2 beta5	modified	source/NVDAObjects/UIA/wordDocument.py	915265f45a8516cc908fd2e969949ea6ae250b4f	1379f82dd981e45e3afc747926ad92ed6dd1bfda
2026.2 beta5	modified	source/UIAHandler/__init__.py	38b8d593d4ef39de4dd24e3cd20f42c07cd7fd7c	b11e5f0bb910e7a241d992633d4558c490001a6f
2026.2 beta5	modified	source/UIAHandler/remote.py	e311bb63296f17fc4c74e19f9f3095ab8e283ff4	13d4cde7a39cdede58664fa0b9bd0576e1f95e96
2026.2 beta5	modified	source/_bridge/components/services/synthDriver.py	54f4d2dd8853ba9415f2e27eb451c1544e62f6df	71507edd9dceb094faa8e8b11ab25d39a1989c2b
2026.2 beta5	modified	source/_magnifier/__init__.py	0a4f806d4131ad37ab326d6b9a94b1a6faff7601	0b296a4883b062367ac7997a04e4f79621fa6365
2026.2 beta5	modified	source/_magnifier/commands.py	b83ee2beaa9a6669a4f77801958ae2f96bf8b242	1dcb78be8096cefb60d65e253fdd172385abfc09
2026.2 beta5	modified	source/_magnifier/config.py	b62c878c137ed04711267e83a3caab79fc6d7672	396c8e8b8ddc58db4dd5f0b08751b1c7df5c9e21
2026.2 beta5	modified	source/_magnifier/fullscreenMagnifier.py	95b34a6241c7bcf269dbdfd02502d319e15bf4cd	8d6fa7e510473fccd90935b9a39cba5112c8cba8
2026.2 beta5	modified	source/_magnifier/magnifier.py	0d3710b090760c139435078ecd9ffa15348ab6cb	66e96c359a6bc69a6d1a1ba7ea59233dde089838
2026.2 beta5	modified	source/_magnifier/utils/errorHandling.py	2b2f37b4d780e11a92b66d8e591dfdb0623b7247	dcf6d0ddccf24ddf9d3a45e89f41af2cb8c5ad64
2026.2 beta5	modified	source/_magnifier/utils/focusManager.py	5473efd1ba29c82374b3aaf929f7e7653f5f6a93	7abfd8ae65c8cdc9e27493e13ff01902d6e7e525
2026.2 beta5	only-evolution	source/_magnifier/utils/mouseHook.py	2a73dc2ec634d8958bc777907ba196af2b65bc70	-
2026.2 beta5	modified	source/_magnifier/utils/types.py	e9bbe7e7c0140b3bbe3a74db9e9056fe81b50dd6	cd5edcee1936449c8f4fee2d012bac8c3ab6a4ff
2026.2 beta5	modified	source/addonAPIVersion.py	0657b0194026f83e721cf4380b761714ee8a9709	b300dc889c8e873534539e59757ea97d4c622b66
2026.2 beta5	modified	source/addonHandler/__init__.py	b241973917c0cd72e9a8bd496eb152af17c41969	87cdcc7f7c957c3d98706c4b1c25e9a9dbb1feca
2026.2 beta5	modified	source/braille.py	5ccdface171624e98e1a0950876f23fa6f556172	6e1d36be2082a6dc99ecc27b07fe2c10cbb0ea5e
2026.2 beta5	modified	source/brailleTables/__tables.py	84d50f742a7ed7055ee77ec7f531a1d753c2c5ee	2f93a9715b777d2786128e46c015cc8622f7df84
2026.2 beta5	modified	source/buildVersion.py	e0e9af5909cb96bd5bba2bdd6d615ac2af52f1ee	509fa403128bd6d105c508bf11e15184e51768b6
2026.2 beta5	modified	source/config/configSpec.py	1c058c3335c26ba79a9f7bc784942d4fa0c80217	5afeada7e59aa89e0f5f1c76656c449f8ba6b7d4
2026.2 beta5	modified	source/config/profileUpgradeSteps.py	cade8ddc09005450e203e10343673df0e535d1b5	b822b54c649655d23661ef98f76598b5b55af5fd
2026.2 beta5	modified	source/core.py	f1ad8084a6f8d71a951a8acb7cc84ed5c8d33344	7ea22bef3825a826a23049b89842d79a17879565
2026.2 beta5	modified	source/extensionPoints/__init__.py	54908b611de27e5618d917eb9b80c280151a1195	873847835057931c1ac1e4bf0a84a87b39ed96f8
2026.2 beta5	modified	source/extensionPoints/util.py	5b6f9b3b20160a63725dfb96a2d54080c8ecf8fc	c09226d8b43be4d58aff54a480fec6ba940519c5
2026.2 beta5	modified	source/globalCommands.py	b72aed630417d944c461eb1b6619c16126b86647	41d2e6c0552e427de633030603e55eca78033512
2026.2 beta5	modified	source/gui/installerGui.py	16154d530e4347060489c682aaafdca951a26626	0c69f252756f849236816cfa20c07e3df3d7909a
2026.2 beta5	modified	source/gui/message.py	6f12aeb7105ce2dc2bbaf9bbdf8e6588624d1425	3c3e58470dc7ed479e2f491b660031fad6c2ad03
2026.2 beta5	modified	source/gui/settingsDialogs.py	7bd0939d3b44e3e5683d1dad968f08968606a17f	cb19aed7e1fbc993ccaea3bd1cedba133ad10d47
2026.2 beta5	modified	source/gui/speechDict.py	5a46cf7d4b8ef520c8d712e3d2179d9ba5f0b432	37992cb9fa5616f03af2b6c2d3a4d4c017c680e9
2026.2 beta5	modified	source/hwIo/base.py	d95005969a95c09f015d29451bf1e8c214eebf00	0a34b27e42f4632fd5412c299c0cc01001b12f39
2026.2 beta5	modified	source/languageHandler.py	54de6ddb79dc36b64da7910a757911b111e77682	656028ebe62fc08111e729b20e09d6e4aeefe4df
2026.2 beta5	modified	source/locale/af_ZA/LC_MESSAGES/nvda.po	af7f998003367de04aeffc195ca5efe86613e4e3	f9740af9cbcf865fb8fafbf032d4095c6a4542a4
2026.2 beta5	modified	source/locale/am/LC_MESSAGES/nvda.po	ead2db7b17719d5e011d0b48312aa402aa0b60a5	0b593d6252637b5933781cb508c8c184c7a0bea6
2026.2 beta5	modified	source/locale/an/LC_MESSAGES/nvda.po	13a938bda9965f18804f709aa47d54bf854e1eb6	5bd5a58a881ac07d06261265cccbec5b2e91a6ee
2026.2 beta5	modified	source/locale/ar/LC_MESSAGES/nvda.po	7d8ebfce7c618c373ca385fabbcf55cb81daf818	e0a70a7c0977a41acdf16210b39b8a549622c970
2026.2 beta5	modified	source/locale/bg/LC_MESSAGES/nvda.po	9011d1de155343d73d1dae278a55376df274f7b7	502134fad971cf009e87bfac2a616481da356ca7
2026.2 beta5	modified	source/locale/bs/LC_MESSAGES/nvda.po	d7d20d6f6b70a5e883b60167177855306220fe99	1df9e48560648bb36254757fc41e12f9a57a1187
2026.2 beta5	modified	source/locale/ca/LC_MESSAGES/nvda.po	3d0fa70b2e79f2fd1389f6b3c322cc639da239e6	96c1a31de64c228db4ac5d156e00dd2c55080973
2026.2 beta5	modified	source/locale/ca/gestures.ini	d90f196b8e711fa05b211e2bafbc47c80ca83ab0	c7e3e7b5376cad4c4080e814dba9563f37c06a26
2026.2 beta5	modified	source/locale/ckb/LC_MESSAGES/nvda.po	4262c351cd44a5db5a1ce88ef50a5d130b70799f	edb4e48167d5a1f4336197adfe901f37cef29beb
2026.2 beta5	modified	source/locale/cs/LC_MESSAGES/nvda.po	1bcdb8ff8e44863f964b643af06ed0db1850438a	a0cc4fcd8f7c9b6ea6bac1372fbd12cb7aa19625
2026.2 beta5	modified	source/locale/da/LC_MESSAGES/nvda.po	ebbee18e0977139da7736475f135faf79beb77ce	0fa6bfff151123a02a1bcb47cce8cc8436c350dc
2026.2 beta5	modified	source/locale/da/gestures.ini	1eda26949552c6bd7836c1ec460212c7dd25f6b8	34b31c9b14915894317ee03ae9f430960869fa6e
2026.2 beta5	modified	source/locale/de/LC_MESSAGES/nvda.po	9eb0584281290295f87f415a066ba2395fef998c	8ef4c010360d0d2303d3da4a4ead87d28a651913
2026.2 beta5	modified	source/locale/de/gestures.ini	b0e893c28cf0335aed776d73d6e7c4a780d8e8de	a8b865e01602fb97b76e0052e0b889a75be8610b
2026.2 beta5	modified	source/locale/de_CH/LC_MESSAGES/nvda.po	103b90b377a74d62f6829f51ed068c4b5a5e1459	474af83e947a839d8709d45887dd2c8ad2487469
2026.2 beta5	modified	source/locale/el/LC_MESSAGES/nvda.po	d42a2e1659cb2b8e0070b87e296c4ccf6e1c7082	915bf8aa36b4e961cfdbcb3145d410ac59737116
2026.2 beta5	modified	source/locale/es/LC_MESSAGES/nvda.po	e4b3b76dece46689e1a1c4a31a775cf62445dbda	9f371521c2e8fb3511a2ffaf52d4a10d4ca8707b
2026.2 beta5	modified	source/locale/es/gestures.ini	d90f196b8e711fa05b211e2bafbc47c80ca83ab0	c7e3e7b5376cad4c4080e814dba9563f37c06a26
2026.2 beta5	modified	source/locale/es_CO/LC_MESSAGES/nvda.po	9ef8b05cc7d8712c8ce2fdbaa5bef70c3486b1aa	1cdff136e59b362637fa6ab0d4382b8bacc94d18
2026.2 beta5	modified	source/locale/fa/LC_MESSAGES/nvda.po	dfafdb13c240f5c5c4c5a083c45e68cb769ba554	a11a07a8daf85883b6c9fcd0e7029a5b563651bc
2026.2 beta5	modified	source/locale/fi/LC_MESSAGES/nvda.po	1c3d34669c15fdbf041d3de08796b4fca7a4d36b	a1c5f3b37f819cf3d1366cf15f348ba5082a3f1f
2026.2 beta5	modified	source/locale/fr/LC_MESSAGES/nvda.po	ac4ab93de46594e3a4746a3aac4aa4fdb9f04037	32b0f165f4a4bf3e63afe9caeb7d1e78503926d4
2026.2 beta5	modified	source/locale/gl/LC_MESSAGES/nvda.po	743e92cf4b20c51a9edbb01539190b10a47aae88	6cd7345ea8a6a49ce36caf90a51e42100a82b55c
2026.2 beta5	modified	source/locale/gl/gestures.ini	29f34d1d3d7ecfb0865bf087c267f0d125f5f465	d1f08b014bcf7fc88be168f587a8a366276b09dc
2026.2 beta5	modified	source/locale/he/LC_MESSAGES/nvda.po	c73e0dafbb98b1086560df593b2d43b82a56b4ca	9a6be4a91a6ddad596c68cd67b5a3c1076ad341e
2026.2 beta5	modified	source/locale/hi/LC_MESSAGES/nvda.po	adc7c3ad8c5824638ed1123d575f72cf9d9dc8f5	938a928ae83bd16d3f43f7c228e9cac9337bd5ae
2026.2 beta5	modified	source/locale/hr/LC_MESSAGES/nvda.po	a52f495a9c779196a9974e13f9bf19375eeff2e2	45212e87e982bbe23eb97a6694b19dc7c5d683f4
2026.2 beta5	modified	source/locale/hr/gestures.ini	175905adaf8eafb1bd9a1bc3b9d338fd5d836016	9bf99776b8d4e2fe105c315c018aaa70c049490a
2026.2 beta5	modified	source/locale/hu/LC_MESSAGES/nvda.po	8abfc8a0e3318d5b400a5ef79d6b3098c9e718dc	b7f89c1a0d627f3933356e7e21c7daab8479bf33
2026.2 beta5	modified	source/locale/id/LC_MESSAGES/nvda.po	7572c5fc639a324b2b941f09c319888c5490b80c	dc69a34534da8ab43278d9528e6898516b5991ba
2026.2 beta5	modified	source/locale/is/LC_MESSAGES/nvda.po	e389c3707270ea2cded029b170902cc669a38a0c	2ddc69f326fc138485fdf6a24c1cd8345f866519
2026.2 beta5	modified	source/locale/it/LC_MESSAGES/nvda.po	de34af16b727363a2cc974f33f066d7896f49d05	4e7a6be18314dcb0dcbf8903bdaf03d7a8b2fb9f
2026.2 beta5	modified	source/locale/ja/LC_MESSAGES/nvda.po	39e5b00fc563123a8556f1b8f1d1c0192417ea3b	b51e6b4c5491f03c97b0df24608874f485f529a4
2026.2 beta5	modified	source/locale/ka/LC_MESSAGES/nvda.po	3678bcbd992310498939ce4bdb7696b20edb6b2d	7819940e4005f8d622ba4d66e480ae47a8d81f76
2026.2 beta5	modified	source/locale/km/LC_MESSAGES/nvda.po	2c7f1d4df9d73685955e37bb62504715010c67ba	ccdec71dacd6202ea5e2381837e139a0576ee41c
2026.2 beta5	modified	source/locale/kmr/LC_MESSAGES/nvda.po	6f76c7694589dd22233a3e7a9a5dea7badf84833	17c4d8757a35141de6059ab2ce5a812eba41396f
2026.2 beta5	modified	source/locale/kn/LC_MESSAGES/nvda.po	b46fae59db8f98cb4ff6b6e9188f260bcf42bab3	1f7497b86bece7c08c9ab8c6e9b88932c13b6f98
2026.2 beta5	modified	source/locale/ko/LC_MESSAGES/nvda.po	338f4d067186ba13fd70ce3c0277eee7e18a7e98	ad5d290397f249c33fc71168302abd04c8a07877
2026.2 beta5	modified	source/locale/ky/LC_MESSAGES/nvda.po	8a5a78da1bd39d567ba05892382ec91f639dd73f	33ad56ae0dc804f6a04d92850ddf8da3f4b9d4bd
2026.2 beta5	modified	source/locale/lt/LC_MESSAGES/nvda.po	fb75113de810357292645ad62d60e46b03e405ce	a4f3216f514bc3efceacdfeef2d95c121b586082
2026.2 beta5	modified	source/locale/mk/LC_MESSAGES/nvda.po	21dcf2b100334e13d060c63cab420be324cb9b66	97091c7b50f392475e21f46e4884cff177e04fef
2026.2 beta5	modified	source/locale/mn/LC_MESSAGES/nvda.po	8dab788c59592e0e8221e139d50683df2a03499f	5c0f11ea55f58fa19a96618d29697c7bc7199fe8
2026.2 beta5	modified	source/locale/my/LC_MESSAGES/nvda.po	b50bd147f6680e57715c9de8f3366c94170b4b56	db81b91c42221e6d9561f428c82eb2d78582c889
2026.2 beta5	modified	source/locale/ne/LC_MESSAGES/nvda.po	76729a2d508a1c793ebf26efbe3c4292e1a0ef16	bd73fe44977b98f59c2672915a4f33500019fdf0
2026.2 beta5	modified	source/locale/nl/LC_MESSAGES/nvda.po	dba6dadb823eec8d22b8e29f438d9107039cdefa	23dc5a14e39c669bd0a1c06ca65c2451e1451972
2026.2 beta5	modified	source/locale/nn_NO/LC_MESSAGES/nvda.po	eed71905a19b46814a6fdedbf2f306f54e0d73bc	604f97a3ebae522fcf36e357527d3e8132726f21
2026.2 beta5	modified	source/locale/pa/LC_MESSAGES/nvda.po	7f85180e1da74786a121424d77ca37346e8c343b	9fe023d76df1fd7e16e4d9cdf74ee49ab7535653
2026.2 beta5	modified	source/locale/pl/LC_MESSAGES/nvda.po	34658f642b17b78d64c08781aa4e87f58c6491b9	6f28891bd2e21a5a79e1234949357ced742bb534
2026.2 beta5	modified	source/locale/pt_BR/LC_MESSAGES/nvda.po	37bc0143bb7b8e8e8e982c4e4a0bc9a7d45b7371	327940f0986742e14d3f8d1d9a47a0fba6177c44
2026.2 beta5	modified	source/locale/pt_PT/LC_MESSAGES/nvda.po	913e2f11fd11bf4c2cbf3e221a52ec272973fdb4	b82be441519a5d1c064905d57efed1a8048041fc
2026.2 beta5	modified	source/locale/ro/LC_MESSAGES/nvda.po	6aeab8597db66ed228a79faf82ecf5d2b1b257cb	1b35ccf2ee37729b1b6f8f5fe2cf7564b321ad93
2026.2 beta5	modified	source/locale/ru/LC_MESSAGES/nvda.po	49e8f93ff33b754b14a5b77d4aae27e02c57e24a	3443d90916bf58c986402c8cc7ebcd778e9411b1
2026.2 beta5	modified	source/locale/sk/LC_MESSAGES/nvda.po	d5ab4a62baaed9342c8965428c671256a5cfa6e2	bad50e1d86c5e6e96b15c94ae3fc3108b96ca62e
2026.2 beta5	modified	source/locale/sl/LC_MESSAGES/nvda.po	2743715f5f781eca9feb26d37fcfcdb7cface36b	20ca9ab0cb663efa3a7146a72a2f38d11e713995
2026.2 beta5	modified	source/locale/so/LC_MESSAGES/nvda.po	5ae6ff91ef076a5c9ec3bac6b3baa3b66e48962e	dd1b0ec96bdc2b82fafd05eee80d1c54dfe1b20b
2026.2 beta5	modified	source/locale/sq/LC_MESSAGES/NVDA.po	b76e3c2f7e481718d93cf6b31c40ca18014c7cea	813da579668e9296ac5f1e13924c70d252469965
2026.2 beta5	modified	source/locale/sr/LC_MESSAGES/nvda.po	2c3991913c7f471c7de945634acbf60c02928410	731ec59b389eb5e3cb3bffb52c9c6f54adb00ee3
2026.2 beta5	modified	source/locale/sv/LC_MESSAGES/nvda.po	a9541d84d813e86e738eefbe261994348fb71ca3	d88f16f047815d05fd2855493e0af12a84928b9b
2026.2 beta5	only-evolution	source/locale/sv/gestures.ini	58da6cfa42722a02d27d1d1395c8f0243a21d746	-
2026.2 beta5	modified	source/locale/ta/LC_MESSAGES/nvda.po	55eea6cf17576d77b9f9a5ab6f07a73b75e3d0f3	fea6e63534e8a5b09fe85b8842d87567b1406e3e
2026.2 beta5	modified	source/locale/th/LC_MESSAGES/nvda.po	6401344a500a5521fdc7a9d5c901cc51cc56ff13	9ca6443827db513bcd901ac67a2bc83f4649d1af
2026.2 beta5	modified	source/locale/tr/LC_MESSAGES/nvda.po	8fcabce202e6920fc6d651f22f96100037683b1e	6410a715d5aa7b386634e6d495243a87ffbc9b72
2026.2 beta5	modified	source/locale/tr/gestures.ini	9376c41ae639be66a669ac9713b10124f1f7619f	cd459333a92ed1434e894841ccf0109211c4ffc5
2026.2 beta5	modified	source/locale/uk/LC_MESSAGES/nvda.po	905ffc501c9592ed6fe24f2724af4f785303547b	fae38b791029ed4b3a3b756c10b2891722f5dcc3
2026.2 beta5	only-evolution	source/locale/uk/gestures.ini	fc43313db9e3ed7de1afc5a3da7de98e43ab0695	-
2026.2 beta5	modified	source/locale/ur/LC_MESSAGES/nvda.po	e3c42a797322017cb47283534540a273c4e50733	67dacd89886da754ed168b730b9df23c63e6e140
2026.2 beta5	modified	source/locale/vi/LC_MESSAGES/nvda.po	6e6f287e2256bdfe4b3f8bf4ac409c16a4d1d0f8	8c818e961b1ba7569913217ba039344f62dc4a07
2026.2 beta5	modified	source/locale/zh_CN/LC_MESSAGES/nvda.po	2535075050ebfdccc88db6b51c787b37d5308b00	8356a78123faf2cdd538e2de8ff2dfbfef6394d7
2026.2 beta5	modified	source/locale/zh_HK/LC_MESSAGES/nvda.po	e6ebae4031c726b6ae9cc9d0831620203858e764	c5dd712ba63417dae18dc395eeb8d26b9e4fce2d
2026.2 beta5	modified	source/locale/zh_TW/LC_MESSAGES/nvda.po	0704db61d48d3078cf3761e3af8163569ae713f7	baa4f23d7604bd12ee8cfaadd9f827d7cdd1ce0a
2026.2 beta5	modified	source/locale/zh_TW/characterDescriptions.dic	62462901dffe4cccff01ef5362b20614a9d169da	83236c38489095bac4945336b7cf992711ecea39
2026.2 beta5	modified	source/locale/zh_TW/symbols.dic	6371a77aacd6ba29a996a397b7cc8f8980649e6a	aec10e8c88da50cbf18bfc8f1e856de78de7e546
2026.2 beta5	modified	source/locationHelper.py	9fe381e55ccbecda86f8599eb485fbe68cffa391	2beef1ef1ef0e03943fee8bea7cb6f77ecfcc355
2026.2 beta5	modified	source/mathPres/MathCAT/preferences.py	8d9f86ed026003494ea10226e5f6d2ddb6a9fe05	612b2cce9a1cf65417c7a54e21530f0d0882c6de
2026.2 beta5	modified	source/remotePythonConsole.py	6c66ed564212238aea9af920b111f45444fdb63c	719e812ba8ae0d5d834b2290707b17a4b6e31b87
2026.2 beta5	modified	source/speechDictHandler/definitions.py	ed3bdd836c911fc7001e38063a241538909f9bad	31c5dfe4413497a041f198d3063a4e8bac81438f
2026.2 beta5	modified	source/touchHandler.py	7fa75113afb058cf4f0e167e1a9c25f9766bf148	b0b177a3410d481410c68018fba4711943b13c56
2026.2 beta5	modified	source/utils/security.py	90feedb092859b7decb2fd126c07ab1f512b4c82	b0c9acf1f8fc478a1101369336b4584346d7a389
2026.2 beta5	modified	source/virtualBuffers/__init__.py	eaa5abf9edbd1e920ad67d3dc1c71815ac67041e	4755725502779d97a1cc006a96e3ced2df5a219d
2026.2 beta5	modified	source/winBindings/advapi32.py	7b156e1072dad78e69902e31ddc4daaa6525dfac	69f69764284823409b14f37208f5f3f03e93fb21
2026.2 beta5	modified	source/winBindings/magnification.py	29b33845ca41f9e30edb459865bb298b89e99cca	95f1200a0231dd79ff279ceaa301529995fed939
2026.2 beta5	modified	source/winBindings/user32.py	ea4a9773e93193525c96331d1b6c86b9611ee1b2	9a9fda2c721a024ba983274a9158882d5754ce89
2026.2 beta5	modified	source/windowUtils.py	abbd37b230d3cdb8d8cbb97ee0a8a036c98efc91	59f5cd5ef1802eb6291ae485d8eedb3df5281909
2026.2 beta5	modified	tests/system/libraries/ChromeLib.py	a8ffe8d66ec8934ae8c0c9abc63c1132ed98e5b7	fc52c59223d4b61ee1fef40b2fb5e2ad4d0c79a3
2026.2 beta5	modified	tests/system/libraries/NotepadLib.py	b79dd0e30bc731837012ec400a5e37682a0d7072	6808865e506d3fa316ea1772557dfc150ee8a14e
2026.2 beta5	modified	tests/system/libraries/NvdaLib.py	c86aa2bfb7d62eb1fcd397b72b281e43bffe09ed	7bae843c760b3c0c36bb168db4a293259f2ea7b1
2026.2 beta5	only-evolution	tests/unit/test_NVDAObjects_UIA.py	4422b4fbc1bb95704e4daba8a866717cfbfd5560	-
2026.2 beta5	only-evolution	tests/unit/test_UIAHandler.py	2a8139ec5ffbaaaa5901d7c70dab1008471d66d5	-
2026.2 beta5	only-evolution	tests/unit/test_addonHandler/test_addonImports.py	94da9840c13e56273ae21a4d190967b6e53150a5	-
2026.2 beta5	modified	tests/unit/test_addonVersionCheck.py	cb7dd7cbcbcd13a929237b6ef0d74bac5dc25336	862e7d3731ba62d848bf13ba5de72b7587da1fb4
2026.2 beta5	only-evolution	tests/unit/test_braille/test_secureDesktop.py	76853a0c22d362d94c205012b706243c35128d3f	-
2026.2 beta5	modified	tests/unit/test_extensionPoints.py	9c13c9e90dbfe3d90e12d89caae99988eae2ce95	97842056ccb92c36041ebf6e1fb63868668793a0
2026.2 beta5	modified	tests/unit/test_hwIo.py	dc9fb19cfb76a3fca78aa912e27707be8c92c280	45b6714bed5fa9e91bbb46c361baf2c113c6770d
2026.2 beta5	modified	tests/unit/test_languageHandler.py	e503f702418be67702433be1574384bb705b6862	d4f0220871fb7e98462c43aa698d35a510188374
2026.2 beta5	modified	tests/unit/test_locationHelper.py	a08e8e8ac4c6dec3a01ba214b21efaf5693facd1	3f526c1c3fe064c5b085ae975f60ec1b7793ee70
2026.2 beta5	modified	tests/unit/test_magnifier/test_fullscreenMagnifier.py	b4833d5e3d4c526900bb7f4980b28c9a87cc0976	9f7f348aaa9e9b23ed297619b86653790857138e
2026.2 beta5	modified	tests/unit/test_magnifier/test_magnifier.py	70606ef4c16bbb86ac086d619b69e9c97f4c5e3f	7a26dd883c326dfa32bb96abae0a3faf57034146
2026.2 beta5	modified	tests/unit/test_magnifier/test_magnifierCommands.py	c1b5e2de56b821e84f060fa5f37ceaab039c8d2a	ab3681b238268f26ae3eb8d0d09427df524133d0
2026.2 beta5	only-evolution	tests/unit/test_magnifier/test_mouseHook.py	56f2c42daae5ed5309ba3b75d2d853d51258773f	-
2026.2 beta5	modified	tests/unit/test_messageDialog.py	a1fbf00737b8938e0682d39ed65d581763b5cfcc	f24492a788253f57320fa87692e1e14c0f3bb34c
2026.2 beta5	only-evolution	tests/unit/test_remotePythonConsole.py	5f311ea90ae2d1e4680067d80d43f6f10c74649e	-
2026.2 beta5	modified	tests/unit/test_util/test_security.py	94b86ad0beaecaa7a310805e3116e1db831244fb	7830b295ee4c8901568f5b306cd12ae4c3c1ec98
2026.2 beta5	only-evolution	tests/unit/test_winConsoleUIA.py	c2d53eaf32d33913dacb2f12608c03f161421748	-
2026.2 beta5	modified	user_docs/ar/changes.xliff	f1131f59d7f703378defad927057861d8daecfdd	f27ffda1d8ece89af201035efd71cfdafe2a423d
2026.2 beta5	modified	user_docs/ar/userGuide.xliff	b2b405ab8b5f726372939320b2cd81c7480b5e78	0bce548c1505bea14dc3a7a0cd3d78b6238047fc
2026.2 beta5	modified	user_docs/bg/changes.xliff	2be6dc54fe672a447a799d821942af5eaa6eb850	f0a4b6a104b6d522ede5612a18b95ef34ae18a25
2026.2 beta5	modified	user_docs/bg/userGuide.xliff	432781cce068a8fcca95d740fc6e46b36ac08193	bc146e85fc9b5ca2591c4743e49b5255bd65a6ec
2026.2 beta5	modified	user_docs/bs/changes.xliff	1295ea46b30acfd4623594b2d35bd695d36d165b	2f00dcac5a480f8ed29489131887e48330178d69
2026.2 beta5	modified	user_docs/bs/userGuide.xliff	828e379088ef8a329f95ba2c7e6f6c8407223893	422dbc960c179e02d46613e0ed2b7ea5ff90ef01
2026.2 beta5	modified	user_docs/ca/changes.xliff	cbc1665fb044b5c6b941a61a71ebbbaf8c195cb9	de236215d1cf4b80956ccc464870059bdcf32f9d
2026.2 beta5	modified	user_docs/ca/userGuide.xliff	1cec817a286da7f557d527cd0c63737d905680b0	501c376116573b29a719f5599c462226e1fcaeb0
2026.2 beta5	modified	user_docs/da/changes.xliff	b4ea8f1745cf0866ace2078a25a2cd762b372f4c	2478f049cac5c43b86a171894db701888d6fb6af
2026.2 beta5	modified	user_docs/da/userGuide.xliff	7cefd02b3607f8530d50a5fa3f9277486a71627a	4ce4e22abd503972b791fd5aa49e63de5a0433a1
2026.2 beta5	modified	user_docs/de/changes.xliff	90d27f1627d33beb38f5340c83a2f27a9da1c8aa	565a4759bb057725f6711955bc7a9099350c6804
2026.2 beta5	modified	user_docs/de/userGuide.xliff	de3cc8d0b754cd8bd894d9a8892a3cdcb9f65053	421c3a9cc10fba9026fde116d376eff9772a219b
2026.2 beta5	modified	user_docs/en/changes.md	c05d7ce042473b77d40799238c77e6504d583c80	264bda4570b0080fb0e70661961c6b03f973772e
2026.2 beta5	modified	user_docs/en/changes.xliff	e1adfeadea98d9443c0005ccc1470d674fae589a	e187f1c8079b195c090b7f6b6f20cae35472f012
2026.2 beta5	modified	user_docs/en/userGuide.md	d6b75f586bdc7008b0caaf2b6ba3f56c4c5d1e69	b4d70e02f50505a7105648f20851d604c3e53a8d
2026.2 beta5	modified	user_docs/en/userGuide.xliff	b255cd5dee12c6c512ddc88f7fb3ee66cad94903	a846f51f0f55b37efd71c386b7ccf6ce62743236
2026.2 beta5	modified	user_docs/es/changes.xliff	738204d1bde44baddc5fa75f3e861276c7b8a90f	85be8f1cd7680eaa4127b08710cbe4d4139ad4ec
2026.2 beta5	modified	user_docs/es/userGuide.xliff	7f89984b8687937716ae91ae9449fec0ee5449cf	b77be29338e8930a35b7af82c4237a50f511292e
2026.2 beta5	modified	user_docs/fa/changes.xliff	f5e5b6445129193df6b7ab03685fa9e968c613b1	6bb8c4d8723b47d3cc00cd603e69421c7881ad50
2026.2 beta5	modified	user_docs/fa/userGuide.xliff	68f1f87e86d58de0c604bf051eb569d58ff56fe4	741bb683e468f1fedfbdd727a8ce2762f7afa4aa
2026.2 beta5	modified	user_docs/fi/changes.xliff	dc0d539e2352cac131d4c0296544b833af46e350	ba17ac60999e7a34c51580bcc74349e307246728
2026.2 beta5	modified	user_docs/fi/userGuide.xliff	02d7450d6513b90993bb1fcff4f4a9f55828187b	fb6a1e6819e55c24befcb2b5ffa0024a5bc09d33
2026.2 beta5	modified	user_docs/fr/changes.xliff	636c59c81812f0cca72b1d3831c7c5560e4ae377	167bbecf6f655432b7f483f94c6e674e61982ad6
2026.2 beta5	modified	user_docs/fr/userGuide.xliff	b385aaefa1f3ae6fc3d824053d668ecb9b4c702c	2405d31ebd2eb73bc132c0665fc245f074b2c793
2026.2 beta5	modified	user_docs/gl/changes.xliff	dc5e0dd5a7e603ccb137cda9aa8c44b3c3d985a9	775f809ca2c8b1b4984acc44425d10920f327799
2026.2 beta5	modified	user_docs/gl/userGuide.xliff	0da2682325152bc890cabdcfc00cb3a0c3721836	760ff46b90c8441f87b909a26c1be79895b41b4e
2026.2 beta5	modified	user_docs/hi/changes.xliff	1f0e71819b1498a1c519576f4a7841638cfb41ff	d4f383b69a67043a96713aabfbd6930d7acead7f
2026.2 beta5	modified	user_docs/hi/userGuide.xliff	796c857e08a6b8fba1e9f1b854a97c936826a60f	57d1e54dd70fa24c39ea8c4638d48ef7b241e456
2026.2 beta5	modified	user_docs/hr/changes.xliff	877def4591c687b1b97d90393d67fed8a16059da	e6756bc92dca8794b0f8af63bf36f9d95e4c4c84
2026.2 beta5	modified	user_docs/hr/userGuide.xliff	cc0641c26f6599b65a59d9be8d0216dd838f48a6	47a3dc900041f6d36176a58e551d2b357e6683f4
2026.2 beta5	only-official	user_docs/hu/changes.md	-	64107b5b3b36f9aaff22fa76bbd1016aa3d37344
2026.2 beta5	only-evolution	user_docs/hu/changes.xliff	54288b375ef0c8de6945f3086f54900e931a76c5	-
2026.2 beta5	modified	user_docs/it/changes.xliff	94047b6773c84f9108fc1dbb48be7b4481710476	d7e70246fe36a6dfe9a97ab417315e40a05a98c7
2026.2 beta5	modified	user_docs/it/userGuide.xliff	1abfe22ecf076d7bad272752b1ea4a7a4916ee1f	7100b66fa630730813017d43826dd82ab633f37f
2026.2 beta5	modified	user_docs/ja/changes.xliff	c6847f6770c2b5b5812a4a8c2685fd6fbd34fb07	f8028fd474a82573bb5efdefb77cfcc864562132
2026.2 beta5	modified	user_docs/ja/userGuide.xliff	0a64412ae70ddbdd325dd634cbd8eefd407f9966	2cf9fa7fe480f5b513cbc00d9ce3bdac04d82394
2026.2 beta5	modified	user_docs/km/changes.xliff	c24f737d2c1d531ee2afd16419693dee7ac10b1f	adc903b287b9fd4b85203e06a22314cacb3cbd85
2026.2 beta5	modified	user_docs/km/userGuide.xliff	01134536c1f0457bbdd70b8aa18eed142943f49a	1cf4d973f1cd577c69d27554fb874fab0526e165
2026.2 beta5	modified	user_docs/ko/changes.xliff	9d8962c944dc38a0b5647675b3900d919a79dd20	d0af8cc30801a00fb3c464a3bfa2c1dbb3063f42
2026.2 beta5	modified	user_docs/ko/userGuide.xliff	ef76965caf9e4905ff10641e7ed83730b15bfbd2	c4ea63c72fa13e1ab95f07401a33424fb2f9258c
2026.2 beta5	modified	user_docs/nl/changes.xliff	e96348cbff353017660ba3a703015bb6cce69d35	66151ac72812d4627bbe08e8c386c7c3558950b4
2026.2 beta5	modified	user_docs/nl/userGuide.xliff	62186700ec4b695dfedd2810e753390aa615866d	152c60e7c300b4f064fa77768e5b9870b38d088d
2026.2 beta5	modified	user_docs/pl/changes.xliff	1502a051a0739314c416cea89faf865457d3eaf2	2862e80c8d92a77f0978a3055da64a2c44343049
2026.2 beta5	modified	user_docs/pl/userGuide.xliff	f93311498ce6773ddff0877cd4d092f5bd4e0757	5ddbe147cdb3965f786c39c18f3a2b983da1faa0
2026.2 beta5	modified	user_docs/pt_BR/changes.xliff	aa3ac62e0b801870451947c652bb0dd304b71826	1d07b4417fd8d5d991187ddb03a6b53eff7f34a3
2026.2 beta5	modified	user_docs/pt_BR/userGuide.xliff	4b5c55606eebd869efaeb028e137626909b747af	7bd268c0bb2025465a1dc6a0a83ecf5b94558ac1
2026.2 beta5	modified	user_docs/pt_PT/changes.xliff	1d46dbc438983848ff7a53249c20f108b547f0d1	77ed72267ee69e3d95b0bc00f6d61fe77dc0b987
2026.2 beta5	modified	user_docs/pt_PT/userGuide.xliff	0087696a62add211a2561f0ab587886763cf9974	ca88d1b7fc4a977916caa70e99eda1779cd91463
2026.2 beta5	modified	user_docs/ru/changes.xliff	96677b30ad521f15f6ecf3a6bd50d8434b007703	7432486d785a2b71014fbeca91d18d76379a2cea
2026.2 beta5	modified	user_docs/ru/userGuide.xliff	4366234d36426ae206a80606a10b7216a0854ab5	15c4a78217a3b8e4c80582712d3f3a3eb7e64526
2026.2 beta5	modified	user_docs/sk/changes.xliff	0aa9fe1b33ad21691451cbee5f0a1c18c1ab947d	44813dce0be8f45b811d08559582f16f7aaefb24
2026.2 beta5	modified	user_docs/sk/userGuide.xliff	dab8c533b0f8743287f00b9363dd81a5882880c1	3878269e78a4b3417e9dbe066d1ff4f5b267634e
2026.2 beta5	modified	user_docs/sr/changes.xliff	88fc6a4c1d0f7d8e02179cc9096a9cd1cd61fc1d	dbdc2008bd6e5ebe59010d8b698130df66ac1539
2026.2 beta5	modified	user_docs/sr/userGuide.xliff	efc9592db2c0b9861d4f6de8b96a7ebbe81f874e	6f17adfd406d6d0db508158c319288b458d3555a
2026.2 beta5	modified	user_docs/ta/userGuide.xliff	87ea1401d6c23b5eb393a9f8e90038ffd8c69848	e786e4eb5f1b207bd97a1940099372d8ae56a895
2026.2 beta5	modified	user_docs/tr/changes.xliff	c86c9ba86208a7a40e1fdb08b3a7410fd120310f	85e90bf094ef7355decd4f3128874627d3c4662c
2026.2 beta5	modified	user_docs/tr/userGuide.xliff	6f3ceb1b92a46ae364ddae86f19fef7992c776d9	9614509c5823726bd073bbe8da801ec1fd03e8c3
2026.2 beta5	modified	user_docs/uk/changes.xliff	05cb87ef90307220b3d074d0a790ef2fc40d5bee	8de784169020e6e2c9842135bd3e70126f21222b
2026.2 beta5	modified	user_docs/uk/userGuide.xliff	0b83fad95f0e1f1454f2e7a64988f4c6cffd4103	15fc46a971d287c39761b55e7243866cdf597d59
2026.2 beta5	modified	user_docs/vi/changes.xliff	7659e40ae6c6fb220e2db9f11d50f0b31094369d	98f73c041c4360d0fd207058b6f64d5050140433
2026.2 beta5	modified	user_docs/vi/userGuide.xliff	c8f8ddd84d192502801cb45da0f5bdfa50da3849	349299e04af56b506eb811bddd27f506e740a9a5
2026.2 beta5	modified	user_docs/zh_CN/changes.xliff	dd4812a903d9e1d5e4d628d331f26ef065ec6a95	683c9ff243fba47db792645d555f87ee9b92a43e
2026.2 beta5	modified	user_docs/zh_CN/userGuide.xliff	63a0701212775d250f913c41d5e3c628dae01068	1ee0322b583d3b11d1491b2284d38584f850b012
2026.2 beta5	modified	user_docs/zh_TW/changes.xliff	4556b0bc35ce1525f829c06502504e01975e20b2	0449a1234835941a7b3c11451c56c6d9a1a081ef
2026.2 beta5	modified	user_docs/zh_TW/userGuide.xliff	4da6a28e0e5b34de7ecbf039e5fda4afcee9cba3	40aac96e96fcd53a2868afcd0ea2c87f5d94ba42
2026.2 beta5	modified	uv.lock	9210c958818df868206b7c5329d37fcaf734bacd	42151a8e9c2014e7401989215dba65bd4b39a470
2026.2 beta6	modified	.github/workflows/add-new-language.yml	a22ea4814966fb31617bfdd108edaf39400c0bd9	9133d9c222561f3ff30350a114b84c0a124f7d7f
2026.2 beta6	modified	.github/workflows/clearCaches.yml	039c28961eb0b36441547ca67aed3de2d26aedfd	a391d793cd868a02b87ba730ac8afeae9dd39433
2026.2 beta6	modified	.github/workflows/fetch-crowdin-translations.yml	13a3d8e48ab5b54deebc2c298e66f5dfc098dd2a	43806c73c99fcf2a7b65e0aeba414a66a92d4fb3
2026.2 beta6	modified	.github/workflows/monitor-localisation-file-changes.yml	7584668c57cf30b131d3e3fe84139e18d68bd394	254c2527338f48a3ff0c6362c12fca1ccdd3cae2
2026.2 beta6	modified	.github/workflows/testAndPublish.yml	05ff1807cfc292da383908c643c7810d9c83bd47	67d418b43bd6618fa089ce8ae6bac4afdc3e233a
2026.2 beta6	modified	.pre-commit-config.yaml	fdfe0118fb26a92fa7efb85688b1d0b227a4a3e7	19a482f33ea765fc214ae93348a40b6644f4f098
2026.2 beta6	modified	.python-versions	05c2197512e8084559661bdda4b0426de8f9e0b0	c799318b8e175472df83757d8e95702f365a780a
2026.2 beta6	modified	ci/README.md	09f6b2e873bbe63862faa1b37044fb24e99cea72	a10b3ee896a4e7b99010563d895452285ac70df3
2026.2 beta6	modified	ci/scripts/checkAndCommitTranslations.ps1	141324a1aa77a65bdac08ad21c6398362c9747ae	972b1d131d89338bb7be7c8a05520cc0bf6de057
2026.2 beta6	modified	ci/scripts/setBuildVersionVars.ps1	c6452b84902b14d0347cccfafd7588349085f13d	f4e3fead863b8380fd0e6bb73848ef42878805ef
2026.2 beta6	modified	ensureuv.ps1	83be5c94d6ba80e4cad8a15bb40c303c7d31ca52	57c492f1c6de9b08bc09493e3f0bc3344d75cab2
2026.2 beta6	modified	include/liblouis	2e775aca674cd2910e272eed7736acceb4c2e4a2	2aa5f84b14de17bcfe8317862d11f6bd7d640e55
2026.2 beta6	modified	projectDocs/dev/createDevEnvironment.md	419f226fd3b6ebf332146fed850209804793645f	0535a329c11adb148a4ada832fd8ca7adc55cb5a
2026.2 beta6	modified	projectDocs/dev/developerGuide/developerGuide.md	f6c5f96c98de86ca36c21bf3b33d45ded4fc7316	5024f63cfc51b120f60ea6c8db2f1bd3e5e0acd4
2026.2 beta6	only-evolution	projectDocs/dev/futureRcValidation.md	96f4b06ddcc925049e3fa9dae07565de936349a9	-
2026.2 beta6	modified	pyproject.toml	fb590a6a8b8ad109a7981ca3becdede019036ba1	ee2a0f39bfb2255fb7aa8ced64d291b15f357cbd
2026.2 beta6	modified	runtime-builders/synthDriverHost32/.python-version	1f155dedb475f21cdeb94e30fd2db8ec550d96a6	fe6f212a49359f24bd0799d377528f38f3bcab23
2026.2 beta6	modified	runtime-builders/synthDriverHost32/setup-runtime.py	2cee396cf30d90e81b64ae213e206d9b7d05929f	d74991bc57ec2d7ec912817dc190a8d08cc8a735
2026.2 beta6	modified	source/NVDAObjects/IAccessible/__init__.py	c7abfaf97861cd108b866dc507f79b150f5ec464	5e6e77d4ff7d74c93196b749007b78c86157cd76
2026.2 beta6	modified	source/NVDAObjects/UIA/__init__.py	6017dba29983278f75e11f253be99426ce24906b	dc46de15c96fbdaf0b175dc95f449a7c6caec6e5
2026.2 beta6	modified	source/NVDAObjects/UIA/winConsoleUIA.py	10c19afd2b7e78c1d615910a7b2215fdddefb4e4	dd4aec30cf2ddf4dac7dc974095ff02239088812
2026.2 beta6	modified	source/NVDAObjects/UIA/wordDocument.py	915265f45a8516cc908fd2e969949ea6ae250b4f	1379f82dd981e45e3afc747926ad92ed6dd1bfda
2026.2 beta6	modified	source/UIAHandler/__init__.py	38b8d593d4ef39de4dd24e3cd20f42c07cd7fd7c	b11e5f0bb910e7a241d992633d4558c490001a6f
2026.2 beta6	modified	source/UIAHandler/remote.py	e311bb63296f17fc4c74e19f9f3095ab8e283ff4	13d4cde7a39cdede58664fa0b9bd0576e1f95e96
2026.2 beta6	modified	source/_magnifier/__init__.py	0a4f806d4131ad37ab326d6b9a94b1a6faff7601	0b296a4883b062367ac7997a04e4f79621fa6365
2026.2 beta6	modified	source/_magnifier/commands.py	b83ee2beaa9a6669a4f77801958ae2f96bf8b242	1dcb78be8096cefb60d65e253fdd172385abfc09
2026.2 beta6	modified	source/_magnifier/config.py	b62c878c137ed04711267e83a3caab79fc6d7672	396c8e8b8ddc58db4dd5f0b08751b1c7df5c9e21
2026.2 beta6	modified	source/_magnifier/fullscreenMagnifier.py	95b34a6241c7bcf269dbdfd02502d319e15bf4cd	7dbf2ad69d041b607920d3d52e6f0393db8bef44
2026.2 beta6	modified	source/_magnifier/magnifier.py	0d3710b090760c139435078ecd9ffa15348ab6cb	2ed3d982207f9172bb450afd681b7663e7432b44
2026.2 beta6	modified	source/_magnifier/utils/errorHandling.py	2b2f37b4d780e11a92b66d8e591dfdb0623b7247	dcf6d0ddccf24ddf9d3a45e89f41af2cb8c5ad64
2026.2 beta6	modified	source/_magnifier/utils/focusManager.py	5473efd1ba29c82374b3aaf929f7e7653f5f6a93	7abfd8ae65c8cdc9e27493e13ff01902d6e7e525
2026.2 beta6	only-evolution	source/_magnifier/utils/mouseHook.py	2a73dc2ec634d8958bc777907ba196af2b65bc70	-
2026.2 beta6	modified	source/_magnifier/utils/types.py	e9bbe7e7c0140b3bbe3a74db9e9056fe81b50dd6	cd5edcee1936449c8f4fee2d012bac8c3ab6a4ff
2026.2 beta6	modified	source/addonAPIVersion.py	0657b0194026f83e721cf4380b761714ee8a9709	b300dc889c8e873534539e59757ea97d4c622b66
2026.2 beta6	modified	source/addonHandler/__init__.py	b241973917c0cd72e9a8bd496eb152af17c41969	87cdcc7f7c957c3d98706c4b1c25e9a9dbb1feca
2026.2 beta6	modified	source/braille.py	5ccdface171624e98e1a0950876f23fa6f556172	6e1d36be2082a6dc99ecc27b07fe2c10cbb0ea5e
2026.2 beta6	modified	source/brailleTables/__tables.py	84d50f742a7ed7055ee77ec7f531a1d753c2c5ee	2f93a9715b777d2786128e46c015cc8622f7df84
2026.2 beta6	modified	source/buildVersion.py	e0e9af5909cb96bd5bba2bdd6d615ac2af52f1ee	509fa403128bd6d105c508bf11e15184e51768b6
2026.2 beta6	modified	source/config/configSpec.py	1c058c3335c26ba79a9f7bc784942d4fa0c80217	5afeada7e59aa89e0f5f1c76656c449f8ba6b7d4
2026.2 beta6	modified	source/config/profileUpgradeSteps.py	cade8ddc09005450e203e10343673df0e535d1b5	b822b54c649655d23661ef98f76598b5b55af5fd
2026.2 beta6	modified	source/core.py	f1ad8084a6f8d71a951a8acb7cc84ed5c8d33344	7ea22bef3825a826a23049b89842d79a17879565
2026.2 beta6	modified	source/extensionPoints/__init__.py	54908b611de27e5618d917eb9b80c280151a1195	873847835057931c1ac1e4bf0a84a87b39ed96f8
2026.2 beta6	modified	source/extensionPoints/util.py	5b6f9b3b20160a63725dfb96a2d54080c8ecf8fc	c09226d8b43be4d58aff54a480fec6ba940519c5
2026.2 beta6	modified	source/globalCommands.py	b72aed630417d944c461eb1b6619c16126b86647	9e701c70f885bca402a82e1cc5ccc233bb60fa7e
2026.2 beta6	modified	source/gui/installerGui.py	16154d530e4347060489c682aaafdca951a26626	775d378caf63dd739986524e67c4ba123b5e7ed9
2026.2 beta6	modified	source/gui/message.py	6f12aeb7105ce2dc2bbaf9bbdf8e6588624d1425	3c3e58470dc7ed479e2f491b660031fad6c2ad03
2026.2 beta6	modified	source/gui/settingsDialogs.py	7bd0939d3b44e3e5683d1dad968f08968606a17f	cb19aed7e1fbc993ccaea3bd1cedba133ad10d47
2026.2 beta6	modified	source/gui/speechDict.py	5a46cf7d4b8ef520c8d712e3d2179d9ba5f0b432	37992cb9fa5616f03af2b6c2d3a4d4c017c680e9
2026.2 beta6	modified	source/hwIo/base.py	d95005969a95c09f015d29451bf1e8c214eebf00	0a34b27e42f4632fd5412c299c0cc01001b12f39
2026.2 beta6	modified	source/languageHandler.py	54de6ddb79dc36b64da7910a757911b111e77682	656028ebe62fc08111e729b20e09d6e4aeefe4df
2026.2 beta6	modified	source/locale/af_ZA/LC_MESSAGES/nvda.po	af7f998003367de04aeffc195ca5efe86613e4e3	823be3d6a70721e9e160343590af9fa6578fc9ad
2026.2 beta6	modified	source/locale/am/LC_MESSAGES/nvda.po	ead2db7b17719d5e011d0b48312aa402aa0b60a5	f10555404fcbac75b30cb5f8ff774a2e1149fcd6
2026.2 beta6	modified	source/locale/an/LC_MESSAGES/nvda.po	13a938bda9965f18804f709aa47d54bf854e1eb6	1260cb625faf36b8f94cb041a2795c63812cbb02
2026.2 beta6	modified	source/locale/ar/LC_MESSAGES/nvda.po	7d8ebfce7c618c373ca385fabbcf55cb81daf818	dfc585258f4e2cd9fcef545287805e743d7a19b4
2026.2 beta6	modified	source/locale/bg/LC_MESSAGES/nvda.po	9011d1de155343d73d1dae278a55376df274f7b7	0643512c526cd02806d4654d5d2c320f0b5207d6
2026.2 beta6	modified	source/locale/bs/LC_MESSAGES/nvda.po	d7d20d6f6b70a5e883b60167177855306220fe99	408910d68f91506ff9cb8dee91af4bdd2cbece9f
2026.2 beta6	modified	source/locale/ca/LC_MESSAGES/nvda.po	3d0fa70b2e79f2fd1389f6b3c322cc639da239e6	9b4e2fbc79936c1e9d6a8251facdc607efa10770
2026.2 beta6	modified	source/locale/ca/gestures.ini	d90f196b8e711fa05b211e2bafbc47c80ca83ab0	c7e3e7b5376cad4c4080e814dba9563f37c06a26
2026.2 beta6	modified	source/locale/ckb/LC_MESSAGES/nvda.po	4262c351cd44a5db5a1ce88ef50a5d130b70799f	767bbeffac6a2f8ab7574b163b0637a6cabb951b
2026.2 beta6	modified	source/locale/cs/LC_MESSAGES/nvda.po	1bcdb8ff8e44863f964b643af06ed0db1850438a	bae478ab4efdec02ff5f89646dfa8cf7ff41908e
2026.2 beta6	modified	source/locale/da/LC_MESSAGES/nvda.po	ebbee18e0977139da7736475f135faf79beb77ce	7f9af1a4b51c2749555f4cb391bdd8a25938d6e7
2026.2 beta6	modified	source/locale/da/gestures.ini	1eda26949552c6bd7836c1ec460212c7dd25f6b8	34b31c9b14915894317ee03ae9f430960869fa6e
2026.2 beta6	modified	source/locale/de/LC_MESSAGES/nvda.po	9eb0584281290295f87f415a066ba2395fef998c	2e6d2935b697493fe621b62e0b571c6c8b7d367e
2026.2 beta6	modified	source/locale/de/gestures.ini	b0e893c28cf0335aed776d73d6e7c4a780d8e8de	a8b865e01602fb97b76e0052e0b889a75be8610b
2026.2 beta6	modified	source/locale/de_CH/LC_MESSAGES/nvda.po	103b90b377a74d62f6829f51ed068c4b5a5e1459	c789edb0f70d32d3aa25cf80caa88bdc974caa11
2026.2 beta6	modified	source/locale/el/LC_MESSAGES/nvda.po	d42a2e1659cb2b8e0070b87e296c4ccf6e1c7082	dcc13a55623330b2e8a4c6e812b167aebf73ac01
2026.2 beta6	modified	source/locale/es/LC_MESSAGES/nvda.po	e4b3b76dece46689e1a1c4a31a775cf62445dbda	ce63042dfd7b14ee9178de1c8478a58f31e7d0da
2026.2 beta6	modified	source/locale/es/gestures.ini	d90f196b8e711fa05b211e2bafbc47c80ca83ab0	c7e3e7b5376cad4c4080e814dba9563f37c06a26
2026.2 beta6	modified	source/locale/es_CO/LC_MESSAGES/nvda.po	9ef8b05cc7d8712c8ce2fdbaa5bef70c3486b1aa	4c6c220e507946a769cd401220557a22c0307092
2026.2 beta6	modified	source/locale/fa/LC_MESSAGES/nvda.po	dfafdb13c240f5c5c4c5a083c45e68cb769ba554	ef3a0bff66d887861f134651af52a666605f1d87
2026.2 beta6	modified	source/locale/fi/LC_MESSAGES/nvda.po	1c3d34669c15fdbf041d3de08796b4fca7a4d36b	2f4e55c83eb2d462c9901d3b63271af278b7fb2c
2026.2 beta6	modified	source/locale/fr/LC_MESSAGES/nvda.po	ac4ab93de46594e3a4746a3aac4aa4fdb9f04037	7f62218b0a6775bd4632e018f252a452dd537e51
2026.2 beta6	modified	source/locale/gl/LC_MESSAGES/nvda.po	743e92cf4b20c51a9edbb01539190b10a47aae88	533fc100528f71aa9746efb6844a4101f51d66f0
2026.2 beta6	modified	source/locale/gl/gestures.ini	29f34d1d3d7ecfb0865bf087c267f0d125f5f465	d1f08b014bcf7fc88be168f587a8a366276b09dc
2026.2 beta6	modified	source/locale/he/LC_MESSAGES/nvda.po	c73e0dafbb98b1086560df593b2d43b82a56b4ca	1aa6afbf1830e37d209e1efaf4abcdd335dec6ea
2026.2 beta6	modified	source/locale/hi/LC_MESSAGES/nvda.po	adc7c3ad8c5824638ed1123d575f72cf9d9dc8f5	311fc4c083eecad09eaf1c4cec0f13b3233af6ee
2026.2 beta6	modified	source/locale/hr/LC_MESSAGES/nvda.po	a52f495a9c779196a9974e13f9bf19375eeff2e2	f02ef0d35416642e95430f9d5b8c26646d5396b9
2026.2 beta6	modified	source/locale/hr/gestures.ini	175905adaf8eafb1bd9a1bc3b9d338fd5d836016	9bf99776b8d4e2fe105c315c018aaa70c049490a
2026.2 beta6	modified	source/locale/hu/LC_MESSAGES/nvda.po	8abfc8a0e3318d5b400a5ef79d6b3098c9e718dc	2137f6e52071d74cfba4ea9bf497ea94889bd1d1
2026.2 beta6	modified	source/locale/id/LC_MESSAGES/nvda.po	7572c5fc639a324b2b941f09c319888c5490b80c	7b15f8e4f758c1cfe0b864ca03f9a07996621933
2026.2 beta6	modified	source/locale/is/LC_MESSAGES/nvda.po	e389c3707270ea2cded029b170902cc669a38a0c	21f8902bf93faa29feaf0510b5cc8674a88e90bf
2026.2 beta6	modified	source/locale/it/LC_MESSAGES/nvda.po	de34af16b727363a2cc974f33f066d7896f49d05	206c3bc73fad79ba82d88600e92858aee944fd7a
2026.2 beta6	modified	source/locale/ja/LC_MESSAGES/nvda.po	39e5b00fc563123a8556f1b8f1d1c0192417ea3b	5c5db1f15d79478ff520bd2ee5f6a486d22d02c1
2026.2 beta6	modified	source/locale/ka/LC_MESSAGES/nvda.po	3678bcbd992310498939ce4bdb7696b20edb6b2d	183dfe210148a9a70b7e147a1e8ab0801a0f6e62
2026.2 beta6	modified	source/locale/km/LC_MESSAGES/nvda.po	2c7f1d4df9d73685955e37bb62504715010c67ba	ae3c681f376bac061cd31c7b584202f11b004918
2026.2 beta6	modified	source/locale/kmr/LC_MESSAGES/nvda.po	6f76c7694589dd22233a3e7a9a5dea7badf84833	4cfbc35e025219c9809ea3d67e7633081c899e52
2026.2 beta6	modified	source/locale/kn/LC_MESSAGES/nvda.po	b46fae59db8f98cb4ff6b6e9188f260bcf42bab3	09b6c6807517a4f1ad629b3ef2c5c3774d42a360
2026.2 beta6	modified	source/locale/ko/LC_MESSAGES/nvda.po	338f4d067186ba13fd70ce3c0277eee7e18a7e98	3bd001a2741940be22bd78209f932bb4377855b1
2026.2 beta6	modified	source/locale/ky/LC_MESSAGES/nvda.po	8a5a78da1bd39d567ba05892382ec91f639dd73f	34d178fd143589866f96b9acb2095a652dc63db9
2026.2 beta6	modified	source/locale/lt/LC_MESSAGES/nvda.po	fb75113de810357292645ad62d60e46b03e405ce	8ce16639d1a378923cb312d13a6bbc4470081e96
2026.2 beta6	modified	source/locale/mk/LC_MESSAGES/nvda.po	21dcf2b100334e13d060c63cab420be324cb9b66	8eea567a7836d52d52aad10b4b650468800abd0c
2026.2 beta6	modified	source/locale/mn/LC_MESSAGES/nvda.po	8dab788c59592e0e8221e139d50683df2a03499f	72f438c9b508c7961e60caf2af475a420538b946
2026.2 beta6	modified	source/locale/my/LC_MESSAGES/nvda.po	b50bd147f6680e57715c9de8f3366c94170b4b56	752b4b19b21dc745357c52b1a3eea6ab71111c72
2026.2 beta6	modified	source/locale/ne/LC_MESSAGES/nvda.po	76729a2d508a1c793ebf26efbe3c4292e1a0ef16	3e40dad0490c586831fd0ea1ebccbd27bd82609e
2026.2 beta6	modified	source/locale/nl/LC_MESSAGES/nvda.po	dba6dadb823eec8d22b8e29f438d9107039cdefa	d42b22cccd8d8f992075f3e8d34337dc309e47aa
2026.2 beta6	modified	source/locale/nn_NO/LC_MESSAGES/nvda.po	eed71905a19b46814a6fdedbf2f306f54e0d73bc	981a527be1993cf7584f5ee1c2d7abc2c8e39b80
2026.2 beta6	modified	source/locale/pa/LC_MESSAGES/nvda.po	7f85180e1da74786a121424d77ca37346e8c343b	10ef552523871a4cf4bb142e548a1fdaa5a709ff
2026.2 beta6	modified	source/locale/pl/LC_MESSAGES/nvda.po	34658f642b17b78d64c08781aa4e87f58c6491b9	b40d472b15b7adf093fb10a78b784e4c979e34d7
2026.2 beta6	modified	source/locale/pt_BR/LC_MESSAGES/nvda.po	37bc0143bb7b8e8e8e982c4e4a0bc9a7d45b7371	b40ff0d23bae5ad29ea5686f9d96be634c3f279a
2026.2 beta6	modified	source/locale/pt_PT/LC_MESSAGES/nvda.po	913e2f11fd11bf4c2cbf3e221a52ec272973fdb4	416e94dd3a3586a8a9929c17d7fdc8ca0751640f
2026.2 beta6	modified	source/locale/ro/LC_MESSAGES/nvda.po	6aeab8597db66ed228a79faf82ecf5d2b1b257cb	3ce26d75f123b5acd7086096c3d7981fed9c6ce7
2026.2 beta6	modified	source/locale/ru/LC_MESSAGES/nvda.po	49e8f93ff33b754b14a5b77d4aae27e02c57e24a	eae6d153ef03acb839664391625827a710c5d3af
2026.2 beta6	modified	source/locale/sk/LC_MESSAGES/nvda.po	d5ab4a62baaed9342c8965428c671256a5cfa6e2	96fd20668140eca49c969c9a2b8b47e1899ec721
2026.2 beta6	modified	source/locale/sl/LC_MESSAGES/nvda.po	2743715f5f781eca9feb26d37fcfcdb7cface36b	e68304ed48a6c629660559448841964e6bf8706b
2026.2 beta6	modified	source/locale/so/LC_MESSAGES/nvda.po	5ae6ff91ef076a5c9ec3bac6b3baa3b66e48962e	699d8c4b11083fcbf65cb03ec99f1f450894184b
2026.2 beta6	modified	source/locale/sq/LC_MESSAGES/NVDA.po	b76e3c2f7e481718d93cf6b31c40ca18014c7cea	2104e73d6bc83cd14b7718f8258ebcc2146cd9a9
2026.2 beta6	modified	source/locale/sr/LC_MESSAGES/nvda.po	2c3991913c7f471c7de945634acbf60c02928410	80fe88a0e5be4e1a85e3d2d009d59e8168564c83
2026.2 beta6	modified	source/locale/sv/LC_MESSAGES/nvda.po	a9541d84d813e86e738eefbe261994348fb71ca3	1a2261519cb104927ab7575fc1f285975bef22b1
2026.2 beta6	only-evolution	source/locale/sv/gestures.ini	58da6cfa42722a02d27d1d1395c8f0243a21d746	-
2026.2 beta6	modified	source/locale/ta/LC_MESSAGES/nvda.po	55eea6cf17576d77b9f9a5ab6f07a73b75e3d0f3	fea6e63534e8a5b09fe85b8842d87567b1406e3e
2026.2 beta6	modified	source/locale/th/LC_MESSAGES/nvda.po	6401344a500a5521fdc7a9d5c901cc51cc56ff13	926a5f4a9d35be7f54862b26e4b8aee92dd8e0ca
2026.2 beta6	modified	source/locale/tr/LC_MESSAGES/nvda.po	8fcabce202e6920fc6d651f22f96100037683b1e	303a7dacbbe51adb0685e31d0a582d1dfcb1f276
2026.2 beta6	modified	source/locale/tr/gestures.ini	9376c41ae639be66a669ac9713b10124f1f7619f	cd459333a92ed1434e894841ccf0109211c4ffc5
2026.2 beta6	modified	source/locale/uk/LC_MESSAGES/nvda.po	905ffc501c9592ed6fe24f2724af4f785303547b	621a58db6b5b3a3bfaa45c79ee3b3d7be574db06
2026.2 beta6	only-evolution	source/locale/uk/gestures.ini	fc43313db9e3ed7de1afc5a3da7de98e43ab0695	-
2026.2 beta6	modified	source/locale/ur/LC_MESSAGES/nvda.po	e3c42a797322017cb47283534540a273c4e50733	9bba3933d8cbd9d94cbbcc07c0aef59a777aa110
2026.2 beta6	modified	source/locale/vi/LC_MESSAGES/nvda.po	6e6f287e2256bdfe4b3f8bf4ac409c16a4d1d0f8	8a1e5287ec30096cc73cbb92c2d21a0349677970
2026.2 beta6	modified	source/locale/zh_CN/LC_MESSAGES/nvda.po	2535075050ebfdccc88db6b51c787b37d5308b00	d8d03876e25b51f0ce86f1d12c64decaf26e72d5
2026.2 beta6	modified	source/locale/zh_HK/LC_MESSAGES/nvda.po	e6ebae4031c726b6ae9cc9d0831620203858e764	552d4c50896374389d505a0dc2d42f1bbed08f4f
2026.2 beta6	modified	source/locale/zh_TW/LC_MESSAGES/nvda.po	0704db61d48d3078cf3761e3af8163569ae713f7	1f283d3715697a172b85c64a1d77b0aa4d432fd1
2026.2 beta6	modified	source/locale/zh_TW/characterDescriptions.dic	62462901dffe4cccff01ef5362b20614a9d169da	83236c38489095bac4945336b7cf992711ecea39
2026.2 beta6	modified	source/locale/zh_TW/symbols.dic	6371a77aacd6ba29a996a397b7cc8f8980649e6a	aec10e8c88da50cbf18bfc8f1e856de78de7e546
2026.2 beta6	modified	source/locationHelper.py	9fe381e55ccbecda86f8599eb485fbe68cffa391	2beef1ef1ef0e03943fee8bea7cb6f77ecfcc355
2026.2 beta6	modified	source/mathPres/MathCAT/preferences.py	8d9f86ed026003494ea10226e5f6d2ddb6a9fe05	612b2cce9a1cf65417c7a54e21530f0d0882c6de
2026.2 beta6	modified	source/remotePythonConsole.py	6c66ed564212238aea9af920b111f45444fdb63c	719e812ba8ae0d5d834b2290707b17a4b6e31b87
2026.2 beta6	modified	source/speechDictHandler/definitions.py	ed3bdd836c911fc7001e38063a241538909f9bad	31c5dfe4413497a041f198d3063a4e8bac81438f
2026.2 beta6	modified	source/synthDrivers/sapi5.py	d13c2423b22a455b7829fe263716cf5a8870aa43	923d0d6705cf851197511fd1799a76b44757a4d6
2026.2 beta6	modified	source/touchHandler.py	7fa75113afb058cf4f0e167e1a9c25f9766bf148	199fc40f2f92778ce3c80a9cf23f20cd3484cfdc
2026.2 beta6	modified	source/utils/security.py	90feedb092859b7decb2fd126c07ab1f512b4c82	b0c9acf1f8fc478a1101369336b4584346d7a389
2026.2 beta6	modified	source/virtualBuffers/__init__.py	eaa5abf9edbd1e920ad67d3dc1c71815ac67041e	4755725502779d97a1cc006a96e3ced2df5a219d
2026.2 beta6	modified	source/winBindings/magnification.py	29b33845ca41f9e30edb459865bb298b89e99cca	95f1200a0231dd79ff279ceaa301529995fed939
2026.2 beta6	modified	source/winBindings/user32.py	ea4a9773e93193525c96331d1b6c86b9611ee1b2	c6a232814e1c586448c1bfb2750f20f0b5045407
2026.2 beta6	modified	source/windowUtils.py	abbd37b230d3cdb8d8cbb97ee0a8a036c98efc91	59f5cd5ef1802eb6291ae485d8eedb3df5281909
2026.2 beta6	modified	tests/system/libraries/ChromeLib.py	a8ffe8d66ec8934ae8c0c9abc63c1132ed98e5b7	fc52c59223d4b61ee1fef40b2fb5e2ad4d0c79a3
2026.2 beta6	modified	tests/system/libraries/NotepadLib.py	b79dd0e30bc731837012ec400a5e37682a0d7072	6808865e506d3fa316ea1772557dfc150ee8a14e
2026.2 beta6	modified	tests/system/libraries/NvdaLib.py	c86aa2bfb7d62eb1fcd397b72b281e43bffe09ed	7bae843c760b3c0c36bb168db4a293259f2ea7b1
2026.2 beta6	only-evolution	tests/unit/test_NVDAObjects_UIA.py	4422b4fbc1bb95704e4daba8a866717cfbfd5560	-
2026.2 beta6	only-evolution	tests/unit/test_UIAHandler.py	2a8139ec5ffbaaaa5901d7c70dab1008471d66d5	-
2026.2 beta6	only-evolution	tests/unit/test_addonHandler/test_addonImports.py	94da9840c13e56273ae21a4d190967b6e53150a5	-
2026.2 beta6	modified	tests/unit/test_addonVersionCheck.py	cb7dd7cbcbcd13a929237b6ef0d74bac5dc25336	862e7d3731ba62d848bf13ba5de72b7587da1fb4
2026.2 beta6	only-evolution	tests/unit/test_braille/test_secureDesktop.py	76853a0c22d362d94c205012b706243c35128d3f	-
2026.2 beta6	modified	tests/unit/test_extensionPoints.py	9c13c9e90dbfe3d90e12d89caae99988eae2ce95	97842056ccb92c36041ebf6e1fb63868668793a0
2026.2 beta6	modified	tests/unit/test_hwIo.py	dc9fb19cfb76a3fca78aa912e27707be8c92c280	45b6714bed5fa9e91bbb46c361baf2c113c6770d
2026.2 beta6	modified	tests/unit/test_languageHandler.py	e503f702418be67702433be1574384bb705b6862	d4f0220871fb7e98462c43aa698d35a510188374
2026.2 beta6	modified	tests/unit/test_locationHelper.py	a08e8e8ac4c6dec3a01ba214b21efaf5693facd1	3f526c1c3fe064c5b085ae975f60ec1b7793ee70
2026.2 beta6	modified	tests/unit/test_magnifier/test_fullscreenMagnifier.py	b4833d5e3d4c526900bb7f4980b28c9a87cc0976	41f8b492cb3bd58377b69b48a17937e42bba11f7
2026.2 beta6	modified	tests/unit/test_magnifier/test_magnifier.py	70606ef4c16bbb86ac086d619b69e9c97f4c5e3f	57da7580127c708a07fc21b97eea4db0cb2f0066
2026.2 beta6	modified	tests/unit/test_magnifier/test_magnifierCommands.py	c1b5e2de56b821e84f060fa5f37ceaab039c8d2a	ab3681b238268f26ae3eb8d0d09427df524133d0
2026.2 beta6	only-evolution	tests/unit/test_magnifier/test_mouseHook.py	56f2c42daae5ed5309ba3b75d2d853d51258773f	-
2026.2 beta6	modified	tests/unit/test_messageDialog.py	a1fbf00737b8938e0682d39ed65d581763b5cfcc	f24492a788253f57320fa87692e1e14c0f3bb34c
2026.2 beta6	only-evolution	tests/unit/test_remotePythonConsole.py	5f311ea90ae2d1e4680067d80d43f6f10c74649e	-
2026.2 beta6	modified	tests/unit/test_util/test_security.py	94b86ad0beaecaa7a310805e3116e1db831244fb	7830b295ee4c8901568f5b306cd12ae4c3c1ec98
2026.2 beta6	only-evolution	tests/unit/test_winConsoleUIA.py	c2d53eaf32d33913dacb2f12608c03f161421748	-
2026.2 beta6	modified	user_docs/ar/changes.xliff	f1131f59d7f703378defad927057861d8daecfdd	2b87b4c656975d5dfe64372650485c72656c174a
2026.2 beta6	modified	user_docs/ar/userGuide.xliff	b2b405ab8b5f726372939320b2cd81c7480b5e78	0bce548c1505bea14dc3a7a0cd3d78b6238047fc
2026.2 beta6	modified	user_docs/bg/changes.xliff	2be6dc54fe672a447a799d821942af5eaa6eb850	ef53027058a79ae6718e14354b177cdaf3ddfbe1
2026.2 beta6	modified	user_docs/bg/userGuide.xliff	432781cce068a8fcca95d740fc6e46b36ac08193	bc146e85fc9b5ca2591c4743e49b5255bd65a6ec
2026.2 beta6	modified	user_docs/bs/changes.xliff	1295ea46b30acfd4623594b2d35bd695d36d165b	2f00dcac5a480f8ed29489131887e48330178d69
2026.2 beta6	modified	user_docs/bs/userGuide.xliff	828e379088ef8a329f95ba2c7e6f6c8407223893	422dbc960c179e02d46613e0ed2b7ea5ff90ef01
2026.2 beta6	modified	user_docs/ca/changes.xliff	cbc1665fb044b5c6b941a61a71ebbbaf8c195cb9	2c7b28d83dda4c3dea3a83682c4ea1f83b4f2b17
2026.2 beta6	modified	user_docs/ca/userGuide.xliff	1cec817a286da7f557d527cd0c63737d905680b0	501c376116573b29a719f5599c462226e1fcaeb0
2026.2 beta6	modified	user_docs/da/changes.xliff	b4ea8f1745cf0866ace2078a25a2cd762b372f4c	2478f049cac5c43b86a171894db701888d6fb6af
2026.2 beta6	modified	user_docs/da/userGuide.xliff	7cefd02b3607f8530d50a5fa3f9277486a71627a	4ce4e22abd503972b791fd5aa49e63de5a0433a1
2026.2 beta6	modified	user_docs/de/changes.xliff	90d27f1627d33beb38f5340c83a2f27a9da1c8aa	61b6e1c9dba6b2d51b560d1df38a45f4ccc66916
2026.2 beta6	modified	user_docs/de/userGuide.xliff	de3cc8d0b754cd8bd894d9a8892a3cdcb9f65053	421c3a9cc10fba9026fde116d376eff9772a219b
2026.2 beta6	modified	user_docs/en/changes.md	c05d7ce042473b77d40799238c77e6504d583c80	c99457c6c951af21dbfe31b401750c64bcea717d
2026.2 beta6	modified	user_docs/en/changes.xliff	e1adfeadea98d9443c0005ccc1470d674fae589a	240a6015ce2157eceb05654310435a47e01e33b3
2026.2 beta6	modified	user_docs/en/userGuide.md	d6b75f586bdc7008b0caaf2b6ba3f56c4c5d1e69	b4d70e02f50505a7105648f20851d604c3e53a8d
2026.2 beta6	modified	user_docs/en/userGuide.xliff	b255cd5dee12c6c512ddc88f7fb3ee66cad94903	a846f51f0f55b37efd71c386b7ccf6ce62743236
2026.2 beta6	modified	user_docs/es/changes.xliff	738204d1bde44baddc5fa75f3e861276c7b8a90f	85be8f1cd7680eaa4127b08710cbe4d4139ad4ec
2026.2 beta6	modified	user_docs/es/userGuide.xliff	7f89984b8687937716ae91ae9449fec0ee5449cf	b77be29338e8930a35b7af82c4237a50f511292e
2026.2 beta6	modified	user_docs/fa/changes.xliff	f5e5b6445129193df6b7ab03685fa9e968c613b1	6bb8c4d8723b47d3cc00cd603e69421c7881ad50
2026.2 beta6	modified	user_docs/fa/userGuide.xliff	68f1f87e86d58de0c604bf051eb569d58ff56fe4	741bb683e468f1fedfbdd727a8ce2762f7afa4aa
2026.2 beta6	modified	user_docs/fi/changes.xliff	dc0d539e2352cac131d4c0296544b833af46e350	b5d95a972792272d792712d84b266d0b23ccc803
2026.2 beta6	modified	user_docs/fi/userGuide.xliff	02d7450d6513b90993bb1fcff4f4a9f55828187b	e299aad1c6f0f0f882821237755ebb50a840cb9d
2026.2 beta6	modified	user_docs/fr/changes.xliff	636c59c81812f0cca72b1d3831c7c5560e4ae377	2d48938f30919fbaa0133d549a03dbbf1c572226
2026.2 beta6	modified	user_docs/fr/userGuide.xliff	b385aaefa1f3ae6fc3d824053d668ecb9b4c702c	3b782cb6a9402e3c45c398551bdd5a517e9f6939
2026.2 beta6	modified	user_docs/gl/changes.xliff	dc5e0dd5a7e603ccb137cda9aa8c44b3c3d985a9	775f809ca2c8b1b4984acc44425d10920f327799
2026.2 beta6	modified	user_docs/gl/userGuide.xliff	0da2682325152bc890cabdcfc00cb3a0c3721836	760ff46b90c8441f87b909a26c1be79895b41b4e
2026.2 beta6	modified	user_docs/hi/changes.xliff	1f0e71819b1498a1c519576f4a7841638cfb41ff	d4f383b69a67043a96713aabfbd6930d7acead7f
2026.2 beta6	modified	user_docs/hi/userGuide.xliff	796c857e08a6b8fba1e9f1b854a97c936826a60f	57d1e54dd70fa24c39ea8c4638d48ef7b241e456
2026.2 beta6	modified	user_docs/hr/changes.xliff	877def4591c687b1b97d90393d67fed8a16059da	0e8ef40a513aad9f6f96d149a736ede364ba745c
2026.2 beta6	modified	user_docs/hr/userGuide.xliff	cc0641c26f6599b65a59d9be8d0216dd838f48a6	1a01b8fdb510c9544e395c3157fc00fccf3db43e
2026.2 beta6	only-official	user_docs/hu/changes.md	-	64107b5b3b36f9aaff22fa76bbd1016aa3d37344
2026.2 beta6	only-evolution	user_docs/hu/changes.xliff	54288b375ef0c8de6945f3086f54900e931a76c5	-
2026.2 beta6	modified	user_docs/it/changes.xliff	94047b6773c84f9108fc1dbb48be7b4481710476	d7e70246fe36a6dfe9a97ab417315e40a05a98c7
2026.2 beta6	modified	user_docs/it/userGuide.xliff	1abfe22ecf076d7bad272752b1ea4a7a4916ee1f	7100b66fa630730813017d43826dd82ab633f37f
2026.2 beta6	modified	user_docs/ja/changes.xliff	c6847f6770c2b5b5812a4a8c2685fd6fbd34fb07	f8028fd474a82573bb5efdefb77cfcc864562132
2026.2 beta6	modified	user_docs/ja/userGuide.xliff	0a64412ae70ddbdd325dd634cbd8eefd407f9966	177df98cd672d40972948fcb4c863b887a845e79
2026.2 beta6	modified	user_docs/km/changes.xliff	c24f737d2c1d531ee2afd16419693dee7ac10b1f	adc903b287b9fd4b85203e06a22314cacb3cbd85
2026.2 beta6	modified	user_docs/km/userGuide.xliff	01134536c1f0457bbdd70b8aa18eed142943f49a	1cf4d973f1cd577c69d27554fb874fab0526e165
2026.2 beta6	modified	user_docs/ko/changes.xliff	9d8962c944dc38a0b5647675b3900d919a79dd20	e96dcd026da152cea38c14562680b97cd52a3997
2026.2 beta6	modified	user_docs/ko/userGuide.xliff	ef76965caf9e4905ff10641e7ed83730b15bfbd2	c4ea63c72fa13e1ab95f07401a33424fb2f9258c
2026.2 beta6	modified	user_docs/nl/changes.xliff	e96348cbff353017660ba3a703015bb6cce69d35	66151ac72812d4627bbe08e8c386c7c3558950b4
2026.2 beta6	modified	user_docs/nl/userGuide.xliff	62186700ec4b695dfedd2810e753390aa615866d	152c60e7c300b4f064fa77768e5b9870b38d088d
2026.2 beta6	modified	user_docs/pl/changes.xliff	1502a051a0739314c416cea89faf865457d3eaf2	5aa2f2ca46ab79288c25e2e6fad6cd9b2a9a2c7f
2026.2 beta6	modified	user_docs/pl/userGuide.xliff	f93311498ce6773ddff0877cd4d092f5bd4e0757	dcac798dc8d24400778c2dd75fe14afde9def1af
2026.2 beta6	modified	user_docs/pt_BR/changes.xliff	aa3ac62e0b801870451947c652bb0dd304b71826	1d07b4417fd8d5d991187ddb03a6b53eff7f34a3
2026.2 beta6	modified	user_docs/pt_BR/userGuide.xliff	4b5c55606eebd869efaeb028e137626909b747af	7bd268c0bb2025465a1dc6a0a83ecf5b94558ac1
2026.2 beta6	modified	user_docs/pt_PT/changes.xliff	1d46dbc438983848ff7a53249c20f108b547f0d1	77ed72267ee69e3d95b0bc00f6d61fe77dc0b987
2026.2 beta6	modified	user_docs/pt_PT/userGuide.xliff	0087696a62add211a2561f0ab587886763cf9974	ca88d1b7fc4a977916caa70e99eda1779cd91463
2026.2 beta6	modified	user_docs/ru/changes.xliff	96677b30ad521f15f6ecf3a6bd50d8434b007703	7432486d785a2b71014fbeca91d18d76379a2cea
2026.2 beta6	modified	user_docs/ru/userGuide.xliff	4366234d36426ae206a80606a10b7216a0854ab5	15c4a78217a3b8e4c80582712d3f3a3eb7e64526
2026.2 beta6	modified	user_docs/sk/changes.xliff	0aa9fe1b33ad21691451cbee5f0a1c18c1ab947d	44813dce0be8f45b811d08559582f16f7aaefb24
2026.2 beta6	modified	user_docs/sk/userGuide.xliff	dab8c533b0f8743287f00b9363dd81a5882880c1	3878269e78a4b3417e9dbe066d1ff4f5b267634e
2026.2 beta6	modified	user_docs/sr/changes.xliff	88fc6a4c1d0f7d8e02179cc9096a9cd1cd61fc1d	dbdc2008bd6e5ebe59010d8b698130df66ac1539
2026.2 beta6	modified	user_docs/sr/userGuide.xliff	efc9592db2c0b9861d4f6de8b96a7ebbe81f874e	6f17adfd406d6d0db508158c319288b458d3555a
2026.2 beta6	modified	user_docs/ta/userGuide.xliff	87ea1401d6c23b5eb393a9f8e90038ffd8c69848	bcfa6ed15055a10c73cbc14295c2c4780d9af41a
2026.2 beta6	modified	user_docs/tr/changes.xliff	c86c9ba86208a7a40e1fdb08b3a7410fd120310f	85e90bf094ef7355decd4f3128874627d3c4662c
2026.2 beta6	modified	user_docs/tr/userGuide.xliff	6f3ceb1b92a46ae364ddae86f19fef7992c776d9	9614509c5823726bd073bbe8da801ec1fd03e8c3
2026.2 beta6	modified	user_docs/uk/changes.xliff	05cb87ef90307220b3d074d0a790ef2fc40d5bee	8de784169020e6e2c9842135bd3e70126f21222b
2026.2 beta6	modified	user_docs/uk/userGuide.xliff	0b83fad95f0e1f1454f2e7a64988f4c6cffd4103	d9ae4e6db7478f8b1147e53850f6442c0f213d79
2026.2 beta6	modified	user_docs/vi/changes.xliff	7659e40ae6c6fb220e2db9f11d50f0b31094369d	98f73c041c4360d0fd207058b6f64d5050140433
2026.2 beta6	modified	user_docs/vi/userGuide.xliff	c8f8ddd84d192502801cb45da0f5bdfa50da3849	349299e04af56b506eb811bddd27f506e740a9a5
2026.2 beta6	modified	user_docs/zh_CN/changes.xliff	dd4812a903d9e1d5e4d628d331f26ef065ec6a95	683c9ff243fba47db792645d555f87ee9b92a43e
2026.2 beta6	modified	user_docs/zh_CN/userGuide.xliff	63a0701212775d250f913c41d5e3c628dae01068	1ee0322b583d3b11d1491b2284d38584f850b012
2026.2 beta6	modified	user_docs/zh_TW/changes.xliff	4556b0bc35ce1525f829c06502504e01975e20b2	0449a1234835941a7b3c11451c56c6d9a1a081ef
2026.2 beta6	modified	user_docs/zh_TW/userGuide.xliff	4da6a28e0e5b34de7ecbf039e5fda4afcee9cba3	40aac96e96fcd53a2868afcd0ea2c87f5d94ba42
2026.2 beta6	modified	uv.lock	9210c958818df868206b7c5329d37fcaf734bacd	42151a8e9c2014e7401989215dba65bd4b39a470
2026.2 beta7	modified	.github/workflows/add-new-language.yml	a22ea4814966fb31617bfdd108edaf39400c0bd9	9133d9c222561f3ff30350a114b84c0a124f7d7f
2026.2 beta7	modified	.github/workflows/clearCaches.yml	039c28961eb0b36441547ca67aed3de2d26aedfd	a391d793cd868a02b87ba730ac8afeae9dd39433
2026.2 beta7	modified	.github/workflows/fetch-crowdin-translations.yml	13a3d8e48ab5b54deebc2c298e66f5dfc098dd2a	43806c73c99fcf2a7b65e0aeba414a66a92d4fb3
2026.2 beta7	modified	.github/workflows/monitor-localisation-file-changes.yml	7584668c57cf30b131d3e3fe84139e18d68bd394	254c2527338f48a3ff0c6362c12fca1ccdd3cae2
2026.2 beta7	modified	.github/workflows/testAndPublish.yml	05ff1807cfc292da383908c643c7810d9c83bd47	67d418b43bd6618fa089ce8ae6bac4afdc3e233a
2026.2 beta7	modified	.pre-commit-config.yaml	fdfe0118fb26a92fa7efb85688b1d0b227a4a3e7	19a482f33ea765fc214ae93348a40b6644f4f098
2026.2 beta7	modified	.python-versions	05c2197512e8084559661bdda4b0426de8f9e0b0	c799318b8e175472df83757d8e95702f365a780a
2026.2 beta7	modified	ci/README.md	09f6b2e873bbe63862faa1b37044fb24e99cea72	a10b3ee896a4e7b99010563d895452285ac70df3
2026.2 beta7	modified	ci/scripts/checkAndCommitTranslations.ps1	141324a1aa77a65bdac08ad21c6398362c9747ae	972b1d131d89338bb7be7c8a05520cc0bf6de057
2026.2 beta7	modified	ci/scripts/setBuildVersionVars.ps1	c6452b84902b14d0347cccfafd7588349085f13d	f4e3fead863b8380fd0e6bb73848ef42878805ef
2026.2 beta7	modified	ensureuv.ps1	83be5c94d6ba80e4cad8a15bb40c303c7d31ca52	57c492f1c6de9b08bc09493e3f0bc3344d75cab2
2026.2 beta7	modified	include/liblouis	2e775aca674cd2910e272eed7736acceb4c2e4a2	2aa5f84b14de17bcfe8317862d11f6bd7d640e55
2026.2 beta7	modified	projectDocs/dev/createDevEnvironment.md	419f226fd3b6ebf332146fed850209804793645f	0535a329c11adb148a4ada832fd8ca7adc55cb5a
2026.2 beta7	modified	projectDocs/dev/developerGuide/developerGuide.md	f6c5f96c98de86ca36c21bf3b33d45ded4fc7316	5024f63cfc51b120f60ea6c8db2f1bd3e5e0acd4
2026.2 beta7	only-evolution	projectDocs/dev/futureRcValidation.md	96f4b06ddcc925049e3fa9dae07565de936349a9	-
2026.2 beta7	modified	pyproject.toml	fb590a6a8b8ad109a7981ca3becdede019036ba1	ee2a0f39bfb2255fb7aa8ced64d291b15f357cbd
2026.2 beta7	modified	runtime-builders/synthDriverHost32/.python-version	1f155dedb475f21cdeb94e30fd2db8ec550d96a6	fe6f212a49359f24bd0799d377528f38f3bcab23
2026.2 beta7	modified	runtime-builders/synthDriverHost32/setup-runtime.py	2cee396cf30d90e81b64ae213e206d9b7d05929f	d74991bc57ec2d7ec912817dc190a8d08cc8a735
2026.2 beta7	modified	source/NVDAObjects/IAccessible/__init__.py	c7abfaf97861cd108b866dc507f79b150f5ec464	5e6e77d4ff7d74c93196b749007b78c86157cd76
2026.2 beta7	modified	source/NVDAObjects/UIA/__init__.py	6017dba29983278f75e11f253be99426ce24906b	dc46de15c96fbdaf0b175dc95f449a7c6caec6e5
2026.2 beta7	modified	source/NVDAObjects/UIA/winConsoleUIA.py	10c19afd2b7e78c1d615910a7b2215fdddefb4e4	dd4aec30cf2ddf4dac7dc974095ff02239088812
2026.2 beta7	modified	source/NVDAObjects/UIA/wordDocument.py	915265f45a8516cc908fd2e969949ea6ae250b4f	1379f82dd981e45e3afc747926ad92ed6dd1bfda
2026.2 beta7	modified	source/UIAHandler/__init__.py	38b8d593d4ef39de4dd24e3cd20f42c07cd7fd7c	b11e5f0bb910e7a241d992633d4558c490001a6f
2026.2 beta7	modified	source/UIAHandler/remote.py	e311bb63296f17fc4c74e19f9f3095ab8e283ff4	13d4cde7a39cdede58664fa0b9bd0576e1f95e96
2026.2 beta7	modified	source/_magnifier/__init__.py	0a4f806d4131ad37ab326d6b9a94b1a6faff7601	0b296a4883b062367ac7997a04e4f79621fa6365
2026.2 beta7	modified	source/_magnifier/commands.py	b83ee2beaa9a6669a4f77801958ae2f96bf8b242	1dcb78be8096cefb60d65e253fdd172385abfc09
2026.2 beta7	modified	source/_magnifier/config.py	b62c878c137ed04711267e83a3caab79fc6d7672	396c8e8b8ddc58db4dd5f0b08751b1c7df5c9e21
2026.2 beta7	modified	source/_magnifier/fullscreenMagnifier.py	95b34a6241c7bcf269dbdfd02502d319e15bf4cd	7dbf2ad69d041b607920d3d52e6f0393db8bef44
2026.2 beta7	modified	source/_magnifier/magnifier.py	0d3710b090760c139435078ecd9ffa15348ab6cb	2ed3d982207f9172bb450afd681b7663e7432b44
2026.2 beta7	modified	source/_magnifier/utils/errorHandling.py	2b2f37b4d780e11a92b66d8e591dfdb0623b7247	dcf6d0ddccf24ddf9d3a45e89f41af2cb8c5ad64
2026.2 beta7	modified	source/_magnifier/utils/focusManager.py	5473efd1ba29c82374b3aaf929f7e7653f5f6a93	7abfd8ae65c8cdc9e27493e13ff01902d6e7e525
2026.2 beta7	only-evolution	source/_magnifier/utils/mouseHook.py	2a73dc2ec634d8958bc777907ba196af2b65bc70	-
2026.2 beta7	modified	source/_magnifier/utils/types.py	e9bbe7e7c0140b3bbe3a74db9e9056fe81b50dd6	cd5edcee1936449c8f4fee2d012bac8c3ab6a4ff
2026.2 beta7	modified	source/addonAPIVersion.py	0657b0194026f83e721cf4380b761714ee8a9709	b300dc889c8e873534539e59757ea97d4c622b66
2026.2 beta7	modified	source/addonHandler/__init__.py	b241973917c0cd72e9a8bd496eb152af17c41969	87cdcc7f7c957c3d98706c4b1c25e9a9dbb1feca
2026.2 beta7	modified	source/braille.py	5ccdface171624e98e1a0950876f23fa6f556172	6e1d36be2082a6dc99ecc27b07fe2c10cbb0ea5e
2026.2 beta7	modified	source/brailleTables/__tables.py	84d50f742a7ed7055ee77ec7f531a1d753c2c5ee	2f93a9715b777d2786128e46c015cc8622f7df84
2026.2 beta7	modified	source/buildVersion.py	e0e9af5909cb96bd5bba2bdd6d615ac2af52f1ee	509fa403128bd6d105c508bf11e15184e51768b6
2026.2 beta7	modified	source/config/configSpec.py	1c058c3335c26ba79a9f7bc784942d4fa0c80217	5afeada7e59aa89e0f5f1c76656c449f8ba6b7d4
2026.2 beta7	modified	source/config/profileUpgradeSteps.py	cade8ddc09005450e203e10343673df0e535d1b5	b822b54c649655d23661ef98f76598b5b55af5fd
2026.2 beta7	modified	source/core.py	f1ad8084a6f8d71a951a8acb7cc84ed5c8d33344	7ea22bef3825a826a23049b89842d79a17879565
2026.2 beta7	modified	source/extensionPoints/__init__.py	54908b611de27e5618d917eb9b80c280151a1195	873847835057931c1ac1e4bf0a84a87b39ed96f8
2026.2 beta7	modified	source/extensionPoints/util.py	5b6f9b3b20160a63725dfb96a2d54080c8ecf8fc	c09226d8b43be4d58aff54a480fec6ba940519c5
2026.2 beta7	modified	source/globalCommands.py	b72aed630417d944c461eb1b6619c16126b86647	9e701c70f885bca402a82e1cc5ccc233bb60fa7e
2026.2 beta7	modified	source/gui/message.py	6f12aeb7105ce2dc2bbaf9bbdf8e6588624d1425	3c3e58470dc7ed479e2f491b660031fad6c2ad03
2026.2 beta7	modified	source/gui/settingsDialogs.py	7bd0939d3b44e3e5683d1dad968f08968606a17f	cb19aed7e1fbc993ccaea3bd1cedba133ad10d47
2026.2 beta7	modified	source/gui/speechDict.py	5a46cf7d4b8ef520c8d712e3d2179d9ba5f0b432	37992cb9fa5616f03af2b6c2d3a4d4c017c680e9
2026.2 beta7	modified	source/hwIo/base.py	d95005969a95c09f015d29451bf1e8c214eebf00	0a34b27e42f4632fd5412c299c0cc01001b12f39
2026.2 beta7	modified	source/languageHandler.py	54de6ddb79dc36b64da7910a757911b111e77682	656028ebe62fc08111e729b20e09d6e4aeefe4df
2026.2 beta7	modified	source/locale/af_ZA/LC_MESSAGES/nvda.po	af7f998003367de04aeffc195ca5efe86613e4e3	546453940811d2a401292183e0a55e733c94992e
2026.2 beta7	modified	source/locale/am/LC_MESSAGES/nvda.po	ead2db7b17719d5e011d0b48312aa402aa0b60a5	244fc861d9f686c05e91fbc5c671e95743a6cb53
2026.2 beta7	modified	source/locale/an/LC_MESSAGES/nvda.po	13a938bda9965f18804f709aa47d54bf854e1eb6	98a3d0667bcff1d1db3356f2d160780fe246ae32
2026.2 beta7	modified	source/locale/ar/LC_MESSAGES/nvda.po	7d8ebfce7c618c373ca385fabbcf55cb81daf818	7415aeae3d89e04a701cc4ccfbe0c15f41949ed7
2026.2 beta7	modified	source/locale/bg/LC_MESSAGES/nvda.po	9011d1de155343d73d1dae278a55376df274f7b7	4bb80baf7d8afe9ac687731a15fbc0c8205c9db5
2026.2 beta7	modified	source/locale/bs/LC_MESSAGES/nvda.po	d7d20d6f6b70a5e883b60167177855306220fe99	1c8521e40c11414c220f6cefc14453e8faf7e358
2026.2 beta7	modified	source/locale/ca/LC_MESSAGES/nvda.po	3d0fa70b2e79f2fd1389f6b3c322cc639da239e6	d61ee79d8afc2d82de4ee20dcb8d24ef6f5811a0
2026.2 beta7	modified	source/locale/ca/gestures.ini	d90f196b8e711fa05b211e2bafbc47c80ca83ab0	c7e3e7b5376cad4c4080e814dba9563f37c06a26
2026.2 beta7	modified	source/locale/ckb/LC_MESSAGES/nvda.po	4262c351cd44a5db5a1ce88ef50a5d130b70799f	b16bd4cb4bdc35d0cf41439664e6d9301708a997
2026.2 beta7	modified	source/locale/cs/LC_MESSAGES/nvda.po	1bcdb8ff8e44863f964b643af06ed0db1850438a	b35cf29dfd0affb47c0de25545dd0d823ded30d9
2026.2 beta7	modified	source/locale/da/LC_MESSAGES/nvda.po	ebbee18e0977139da7736475f135faf79beb77ce	046e7180bc8693f41616a63f972e2c76fe2e0fcf
2026.2 beta7	modified	source/locale/da/gestures.ini	1eda26949552c6bd7836c1ec460212c7dd25f6b8	34b31c9b14915894317ee03ae9f430960869fa6e
2026.2 beta7	modified	source/locale/de/LC_MESSAGES/nvda.po	9eb0584281290295f87f415a066ba2395fef998c	0c9cdbda4e1400d033b93235fa0956a3aa1ae53b
2026.2 beta7	modified	source/locale/de/gestures.ini	b0e893c28cf0335aed776d73d6e7c4a780d8e8de	a8b865e01602fb97b76e0052e0b889a75be8610b
2026.2 beta7	modified	source/locale/de_CH/LC_MESSAGES/nvda.po	103b90b377a74d62f6829f51ed068c4b5a5e1459	d9b3704c2c08e4426191c6bfacf8af8f8da66527
2026.2 beta7	modified	source/locale/el/LC_MESSAGES/nvda.po	d42a2e1659cb2b8e0070b87e296c4ccf6e1c7082	15d41382f5301cdce83a3e0105e09536f735b618
2026.2 beta7	modified	source/locale/es/LC_MESSAGES/nvda.po	e4b3b76dece46689e1a1c4a31a775cf62445dbda	9b98347bda7687ad8e7103b69ebdb472ee81d014
2026.2 beta7	modified	source/locale/es/gestures.ini	d90f196b8e711fa05b211e2bafbc47c80ca83ab0	c7e3e7b5376cad4c4080e814dba9563f37c06a26
2026.2 beta7	modified	source/locale/es_CO/LC_MESSAGES/nvda.po	9ef8b05cc7d8712c8ce2fdbaa5bef70c3486b1aa	7c667efdc3b55376ec531101802c22c987ee89ec
2026.2 beta7	modified	source/locale/fa/LC_MESSAGES/nvda.po	dfafdb13c240f5c5c4c5a083c45e68cb769ba554	2decf1fa670ff4c2ca9d90b7a73935ee4d820355
2026.2 beta7	modified	source/locale/fi/LC_MESSAGES/nvda.po	1c3d34669c15fdbf041d3de08796b4fca7a4d36b	d3cbcf9c5b62ed699c9898931b813db8b4366a6e
2026.2 beta7	modified	source/locale/fr/LC_MESSAGES/nvda.po	ac4ab93de46594e3a4746a3aac4aa4fdb9f04037	1e440f534f4738254601d149452842e3e0578fed
2026.2 beta7	modified	source/locale/gl/LC_MESSAGES/nvda.po	743e92cf4b20c51a9edbb01539190b10a47aae88	fb20482ba6e8568464a11b1efa7009c8734ccb61
2026.2 beta7	modified	source/locale/gl/gestures.ini	29f34d1d3d7ecfb0865bf087c267f0d125f5f465	d1f08b014bcf7fc88be168f587a8a366276b09dc
2026.2 beta7	modified	source/locale/he/LC_MESSAGES/nvda.po	c73e0dafbb98b1086560df593b2d43b82a56b4ca	3904d3b07ce7a35cf792002bd8f3fd648a52b8e2
2026.2 beta7	modified	source/locale/hi/LC_MESSAGES/nvda.po	adc7c3ad8c5824638ed1123d575f72cf9d9dc8f5	280031bc41974de0a901de99a660df94dc832957
2026.2 beta7	modified	source/locale/hr/LC_MESSAGES/nvda.po	a52f495a9c779196a9974e13f9bf19375eeff2e2	07b8a5fc2a17e354ed50b14180159a8fe8a7c359
2026.2 beta7	modified	source/locale/hr/gestures.ini	175905adaf8eafb1bd9a1bc3b9d338fd5d836016	9bf99776b8d4e2fe105c315c018aaa70c049490a
2026.2 beta7	modified	source/locale/hu/LC_MESSAGES/nvda.po	8abfc8a0e3318d5b400a5ef79d6b3098c9e718dc	e09b2ee09da69d3abace38748bcd02ed9292af39
2026.2 beta7	modified	source/locale/id/LC_MESSAGES/nvda.po	7572c5fc639a324b2b941f09c319888c5490b80c	605479f53f081dbcb5ad416b581be3b4af08d588
2026.2 beta7	modified	source/locale/is/LC_MESSAGES/nvda.po	e389c3707270ea2cded029b170902cc669a38a0c	584488575cdb48109123b329a07bb072696f51d3
2026.2 beta7	modified	source/locale/it/LC_MESSAGES/nvda.po	de34af16b727363a2cc974f33f066d7896f49d05	5d5fa42c2a8bcbade6c58ba925737724d22a5159
2026.2 beta7	modified	source/locale/ja/LC_MESSAGES/nvda.po	39e5b00fc563123a8556f1b8f1d1c0192417ea3b	c0506e73c17551d5ae33e43ba99f2584de74c62c
2026.2 beta7	modified	source/locale/ka/LC_MESSAGES/nvda.po	3678bcbd992310498939ce4bdb7696b20edb6b2d	e14d786e26e6a10ecb7e0f664fa272e74aa591b3
2026.2 beta7	modified	source/locale/km/LC_MESSAGES/nvda.po	2c7f1d4df9d73685955e37bb62504715010c67ba	d911a99a7e2e1471f5dc061a4aa2b82d3987ad9a
2026.2 beta7	modified	source/locale/kmr/LC_MESSAGES/nvda.po	6f76c7694589dd22233a3e7a9a5dea7badf84833	f5db8f370c55fdf21a018c8f1dfda5b7e5474c1c
2026.2 beta7	modified	source/locale/kn/LC_MESSAGES/nvda.po	b46fae59db8f98cb4ff6b6e9188f260bcf42bab3	26a2d02d32b72185f4bb18c8ba562ed54aad7b22
2026.2 beta7	modified	source/locale/ko/LC_MESSAGES/nvda.po	338f4d067186ba13fd70ce3c0277eee7e18a7e98	c2f63a3c2b173992406474483d718fcd3ed6f44a
2026.2 beta7	modified	source/locale/ky/LC_MESSAGES/nvda.po	8a5a78da1bd39d567ba05892382ec91f639dd73f	cef8c710686f6ea4c5de47554479499cde54a9b8
2026.2 beta7	modified	source/locale/lt/LC_MESSAGES/nvda.po	fb75113de810357292645ad62d60e46b03e405ce	700b7cfbb41f0d39a63755694a7e76dc886e1e1f
2026.2 beta7	modified	source/locale/mk/LC_MESSAGES/nvda.po	21dcf2b100334e13d060c63cab420be324cb9b66	1f365c12b6836220beef1ec4420b25c85cb55d2a
2026.2 beta7	modified	source/locale/mn/LC_MESSAGES/nvda.po	8dab788c59592e0e8221e139d50683df2a03499f	19af3594ab1f0f11a409a06b4d6a8eb6f23883ab
2026.2 beta7	modified	source/locale/my/LC_MESSAGES/nvda.po	b50bd147f6680e57715c9de8f3366c94170b4b56	a85aaffc77dcf0a3395c0aa029abdb071053d30a
2026.2 beta7	modified	source/locale/ne/LC_MESSAGES/nvda.po	76729a2d508a1c793ebf26efbe3c4292e1a0ef16	a5d527a3e0e2f3886b5d9e30b423c727d0f6870b
2026.2 beta7	modified	source/locale/nl/LC_MESSAGES/nvda.po	dba6dadb823eec8d22b8e29f438d9107039cdefa	ac2f02577d868b830b311da24dfdc403dc1d54b3
2026.2 beta7	modified	source/locale/nn_NO/LC_MESSAGES/nvda.po	eed71905a19b46814a6fdedbf2f306f54e0d73bc	6c7c5ed6efe690c4400e73f94fa34a9fe5a0f5c5
2026.2 beta7	modified	source/locale/pa/LC_MESSAGES/nvda.po	7f85180e1da74786a121424d77ca37346e8c343b	05298cd8d14d6eb515c50cea51c81132240b632f
2026.2 beta7	modified	source/locale/pl/LC_MESSAGES/nvda.po	34658f642b17b78d64c08781aa4e87f58c6491b9	0630738bd8e150ce433726aae6d215360f515734
2026.2 beta7	modified	source/locale/pt_BR/LC_MESSAGES/nvda.po	37bc0143bb7b8e8e8e982c4e4a0bc9a7d45b7371	bd0f57df3b25cbfc0883df5f41a71fbe3d3bad59
2026.2 beta7	modified	source/locale/pt_PT/LC_MESSAGES/nvda.po	913e2f11fd11bf4c2cbf3e221a52ec272973fdb4	416e94dd3a3586a8a9929c17d7fdc8ca0751640f
2026.2 beta7	modified	source/locale/ro/LC_MESSAGES/nvda.po	6aeab8597db66ed228a79faf82ecf5d2b1b257cb	b2ab20049d32775d240af0212b237be5f14d2410
2026.2 beta7	modified	source/locale/ru/LC_MESSAGES/nvda.po	49e8f93ff33b754b14a5b77d4aae27e02c57e24a	665fdfd48d4eeaca4a3c713c8dddd55a0d2e4d67
2026.2 beta7	modified	source/locale/sk/LC_MESSAGES/nvda.po	d5ab4a62baaed9342c8965428c671256a5cfa6e2	8a82662cb5310815f329c94a4d6886d01c3a3f78
2026.2 beta7	modified	source/locale/sl/LC_MESSAGES/nvda.po	2743715f5f781eca9feb26d37fcfcdb7cface36b	fe73da471d076a0223f45115c5d96656b62eb001
2026.2 beta7	modified	source/locale/so/LC_MESSAGES/nvda.po	5ae6ff91ef076a5c9ec3bac6b3baa3b66e48962e	92863e78f90c6b3b1f283943ad0092af06297378
2026.2 beta7	modified	source/locale/sq/LC_MESSAGES/NVDA.po	b76e3c2f7e481718d93cf6b31c40ca18014c7cea	5f803dd6d251897c82451601cf395202c6f85cf3
2026.2 beta7	modified	source/locale/sr/LC_MESSAGES/nvda.po	2c3991913c7f471c7de945634acbf60c02928410	d918760b442cbfcae3b9b174fc4a24da795b1adc
2026.2 beta7	modified	source/locale/sv/LC_MESSAGES/nvda.po	a9541d84d813e86e738eefbe261994348fb71ca3	a087a2e9792d19c54ed75f1e1c2538899d2e2ccc
2026.2 beta7	only-evolution	source/locale/sv/gestures.ini	58da6cfa42722a02d27d1d1395c8f0243a21d746	-
2026.2 beta7	modified	source/locale/ta/LC_MESSAGES/nvda.po	55eea6cf17576d77b9f9a5ab6f07a73b75e3d0f3	fea6e63534e8a5b09fe85b8842d87567b1406e3e
2026.2 beta7	modified	source/locale/th/LC_MESSAGES/nvda.po	6401344a500a5521fdc7a9d5c901cc51cc56ff13	046cbf9ed3519d8f65db9c3406e1754580e4aed4
2026.2 beta7	modified	source/locale/tr/LC_MESSAGES/nvda.po	8fcabce202e6920fc6d651f22f96100037683b1e	90722a6c2ddb63fa9b1ad3490b9c6ef91487e774
2026.2 beta7	modified	source/locale/tr/gestures.ini	9376c41ae639be66a669ac9713b10124f1f7619f	cd459333a92ed1434e894841ccf0109211c4ffc5
2026.2 beta7	modified	source/locale/uk/LC_MESSAGES/nvda.po	905ffc501c9592ed6fe24f2724af4f785303547b	644f797639f281c923a8c5a1e14fe2c3e0c89f59
2026.2 beta7	only-evolution	source/locale/uk/gestures.ini	fc43313db9e3ed7de1afc5a3da7de98e43ab0695	-
2026.2 beta7	modified	source/locale/ur/LC_MESSAGES/nvda.po	e3c42a797322017cb47283534540a273c4e50733	3cbe4753ed156fedaf564f50944f523c7898311b
2026.2 beta7	modified	source/locale/vi/LC_MESSAGES/nvda.po	6e6f287e2256bdfe4b3f8bf4ac409c16a4d1d0f8	5e6c326a7a0cca7ff7febabffde5790a4e8a4cf4
2026.2 beta7	modified	source/locale/zh_CN/LC_MESSAGES/nvda.po	2535075050ebfdccc88db6b51c787b37d5308b00	57521a06015aeb08e255141a8f14cbdd4cda87f4
2026.2 beta7	modified	source/locale/zh_HK/LC_MESSAGES/nvda.po	e6ebae4031c726b6ae9cc9d0831620203858e764	ffe9aa9e8fa52bacb25c7d6dd66971b76befb7ee
2026.2 beta7	modified	source/locale/zh_TW/LC_MESSAGES/nvda.po	0704db61d48d3078cf3761e3af8163569ae713f7	c4c0f2bcfdad0aaa3997a9ffe83165ba491304ba
2026.2 beta7	modified	source/locale/zh_TW/characterDescriptions.dic	62462901dffe4cccff01ef5362b20614a9d169da	83236c38489095bac4945336b7cf992711ecea39
2026.2 beta7	modified	source/locale/zh_TW/symbols.dic	6371a77aacd6ba29a996a397b7cc8f8980649e6a	aec10e8c88da50cbf18bfc8f1e856de78de7e546
2026.2 beta7	modified	source/locationHelper.py	9fe381e55ccbecda86f8599eb485fbe68cffa391	2beef1ef1ef0e03943fee8bea7cb6f77ecfcc355
2026.2 beta7	modified	source/mathPres/MathCAT/preferences.py	8d9f86ed026003494ea10226e5f6d2ddb6a9fe05	612b2cce9a1cf65417c7a54e21530f0d0882c6de
2026.2 beta7	modified	source/remotePythonConsole.py	6c66ed564212238aea9af920b111f45444fdb63c	719e812ba8ae0d5d834b2290707b17a4b6e31b87
2026.2 beta7	modified	source/speechDictHandler/definitions.py	ed3bdd836c911fc7001e38063a241538909f9bad	31c5dfe4413497a041f198d3063a4e8bac81438f
2026.2 beta7	modified	source/touchHandler.py	7fa75113afb058cf4f0e167e1a9c25f9766bf148	199fc40f2f92778ce3c80a9cf23f20cd3484cfdc
2026.2 beta7	modified	source/utils/security.py	90feedb092859b7decb2fd126c07ab1f512b4c82	b0c9acf1f8fc478a1101369336b4584346d7a389
2026.2 beta7	modified	source/winBindings/magnification.py	29b33845ca41f9e30edb459865bb298b89e99cca	95f1200a0231dd79ff279ceaa301529995fed939
2026.2 beta7	modified	source/winBindings/user32.py	ea4a9773e93193525c96331d1b6c86b9611ee1b2	704c218839670f473e3f6081cbe6a82e1e1bba7b
2026.2 beta7	modified	source/windowUtils.py	abbd37b230d3cdb8d8cbb97ee0a8a036c98efc91	59f5cd5ef1802eb6291ae485d8eedb3df5281909
2026.2 beta7	modified	tests/system/libraries/ChromeLib.py	a8ffe8d66ec8934ae8c0c9abc63c1132ed98e5b7	fc52c59223d4b61ee1fef40b2fb5e2ad4d0c79a3
2026.2 beta7	modified	tests/system/libraries/NotepadLib.py	b79dd0e30bc731837012ec400a5e37682a0d7072	6808865e506d3fa316ea1772557dfc150ee8a14e
2026.2 beta7	modified	tests/system/libraries/NvdaLib.py	c86aa2bfb7d62eb1fcd397b72b281e43bffe09ed	7bae843c760b3c0c36bb168db4a293259f2ea7b1
2026.2 beta7	only-evolution	tests/unit/test_NVDAObjects_UIA.py	4422b4fbc1bb95704e4daba8a866717cfbfd5560	-
2026.2 beta7	only-evolution	tests/unit/test_UIAHandler.py	2a8139ec5ffbaaaa5901d7c70dab1008471d66d5	-
2026.2 beta7	only-evolution	tests/unit/test_addonHandler/test_addonImports.py	94da9840c13e56273ae21a4d190967b6e53150a5	-
2026.2 beta7	modified	tests/unit/test_addonVersionCheck.py	cb7dd7cbcbcd13a929237b6ef0d74bac5dc25336	862e7d3731ba62d848bf13ba5de72b7587da1fb4
2026.2 beta7	only-evolution	tests/unit/test_braille/test_secureDesktop.py	76853a0c22d362d94c205012b706243c35128d3f	-
2026.2 beta7	modified	tests/unit/test_extensionPoints.py	9c13c9e90dbfe3d90e12d89caae99988eae2ce95	97842056ccb92c36041ebf6e1fb63868668793a0
2026.2 beta7	modified	tests/unit/test_hwIo.py	dc9fb19cfb76a3fca78aa912e27707be8c92c280	45b6714bed5fa9e91bbb46c361baf2c113c6770d
2026.2 beta7	modified	tests/unit/test_languageHandler.py	e503f702418be67702433be1574384bb705b6862	d4f0220871fb7e98462c43aa698d35a510188374
2026.2 beta7	modified	tests/unit/test_locationHelper.py	a08e8e8ac4c6dec3a01ba214b21efaf5693facd1	3f526c1c3fe064c5b085ae975f60ec1b7793ee70
2026.2 beta7	modified	tests/unit/test_magnifier/test_fullscreenMagnifier.py	b4833d5e3d4c526900bb7f4980b28c9a87cc0976	41f8b492cb3bd58377b69b48a17937e42bba11f7
2026.2 beta7	modified	tests/unit/test_magnifier/test_magnifier.py	70606ef4c16bbb86ac086d619b69e9c97f4c5e3f	57da7580127c708a07fc21b97eea4db0cb2f0066
2026.2 beta7	modified	tests/unit/test_magnifier/test_magnifierCommands.py	c1b5e2de56b821e84f060fa5f37ceaab039c8d2a	ab3681b238268f26ae3eb8d0d09427df524133d0
2026.2 beta7	only-evolution	tests/unit/test_magnifier/test_mouseHook.py	56f2c42daae5ed5309ba3b75d2d853d51258773f	-
2026.2 beta7	modified	tests/unit/test_messageDialog.py	a1fbf00737b8938e0682d39ed65d581763b5cfcc	f24492a788253f57320fa87692e1e14c0f3bb34c
2026.2 beta7	only-evolution	tests/unit/test_remotePythonConsole.py	5f311ea90ae2d1e4680067d80d43f6f10c74649e	-
2026.2 beta7	modified	tests/unit/test_util/test_security.py	94b86ad0beaecaa7a310805e3116e1db831244fb	7830b295ee4c8901568f5b306cd12ae4c3c1ec98
2026.2 beta7	only-evolution	tests/unit/test_winConsoleUIA.py	c2d53eaf32d33913dacb2f12608c03f161421748	-
2026.2 beta7	modified	user_docs/ar/changes.xliff	f1131f59d7f703378defad927057861d8daecfdd	c0fa3325565284a7f1bbca4853920e8cb3562f74
2026.2 beta7	modified	user_docs/ar/userGuide.xliff	b2b405ab8b5f726372939320b2cd81c7480b5e78	cffdd3ea330e46e6842d18385a19a6688bc12488
2026.2 beta7	modified	user_docs/bg/changes.xliff	2be6dc54fe672a447a799d821942af5eaa6eb850	ab5e802cd1065dd3611ca0b51fd41a11333bfe19
2026.2 beta7	modified	user_docs/bg/userGuide.xliff	432781cce068a8fcca95d740fc6e46b36ac08193	bc146e85fc9b5ca2591c4743e49b5255bd65a6ec
2026.2 beta7	modified	user_docs/bs/changes.xliff	1295ea46b30acfd4623594b2d35bd695d36d165b	ad1d10b81a4df5bc1bb976c2757d8cbf00263e29
2026.2 beta7	modified	user_docs/bs/userGuide.xliff	828e379088ef8a329f95ba2c7e6f6c8407223893	422dbc960c179e02d46613e0ed2b7ea5ff90ef01
2026.2 beta7	modified	user_docs/ca/changes.xliff	cbc1665fb044b5c6b941a61a71ebbbaf8c195cb9	244a546c766121480eaa679cf8a305df62500e49
2026.2 beta7	modified	user_docs/ca/userGuide.xliff	1cec817a286da7f557d527cd0c63737d905680b0	501c376116573b29a719f5599c462226e1fcaeb0
2026.2 beta7	modified	user_docs/da/changes.xliff	b4ea8f1745cf0866ace2078a25a2cd762b372f4c	20cf1dd8b39efdd851d99bf408285a4224cbd584
2026.2 beta7	modified	user_docs/da/userGuide.xliff	7cefd02b3607f8530d50a5fa3f9277486a71627a	4ce4e22abd503972b791fd5aa49e63de5a0433a1
2026.2 beta7	modified	user_docs/de/changes.xliff	90d27f1627d33beb38f5340c83a2f27a9da1c8aa	51900a0be5637ab2adc9a54056adc031e19137a2
2026.2 beta7	modified	user_docs/de/userGuide.xliff	de3cc8d0b754cd8bd894d9a8892a3cdcb9f65053	421c3a9cc10fba9026fde116d376eff9772a219b
2026.2 beta7	modified	user_docs/en/changes.md	c05d7ce042473b77d40799238c77e6504d583c80	ff0b2e44bb5f1fb1b64e047755bb25ba722d9e53
2026.2 beta7	modified	user_docs/en/changes.xliff	e1adfeadea98d9443c0005ccc1470d674fae589a	a920bfc7366c110d9717e4f2c8b42421c085062b
2026.2 beta7	modified	user_docs/en/userGuide.md	d6b75f586bdc7008b0caaf2b6ba3f56c4c5d1e69	b4d70e02f50505a7105648f20851d604c3e53a8d
2026.2 beta7	modified	user_docs/en/userGuide.xliff	b255cd5dee12c6c512ddc88f7fb3ee66cad94903	a846f51f0f55b37efd71c386b7ccf6ce62743236
2026.2 beta7	modified	user_docs/es/changes.xliff	738204d1bde44baddc5fa75f3e861276c7b8a90f	d50c2d577097d5e14d571e81273079b5466a599d
2026.2 beta7	modified	user_docs/es/userGuide.xliff	7f89984b8687937716ae91ae9449fec0ee5449cf	b77be29338e8930a35b7af82c4237a50f511292e
2026.2 beta7	modified	user_docs/fa/changes.xliff	f5e5b6445129193df6b7ab03685fa9e968c613b1	b53e9bab79202c13b2e6a1e0dbc38f6fbbf9a704
2026.2 beta7	modified	user_docs/fa/userGuide.xliff	68f1f87e86d58de0c604bf051eb569d58ff56fe4	741bb683e468f1fedfbdd727a8ce2762f7afa4aa
2026.2 beta7	modified	user_docs/fi/changes.xliff	dc0d539e2352cac131d4c0296544b833af46e350	e2f805f2b5016bf164d9f97893976b27cbd66916
2026.2 beta7	modified	user_docs/fi/userGuide.xliff	02d7450d6513b90993bb1fcff4f4a9f55828187b	4baa3bb8817f955366be13f2744c2c5e984b5e92
2026.2 beta7	modified	user_docs/fr/changes.xliff	636c59c81812f0cca72b1d3831c7c5560e4ae377	a8b0637f66c5d25a0f1119a802c2f69b87494b5c
2026.2 beta7	modified	user_docs/fr/userGuide.xliff	b385aaefa1f3ae6fc3d824053d668ecb9b4c702c	3b782cb6a9402e3c45c398551bdd5a517e9f6939
2026.2 beta7	modified	user_docs/gl/changes.xliff	dc5e0dd5a7e603ccb137cda9aa8c44b3c3d985a9	4a0d0d1eb774f718dc02aef5a5ac3c6db5989599
2026.2 beta7	modified	user_docs/gl/userGuide.xliff	0da2682325152bc890cabdcfc00cb3a0c3721836	760ff46b90c8441f87b909a26c1be79895b41b4e
2026.2 beta7	modified	user_docs/hi/changes.xliff	1f0e71819b1498a1c519576f4a7841638cfb41ff	20274df7955340f3497dd3d8a27c11f0bb8bf7d5
2026.2 beta7	modified	user_docs/hi/userGuide.xliff	796c857e08a6b8fba1e9f1b854a97c936826a60f	57d1e54dd70fa24c39ea8c4638d48ef7b241e456
2026.2 beta7	modified	user_docs/hr/changes.xliff	877def4591c687b1b97d90393d67fed8a16059da	08445c26d12128939f4316d0c3d565d9d0d74311
2026.2 beta7	modified	user_docs/hr/userGuide.xliff	cc0641c26f6599b65a59d9be8d0216dd838f48a6	1a01b8fdb510c9544e395c3157fc00fccf3db43e
2026.2 beta7	only-official	user_docs/hu/changes.md	-	64107b5b3b36f9aaff22fa76bbd1016aa3d37344
2026.2 beta7	only-evolution	user_docs/hu/changes.xliff	54288b375ef0c8de6945f3086f54900e931a76c5	-
2026.2 beta7	modified	user_docs/it/changes.xliff	94047b6773c84f9108fc1dbb48be7b4481710476	da76ba88e3b8bce68d4533a4b59b1560dc5455ae
2026.2 beta7	modified	user_docs/it/userGuide.xliff	1abfe22ecf076d7bad272752b1ea4a7a4916ee1f	7100b66fa630730813017d43826dd82ab633f37f
2026.2 beta7	modified	user_docs/ja/changes.xliff	c6847f6770c2b5b5812a4a8c2685fd6fbd34fb07	c98467602b3125294e5ae29b39e486d3aa0d5446
2026.2 beta7	modified	user_docs/ja/userGuide.xliff	0a64412ae70ddbdd325dd634cbd8eefd407f9966	177df98cd672d40972948fcb4c863b887a845e79
2026.2 beta7	modified	user_docs/km/changes.xliff	c24f737d2c1d531ee2afd16419693dee7ac10b1f	b893266c704274e6bf29d76bccf06b8b58b6b8fe
2026.2 beta7	modified	user_docs/km/userGuide.xliff	01134536c1f0457bbdd70b8aa18eed142943f49a	1cf4d973f1cd577c69d27554fb874fab0526e165
2026.2 beta7	modified	user_docs/ko/changes.xliff	9d8962c944dc38a0b5647675b3900d919a79dd20	ffab3516bd0f6622b0aaefe1a5bd5dcd8c88cf09
2026.2 beta7	modified	user_docs/ko/userGuide.xliff	ef76965caf9e4905ff10641e7ed83730b15bfbd2	c4ea63c72fa13e1ab95f07401a33424fb2f9258c
2026.2 beta7	modified	user_docs/nl/changes.xliff	e96348cbff353017660ba3a703015bb6cce69d35	89da94e8da14fc298d84b0c12ab6eb704f90b50f
2026.2 beta7	modified	user_docs/nl/userGuide.xliff	62186700ec4b695dfedd2810e753390aa615866d	152c60e7c300b4f064fa77768e5b9870b38d088d
2026.2 beta7	modified	user_docs/pl/changes.xliff	1502a051a0739314c416cea89faf865457d3eaf2	b43dfaf8d67e7c058c3574a1568f239f05b81197
2026.2 beta7	modified	user_docs/pl/userGuide.xliff	f93311498ce6773ddff0877cd4d092f5bd4e0757	dcac798dc8d24400778c2dd75fe14afde9def1af
2026.2 beta7	modified	user_docs/pt_BR/changes.xliff	aa3ac62e0b801870451947c652bb0dd304b71826	d13237745103cf9bed9c4b0dd955f912df9ac644
2026.2 beta7	modified	user_docs/pt_BR/userGuide.xliff	4b5c55606eebd869efaeb028e137626909b747af	7bd268c0bb2025465a1dc6a0a83ecf5b94558ac1
2026.2 beta7	modified	user_docs/pt_PT/changes.xliff	1d46dbc438983848ff7a53249c20f108b547f0d1	9aa48b6674c8542a7c9a42d6d80625c327553fdd
2026.2 beta7	modified	user_docs/pt_PT/userGuide.xliff	0087696a62add211a2561f0ab587886763cf9974	ca88d1b7fc4a977916caa70e99eda1779cd91463
2026.2 beta7	modified	user_docs/ru/changes.xliff	96677b30ad521f15f6ecf3a6bd50d8434b007703	a2f307de50e397c92d023b044d4c5d1b6cab5dc7
2026.2 beta7	modified	user_docs/ru/userGuide.xliff	4366234d36426ae206a80606a10b7216a0854ab5	8f99d4035e24fe6bd3aff3d82ae799b6b1d6c762
2026.2 beta7	modified	user_docs/sk/changes.xliff	0aa9fe1b33ad21691451cbee5f0a1c18c1ab947d	7f5978a12b0e56b907c6ee8a3b3a6e75ec0531ae
2026.2 beta7	modified	user_docs/sk/userGuide.xliff	dab8c533b0f8743287f00b9363dd81a5882880c1	3878269e78a4b3417e9dbe066d1ff4f5b267634e
2026.2 beta7	modified	user_docs/sr/changes.xliff	88fc6a4c1d0f7d8e02179cc9096a9cd1cd61fc1d	63d8a6eb94d7124287e92dc28d0f324b684ceeec
2026.2 beta7	modified	user_docs/sr/userGuide.xliff	efc9592db2c0b9861d4f6de8b96a7ebbe81f874e	6f17adfd406d6d0db508158c319288b458d3555a
2026.2 beta7	modified	user_docs/ta/userGuide.xliff	87ea1401d6c23b5eb393a9f8e90038ffd8c69848	bcfa6ed15055a10c73cbc14295c2c4780d9af41a
2026.2 beta7	modified	user_docs/tr/changes.xliff	c86c9ba86208a7a40e1fdb08b3a7410fd120310f	d594241855796506129b13e680063e1ee282d69e
2026.2 beta7	modified	user_docs/tr/userGuide.xliff	6f3ceb1b92a46ae364ddae86f19fef7992c776d9	9614509c5823726bd073bbe8da801ec1fd03e8c3
2026.2 beta7	modified	user_docs/uk/changes.xliff	05cb87ef90307220b3d074d0a790ef2fc40d5bee	7520ec77ec94f2a5d74eebc5fe77afd9224c32a5
2026.2 beta7	modified	user_docs/uk/userGuide.xliff	0b83fad95f0e1f1454f2e7a64988f4c6cffd4103	248f07b5c56553032a30a24f598994cf0f6c4be1
2026.2 beta7	modified	user_docs/vi/changes.xliff	7659e40ae6c6fb220e2db9f11d50f0b31094369d	565dedebc398811f02ab9fb2820401000f3fd363
2026.2 beta7	modified	user_docs/vi/userGuide.xliff	c8f8ddd84d192502801cb45da0f5bdfa50da3849	349299e04af56b506eb811bddd27f506e740a9a5
2026.2 beta7	modified	user_docs/zh_CN/changes.xliff	dd4812a903d9e1d5e4d628d331f26ef065ec6a95	acfd8010079871107de35411da96c00dee88abb2
2026.2 beta7	modified	user_docs/zh_CN/userGuide.xliff	63a0701212775d250f913c41d5e3c628dae01068	1ee0322b583d3b11d1491b2284d38584f850b012
2026.2 beta7	modified	user_docs/zh_TW/changes.xliff	4556b0bc35ce1525f829c06502504e01975e20b2	354126151c805672df84823823783614ec986047
2026.2 beta7	modified	user_docs/zh_TW/userGuide.xliff	4da6a28e0e5b34de7ecbf039e5fda4afcee9cba3	4f75cdf76d41255e74c93345635c183f8487b0ec
2026.2 beta7	modified	uv.lock	9210c958818df868206b7c5329d37fcaf734bacd	42151a8e9c2014e7401989215dba65bd4b39a470
2026.2 beta8	modified	.github/workflows/add-new-language.yml	a22ea4814966fb31617bfdd108edaf39400c0bd9	9133d9c222561f3ff30350a114b84c0a124f7d7f
2026.2 beta8	modified	.github/workflows/clearCaches.yml	039c28961eb0b36441547ca67aed3de2d26aedfd	a391d793cd868a02b87ba730ac8afeae9dd39433
2026.2 beta8	modified	.github/workflows/fetch-crowdin-translations.yml	13a3d8e48ab5b54deebc2c298e66f5dfc098dd2a	43806c73c99fcf2a7b65e0aeba414a66a92d4fb3
2026.2 beta8	modified	.github/workflows/monitor-localisation-file-changes.yml	7584668c57cf30b131d3e3fe84139e18d68bd394	254c2527338f48a3ff0c6362c12fca1ccdd3cae2
2026.2 beta8	modified	.github/workflows/testAndPublish.yml	05ff1807cfc292da383908c643c7810d9c83bd47	67d418b43bd6618fa089ce8ae6bac4afdc3e233a
2026.2 beta8	modified	.python-versions	05c2197512e8084559661bdda4b0426de8f9e0b0	c799318b8e175472df83757d8e95702f365a780a
2026.2 beta8	modified	ci/README.md	09f6b2e873bbe63862faa1b37044fb24e99cea72	a10b3ee896a4e7b99010563d895452285ac70df3
2026.2 beta8	modified	ci/scripts/checkAndCommitTranslations.ps1	141324a1aa77a65bdac08ad21c6398362c9747ae	972b1d131d89338bb7be7c8a05520cc0bf6de057
2026.2 beta8	modified	ci/scripts/setBuildVersionVars.ps1	c6452b84902b14d0347cccfafd7588349085f13d	f4e3fead863b8380fd0e6bb73848ef42878805ef
2026.2 beta8	modified	include/liblouis	2e775aca674cd2910e272eed7736acceb4c2e4a2	2aa5f84b14de17bcfe8317862d11f6bd7d640e55
2026.2 beta8	modified	projectDocs/dev/createDevEnvironment.md	419f226fd3b6ebf332146fed850209804793645f	0535a329c11adb148a4ada832fd8ca7adc55cb5a
2026.2 beta8	modified	projectDocs/dev/developerGuide/developerGuide.md	f6c5f96c98de86ca36c21bf3b33d45ded4fc7316	5024f63cfc51b120f60ea6c8db2f1bd3e5e0acd4
2026.2 beta8	only-evolution	projectDocs/dev/futureRcValidation.md	96f4b06ddcc925049e3fa9dae07565de936349a9	-
2026.2 beta8	modified	runtime-builders/synthDriverHost32/.python-version	1f155dedb475f21cdeb94e30fd2db8ec550d96a6	fe6f212a49359f24bd0799d377528f38f3bcab23
2026.2 beta8	modified	runtime-builders/synthDriverHost32/setup-runtime.py	2cee396cf30d90e81b64ae213e206d9b7d05929f	d74991bc57ec2d7ec912817dc190a8d08cc8a735
2026.2 beta8	modified	source/NVDAObjects/IAccessible/__init__.py	c7abfaf97861cd108b866dc507f79b150f5ec464	5e6e77d4ff7d74c93196b749007b78c86157cd76
2026.2 beta8	modified	source/NVDAObjects/UIA/__init__.py	6017dba29983278f75e11f253be99426ce24906b	dc46de15c96fbdaf0b175dc95f449a7c6caec6e5
2026.2 beta8	modified	source/NVDAObjects/UIA/winConsoleUIA.py	10c19afd2b7e78c1d615910a7b2215fdddefb4e4	dd4aec30cf2ddf4dac7dc974095ff02239088812
2026.2 beta8	modified	source/NVDAObjects/UIA/wordDocument.py	915265f45a8516cc908fd2e969949ea6ae250b4f	1379f82dd981e45e3afc747926ad92ed6dd1bfda
2026.2 beta8	modified	source/UIAHandler/__init__.py	38b8d593d4ef39de4dd24e3cd20f42c07cd7fd7c	b11e5f0bb910e7a241d992633d4558c490001a6f
2026.2 beta8	modified	source/UIAHandler/remote.py	e311bb63296f17fc4c74e19f9f3095ab8e283ff4	13d4cde7a39cdede58664fa0b9bd0576e1f95e96
2026.2 beta8	modified	source/_magnifier/commands.py	b83ee2beaa9a6669a4f77801958ae2f96bf8b242	b47dd17c82eee72a949b86e7c8450629163a15c4
2026.2 beta8	modified	source/_magnifier/config.py	b62c878c137ed04711267e83a3caab79fc6d7672	396c8e8b8ddc58db4dd5f0b08751b1c7df5c9e21
2026.2 beta8	modified	source/_magnifier/fullscreenMagnifier.py	95b34a6241c7bcf269dbdfd02502d319e15bf4cd	5b2e68fa3ea8682fef0585596ff18afb45405fa2
2026.2 beta8	modified	source/_magnifier/magnifier.py	0d3710b090760c139435078ecd9ffa15348ab6cb	daebdf139e6c72d8cb46540919256fa95c68ac1f
2026.2 beta8	modified	source/_magnifier/utils/types.py	e9bbe7e7c0140b3bbe3a74db9e9056fe81b50dd6	cd5edcee1936449c8f4fee2d012bac8c3ab6a4ff
2026.2 beta8	modified	source/addonAPIVersion.py	0657b0194026f83e721cf4380b761714ee8a9709	b300dc889c8e873534539e59757ea97d4c622b66
2026.2 beta8	modified	source/addonHandler/__init__.py	b241973917c0cd72e9a8bd496eb152af17c41969	87cdcc7f7c957c3d98706c4b1c25e9a9dbb1feca
2026.2 beta8	modified	source/braille.py	5ccdface171624e98e1a0950876f23fa6f556172	6e1d36be2082a6dc99ecc27b07fe2c10cbb0ea5e
2026.2 beta8	modified	source/brailleTables/__tables.py	84d50f742a7ed7055ee77ec7f531a1d753c2c5ee	2f93a9715b777d2786128e46c015cc8622f7df84
2026.2 beta8	modified	source/buildVersion.py	e0e9af5909cb96bd5bba2bdd6d615ac2af52f1ee	509fa403128bd6d105c508bf11e15184e51768b6
2026.2 beta8	modified	source/config/configSpec.py	1c058c3335c26ba79a9f7bc784942d4fa0c80217	5afeada7e59aa89e0f5f1c76656c449f8ba6b7d4
2026.2 beta8	modified	source/config/profileUpgradeSteps.py	cade8ddc09005450e203e10343673df0e535d1b5	b822b54c649655d23661ef98f76598b5b55af5fd
2026.2 beta8	modified	source/core.py	f1ad8084a6f8d71a951a8acb7cc84ed5c8d33344	7ea22bef3825a826a23049b89842d79a17879565
2026.2 beta8	modified	source/extensionPoints/__init__.py	54908b611de27e5618d917eb9b80c280151a1195	873847835057931c1ac1e4bf0a84a87b39ed96f8
2026.2 beta8	modified	source/extensionPoints/util.py	5b6f9b3b20160a63725dfb96a2d54080c8ecf8fc	c09226d8b43be4d58aff54a480fec6ba940519c5
2026.2 beta8	modified	source/globalCommands.py	b72aed630417d944c461eb1b6619c16126b86647	9e701c70f885bca402a82e1cc5ccc233bb60fa7e
2026.2 beta8	modified	source/gui/message.py	6f12aeb7105ce2dc2bbaf9bbdf8e6588624d1425	3c3e58470dc7ed479e2f491b660031fad6c2ad03
2026.2 beta8	modified	source/gui/settingsDialogs.py	7bd0939d3b44e3e5683d1dad968f08968606a17f	085928614e28bfb24bddf67cd4f68de3e547a0d7
2026.2 beta8	modified	source/gui/speechDict.py	5a46cf7d4b8ef520c8d712e3d2179d9ba5f0b432	37992cb9fa5616f03af2b6c2d3a4d4c017c680e9
2026.2 beta8	modified	source/hwIo/base.py	d95005969a95c09f015d29451bf1e8c214eebf00	0a34b27e42f4632fd5412c299c0cc01001b12f39
2026.2 beta8	modified	source/languageHandler.py	54de6ddb79dc36b64da7910a757911b111e77682	656028ebe62fc08111e729b20e09d6e4aeefe4df
2026.2 beta8	modified	source/locale/af_ZA/LC_MESSAGES/nvda.po	af7f998003367de04aeffc195ca5efe86613e4e3	4c569de8de9f6c304e963dd15ae5c1ea1da1c5e1
2026.2 beta8	modified	source/locale/am/LC_MESSAGES/nvda.po	ead2db7b17719d5e011d0b48312aa402aa0b60a5	282a460b2ea5c0c52de16d41e01ddaedf0d5973d
2026.2 beta8	modified	source/locale/an/LC_MESSAGES/nvda.po	13a938bda9965f18804f709aa47d54bf854e1eb6	a648abf55740ea06255592ea91baa2ad0bfa15f9
2026.2 beta8	modified	source/locale/ar/LC_MESSAGES/nvda.po	7d8ebfce7c618c373ca385fabbcf55cb81daf818	fb5031c11217cb55eaf8e234f66d633a2133faee
2026.2 beta8	modified	source/locale/bg/LC_MESSAGES/nvda.po	9011d1de155343d73d1dae278a55376df274f7b7	03e057d070f5467e77e90461be03b97d7dbff71a
2026.2 beta8	modified	source/locale/bs/LC_MESSAGES/nvda.po	d7d20d6f6b70a5e883b60167177855306220fe99	054645268faad76d31d75f3eceeb799a0998306d
2026.2 beta8	modified	source/locale/ca/LC_MESSAGES/nvda.po	3d0fa70b2e79f2fd1389f6b3c322cc639da239e6	454c314c5d5c5ff77bf0a8e5867890ab8b548049
2026.2 beta8	modified	source/locale/ca/gestures.ini	d90f196b8e711fa05b211e2bafbc47c80ca83ab0	c7e3e7b5376cad4c4080e814dba9563f37c06a26
2026.2 beta8	modified	source/locale/ckb/LC_MESSAGES/nvda.po	4262c351cd44a5db5a1ce88ef50a5d130b70799f	3f98640e13fa1730c0733a1a819d12ddf57e7c53
2026.2 beta8	modified	source/locale/cs/LC_MESSAGES/nvda.po	1bcdb8ff8e44863f964b643af06ed0db1850438a	bc55ef75146ce9cef8501d4cac61ffd2e19cab7f
2026.2 beta8	modified	source/locale/da/LC_MESSAGES/nvda.po	ebbee18e0977139da7736475f135faf79beb77ce	bacfa80315ee612adfb841431ce67fc4baacd2a8
2026.2 beta8	modified	source/locale/da/gestures.ini	1eda26949552c6bd7836c1ec460212c7dd25f6b8	34b31c9b14915894317ee03ae9f430960869fa6e
2026.2 beta8	modified	source/locale/de/LC_MESSAGES/nvda.po	9eb0584281290295f87f415a066ba2395fef998c	25bcec32d95a466433955a3cec4c2ff03fab6f0e
2026.2 beta8	modified	source/locale/de/gestures.ini	b0e893c28cf0335aed776d73d6e7c4a780d8e8de	a8b865e01602fb97b76e0052e0b889a75be8610b
2026.2 beta8	modified	source/locale/de_CH/LC_MESSAGES/nvda.po	103b90b377a74d62f6829f51ed068c4b5a5e1459	1491e5c7d0f4c02ae9e7913005eb3e502a5f3fd6
2026.2 beta8	modified	source/locale/el/LC_MESSAGES/nvda.po	d42a2e1659cb2b8e0070b87e296c4ccf6e1c7082	61fc43a8eb541e88cbc1a81e51b095615c03d00d
2026.2 beta8	modified	source/locale/es/LC_MESSAGES/nvda.po	e4b3b76dece46689e1a1c4a31a775cf62445dbda	f61866069fd8558b554195295254721e513e5d5e
2026.2 beta8	modified	source/locale/es/gestures.ini	d90f196b8e711fa05b211e2bafbc47c80ca83ab0	c7e3e7b5376cad4c4080e814dba9563f37c06a26
2026.2 beta8	modified	source/locale/es_CO/LC_MESSAGES/nvda.po	9ef8b05cc7d8712c8ce2fdbaa5bef70c3486b1aa	50571d82e64a040c850599373e2b036c8d047c4b
2026.2 beta8	modified	source/locale/fa/LC_MESSAGES/nvda.po	dfafdb13c240f5c5c4c5a083c45e68cb769ba554	1f07dc5337863a1c11fc27b34cd9a52cfd881e33
2026.2 beta8	modified	source/locale/fi/LC_MESSAGES/nvda.po	1c3d34669c15fdbf041d3de08796b4fca7a4d36b	7948e0aae36771650f245141451e5b0f6ab43bfc
2026.2 beta8	modified	source/locale/fr/LC_MESSAGES/nvda.po	ac4ab93de46594e3a4746a3aac4aa4fdb9f04037	5fb6c87a78bde70b0a9312f3f67939a243f5529d
2026.2 beta8	modified	source/locale/gl/LC_MESSAGES/nvda.po	743e92cf4b20c51a9edbb01539190b10a47aae88	3bfe79516522a7d98a1078109f98c818ab44df69
2026.2 beta8	modified	source/locale/gl/gestures.ini	29f34d1d3d7ecfb0865bf087c267f0d125f5f465	d1f08b014bcf7fc88be168f587a8a366276b09dc
2026.2 beta8	modified	source/locale/he/LC_MESSAGES/nvda.po	c73e0dafbb98b1086560df593b2d43b82a56b4ca	ababf7e5670a2d76cfab445660c420faea817802
2026.2 beta8	modified	source/locale/hi/LC_MESSAGES/nvda.po	adc7c3ad8c5824638ed1123d575f72cf9d9dc8f5	37092cf064dc591f337ad7ab7e648de5407d3381
2026.2 beta8	modified	source/locale/hr/LC_MESSAGES/nvda.po	a52f495a9c779196a9974e13f9bf19375eeff2e2	cdac3caa7b926b7755fd23b9927bb3096974324a
2026.2 beta8	modified	source/locale/hr/gestures.ini	175905adaf8eafb1bd9a1bc3b9d338fd5d836016	9bf99776b8d4e2fe105c315c018aaa70c049490a
2026.2 beta8	modified	source/locale/hu/LC_MESSAGES/nvda.po	8abfc8a0e3318d5b400a5ef79d6b3098c9e718dc	651e85fa3310ea9211aa761b253c7cb11c6dd56b
2026.2 beta8	modified	source/locale/id/LC_MESSAGES/nvda.po	7572c5fc639a324b2b941f09c319888c5490b80c	dbb3527ec92bd9af293909ee7763864b201aad13
2026.2 beta8	modified	source/locale/is/LC_MESSAGES/nvda.po	e389c3707270ea2cded029b170902cc669a38a0c	3d8f21c67707a7fdb51c3b5dd5a84c2658f74715
2026.2 beta8	modified	source/locale/it/LC_MESSAGES/nvda.po	de34af16b727363a2cc974f33f066d7896f49d05	b1b776622418dccf0548926b9d9f7bdad168529f
2026.2 beta8	modified	source/locale/ja/LC_MESSAGES/nvda.po	39e5b00fc563123a8556f1b8f1d1c0192417ea3b	d3cef5f68b2d91974c49f783a48202432a69367d
2026.2 beta8	modified	source/locale/ka/LC_MESSAGES/nvda.po	3678bcbd992310498939ce4bdb7696b20edb6b2d	9f8bfbbeffb5e430313dbf744314898561b5cb7c
2026.2 beta8	modified	source/locale/km/LC_MESSAGES/nvda.po	2c7f1d4df9d73685955e37bb62504715010c67ba	599de36b2d5994b94ae62a661fc29df44bb75b87
2026.2 beta8	modified	source/locale/kmr/LC_MESSAGES/nvda.po	6f76c7694589dd22233a3e7a9a5dea7badf84833	e82c9085314dfabbb3244383988699ab6361584a
2026.2 beta8	modified	source/locale/kn/LC_MESSAGES/nvda.po	b46fae59db8f98cb4ff6b6e9188f260bcf42bab3	ecf7de2199ef67cf888164a54f89f5b6a13b17fc
2026.2 beta8	modified	source/locale/ko/LC_MESSAGES/nvda.po	338f4d067186ba13fd70ce3c0277eee7e18a7e98	cec79db7c108831534b3a45a8ae50c752f61d949
2026.2 beta8	modified	source/locale/ky/LC_MESSAGES/nvda.po	8a5a78da1bd39d567ba05892382ec91f639dd73f	baab1fc67c0049aca5f9c42d12955280ac18c19a
2026.2 beta8	modified	source/locale/lt/LC_MESSAGES/nvda.po	fb75113de810357292645ad62d60e46b03e405ce	692d099c2f2a964614e0e3ff6e9a1307d7f1a4fe
2026.2 beta8	modified	source/locale/mk/LC_MESSAGES/nvda.po	21dcf2b100334e13d060c63cab420be324cb9b66	787a7babc506986ee4b6d0d1fa4d8d1eeb544b03
2026.2 beta8	modified	source/locale/mn/LC_MESSAGES/nvda.po	8dab788c59592e0e8221e139d50683df2a03499f	0e97622de76f54ee49aef5a7e10eb974831f6e27
2026.2 beta8	modified	source/locale/my/LC_MESSAGES/nvda.po	b50bd147f6680e57715c9de8f3366c94170b4b56	93c531d03fd9a6a52dffb178fb8b1ed1ffaa87bc
2026.2 beta8	modified	source/locale/ne/LC_MESSAGES/nvda.po	76729a2d508a1c793ebf26efbe3c4292e1a0ef16	0d92df90268c8e37410f87dc0e446c0c00bb3676
2026.2 beta8	modified	source/locale/nl/LC_MESSAGES/nvda.po	dba6dadb823eec8d22b8e29f438d9107039cdefa	f5b017314dd2055c6dc6a9f56837819f6a82e8b9
2026.2 beta8	modified	source/locale/nn_NO/LC_MESSAGES/nvda.po	eed71905a19b46814a6fdedbf2f306f54e0d73bc	d3c16dbf76281cf815e40633caffc2b6a0b3d32e
2026.2 beta8	modified	source/locale/pa/LC_MESSAGES/nvda.po	7f85180e1da74786a121424d77ca37346e8c343b	fd07de77d289cde8db6e19b0d4355cbb761d2267
2026.2 beta8	modified	source/locale/pl/LC_MESSAGES/nvda.po	34658f642b17b78d64c08781aa4e87f58c6491b9	d0bdb1b1b16d2aca2900e25a48e9acf51e20247d
2026.2 beta8	modified	source/locale/pt_BR/LC_MESSAGES/nvda.po	37bc0143bb7b8e8e8e982c4e4a0bc9a7d45b7371	ac261a6305e0a4ca953d849acfb835fca81b265b
2026.2 beta8	modified	source/locale/pt_PT/LC_MESSAGES/nvda.po	913e2f11fd11bf4c2cbf3e221a52ec272973fdb4	8e3c8967b2abf0e9fd05af8c37efdbd036db1f59
2026.2 beta8	modified	source/locale/ro/LC_MESSAGES/nvda.po	6aeab8597db66ed228a79faf82ecf5d2b1b257cb	1857805db7cd21444e2ff981da6d24bfeeeaaecd
2026.2 beta8	modified	source/locale/ru/LC_MESSAGES/nvda.po	49e8f93ff33b754b14a5b77d4aae27e02c57e24a	f852eccefcbaa1fd04886fab01f4aa62efbf6833
2026.2 beta8	modified	source/locale/sk/LC_MESSAGES/nvda.po	d5ab4a62baaed9342c8965428c671256a5cfa6e2	eb091a36cc57d2aaa79503035d53a14b6b6274b4
2026.2 beta8	modified	source/locale/sl/LC_MESSAGES/nvda.po	2743715f5f781eca9feb26d37fcfcdb7cface36b	064052ac057873679686bd4620d1d6bfd1468736
2026.2 beta8	modified	source/locale/so/LC_MESSAGES/nvda.po	5ae6ff91ef076a5c9ec3bac6b3baa3b66e48962e	983c351186c4a21bf25a1bd128cd7c62d0976629
2026.2 beta8	modified	source/locale/sq/LC_MESSAGES/NVDA.po	b76e3c2f7e481718d93cf6b31c40ca18014c7cea	9cdb2be82257fa9661af386aed2f27bdb0996de4
2026.2 beta8	modified	source/locale/sr/LC_MESSAGES/nvda.po	2c3991913c7f471c7de945634acbf60c02928410	80bb7957793d1e07c171a189165bc9f745822f86
2026.2 beta8	modified	source/locale/sv/LC_MESSAGES/nvda.po	a9541d84d813e86e738eefbe261994348fb71ca3	8b0d4f27739e78ab2397c651bd593130b35c9acd
2026.2 beta8	modified	source/locale/ta/LC_MESSAGES/nvda.po	55eea6cf17576d77b9f9a5ab6f07a73b75e3d0f3	fea6e63534e8a5b09fe85b8842d87567b1406e3e
2026.2 beta8	modified	source/locale/th/LC_MESSAGES/nvda.po	6401344a500a5521fdc7a9d5c901cc51cc56ff13	59220df708f4052af71b27082b62208a46108847
2026.2 beta8	modified	source/locale/tr/LC_MESSAGES/nvda.po	8fcabce202e6920fc6d651f22f96100037683b1e	33944618a13da4a4edee7e6df96931e77965801f
2026.2 beta8	modified	source/locale/tr/gestures.ini	9376c41ae639be66a669ac9713b10124f1f7619f	cd459333a92ed1434e894841ccf0109211c4ffc5
2026.2 beta8	modified	source/locale/uk/LC_MESSAGES/nvda.po	905ffc501c9592ed6fe24f2724af4f785303547b	61a1de03b661d06c2cf485253bce5c3da1ce8555
2026.2 beta8	only-evolution	source/locale/uk/gestures.ini	fc43313db9e3ed7de1afc5a3da7de98e43ab0695	-
2026.2 beta8	modified	source/locale/ur/LC_MESSAGES/nvda.po	e3c42a797322017cb47283534540a273c4e50733	87f169c8009cc8796b03d52f5463f90db5d38e96
2026.2 beta8	modified	source/locale/vi/LC_MESSAGES/nvda.po	6e6f287e2256bdfe4b3f8bf4ac409c16a4d1d0f8	1d2ea747fd9286c1e70f7f2a20b41a8ac0d26230
2026.2 beta8	modified	source/locale/zh_CN/LC_MESSAGES/nvda.po	2535075050ebfdccc88db6b51c787b37d5308b00	4b57ca0c3a5cdcadd1251c96835f09e89f7715b9
2026.2 beta8	modified	source/locale/zh_HK/LC_MESSAGES/nvda.po	e6ebae4031c726b6ae9cc9d0831620203858e764	8d60313600e060b929c06546c9fa34be764c5855
2026.2 beta8	modified	source/locale/zh_TW/LC_MESSAGES/nvda.po	0704db61d48d3078cf3761e3af8163569ae713f7	d1095edb25ff2676e6c7cc7602dbf69dec7b655e
2026.2 beta8	modified	source/locale/zh_TW/characterDescriptions.dic	62462901dffe4cccff01ef5362b20614a9d169da	83236c38489095bac4945336b7cf992711ecea39
2026.2 beta8	modified	source/locale/zh_TW/symbols.dic	6371a77aacd6ba29a996a397b7cc8f8980649e6a	aec10e8c88da50cbf18bfc8f1e856de78de7e546
2026.2 beta8	modified	source/locationHelper.py	9fe381e55ccbecda86f8599eb485fbe68cffa391	2beef1ef1ef0e03943fee8bea7cb6f77ecfcc355
2026.2 beta8	modified	source/mathPres/MathCAT/preferences.py	8d9f86ed026003494ea10226e5f6d2ddb6a9fe05	612b2cce9a1cf65417c7a54e21530f0d0882c6de
2026.2 beta8	modified	source/remotePythonConsole.py	6c66ed564212238aea9af920b111f45444fdb63c	719e812ba8ae0d5d834b2290707b17a4b6e31b87
2026.2 beta8	modified	source/speechDictHandler/definitions.py	ed3bdd836c911fc7001e38063a241538909f9bad	31c5dfe4413497a041f198d3063a4e8bac81438f
2026.2 beta8	modified	source/touchHandler.py	7fa75113afb058cf4f0e167e1a9c25f9766bf148	c55521f02872aea59a08d5a33409ab99da981bf0
2026.2 beta8	modified	source/utils/security.py	90feedb092859b7decb2fd126c07ab1f512b4c82	b0c9acf1f8fc478a1101369336b4584346d7a389
2026.2 beta8	modified	source/winBindings/magnification.py	29b33845ca41f9e30edb459865bb298b89e99cca	95f1200a0231dd79ff279ceaa301529995fed939
2026.2 beta8	modified	source/winBindings/user32.py	ea4a9773e93193525c96331d1b6c86b9611ee1b2	704c218839670f473e3f6081cbe6a82e1e1bba7b
2026.2 beta8	modified	source/windowUtils.py	abbd37b230d3cdb8d8cbb97ee0a8a036c98efc91	59f5cd5ef1802eb6291ae485d8eedb3df5281909
2026.2 beta8	modified	tests/system/libraries/ChromeLib.py	a8ffe8d66ec8934ae8c0c9abc63c1132ed98e5b7	fc52c59223d4b61ee1fef40b2fb5e2ad4d0c79a3
2026.2 beta8	modified	tests/system/libraries/NotepadLib.py	b79dd0e30bc731837012ec400a5e37682a0d7072	6808865e506d3fa316ea1772557dfc150ee8a14e
2026.2 beta8	modified	tests/system/libraries/NvdaLib.py	c86aa2bfb7d62eb1fcd397b72b281e43bffe09ed	7bae843c760b3c0c36bb168db4a293259f2ea7b1
2026.2 beta8	only-evolution	tests/unit/test_NVDAObjects_UIA.py	4422b4fbc1bb95704e4daba8a866717cfbfd5560	-
2026.2 beta8	only-evolution	tests/unit/test_UIAHandler.py	2a8139ec5ffbaaaa5901d7c70dab1008471d66d5	-
2026.2 beta8	only-evolution	tests/unit/test_addonHandler/test_addonImports.py	94da9840c13e56273ae21a4d190967b6e53150a5	-
2026.2 beta8	modified	tests/unit/test_addonVersionCheck.py	cb7dd7cbcbcd13a929237b6ef0d74bac5dc25336	862e7d3731ba62d848bf13ba5de72b7587da1fb4
2026.2 beta8	only-evolution	tests/unit/test_braille/test_secureDesktop.py	76853a0c22d362d94c205012b706243c35128d3f	-
2026.2 beta8	modified	tests/unit/test_extensionPoints.py	9c13c9e90dbfe3d90e12d89caae99988eae2ce95	97842056ccb92c36041ebf6e1fb63868668793a0
2026.2 beta8	modified	tests/unit/test_hwIo.py	dc9fb19cfb76a3fca78aa912e27707be8c92c280	45b6714bed5fa9e91bbb46c361baf2c113c6770d
2026.2 beta8	modified	tests/unit/test_languageHandler.py	e503f702418be67702433be1574384bb705b6862	d4f0220871fb7e98462c43aa698d35a510188374
2026.2 beta8	modified	tests/unit/test_locationHelper.py	a08e8e8ac4c6dec3a01ba214b21efaf5693facd1	3f526c1c3fe064c5b085ae975f60ec1b7793ee70
2026.2 beta8	modified	tests/unit/test_magnifier/test_fullscreenMagnifier.py	b4833d5e3d4c526900bb7f4980b28c9a87cc0976	2fcdf0f804fee591cd0fcc089013889e1a6b06b9
2026.2 beta8	only-official	tests/unit/test_magnifier/test_magnifierTouchscreen.py	-	c5b2ee62e82e3d4019af48fcef3f4627b1880d8b
2026.2 beta8	modified	tests/unit/test_messageDialog.py	a1fbf00737b8938e0682d39ed65d581763b5cfcc	f24492a788253f57320fa87692e1e14c0f3bb34c
2026.2 beta8	only-evolution	tests/unit/test_remotePythonConsole.py	5f311ea90ae2d1e4680067d80d43f6f10c74649e	-
2026.2 beta8	modified	tests/unit/test_util/test_security.py	94b86ad0beaecaa7a310805e3116e1db831244fb	7830b295ee4c8901568f5b306cd12ae4c3c1ec98
2026.2 beta8	only-evolution	tests/unit/test_winConsoleUIA.py	c2d53eaf32d33913dacb2f12608c03f161421748	-
2026.2 beta8	modified	user_docs/ar/changes.xliff	f1131f59d7f703378defad927057861d8daecfdd	c0fa3325565284a7f1bbca4853920e8cb3562f74
2026.2 beta8	modified	user_docs/ar/userGuide.xliff	b2b405ab8b5f726372939320b2cd81c7480b5e78	cffdd3ea330e46e6842d18385a19a6688bc12488
2026.2 beta8	modified	user_docs/bg/changes.xliff	2be6dc54fe672a447a799d821942af5eaa6eb850	ab5e802cd1065dd3611ca0b51fd41a11333bfe19
2026.2 beta8	modified	user_docs/bg/userGuide.xliff	432781cce068a8fcca95d740fc6e46b36ac08193	bc146e85fc9b5ca2591c4743e49b5255bd65a6ec
2026.2 beta8	modified	user_docs/bs/changes.xliff	1295ea46b30acfd4623594b2d35bd695d36d165b	ad1d10b81a4df5bc1bb976c2757d8cbf00263e29
2026.2 beta8	modified	user_docs/bs/userGuide.xliff	828e379088ef8a329f95ba2c7e6f6c8407223893	422dbc960c179e02d46613e0ed2b7ea5ff90ef01
2026.2 beta8	modified	user_docs/ca/changes.xliff	cbc1665fb044b5c6b941a61a71ebbbaf8c195cb9	af4db408848497cd3004102bffb7ccfdb4c95fbf
2026.2 beta8	modified	user_docs/ca/userGuide.xliff	1cec817a286da7f557d527cd0c63737d905680b0	aeec4a91d890ae0bbf3bac362701d9f6f45d35fa
2026.2 beta8	modified	user_docs/da/changes.xliff	b4ea8f1745cf0866ace2078a25a2cd762b372f4c	20cf1dd8b39efdd851d99bf408285a4224cbd584
2026.2 beta8	modified	user_docs/da/userGuide.xliff	7cefd02b3607f8530d50a5fa3f9277486a71627a	4ce4e22abd503972b791fd5aa49e63de5a0433a1
2026.2 beta8	modified	user_docs/de/changes.xliff	90d27f1627d33beb38f5340c83a2f27a9da1c8aa	eb79dfc5786b72006ac913d6e5849c264f00ac41
2026.2 beta8	modified	user_docs/de/userGuide.xliff	de3cc8d0b754cd8bd894d9a8892a3cdcb9f65053	1e3d03b60bbfa5d3b09d46c8d23698d0225b05b1
2026.2 beta8	modified	user_docs/en/changes.md	c05d7ce042473b77d40799238c77e6504d583c80	f357b937ddcf08fd35eb2ea379464906a253fa40
2026.2 beta8	modified	user_docs/en/changes.xliff	e1adfeadea98d9443c0005ccc1470d674fae589a	facfda11fc0f7eff2b80698a6eb63e3118b15237
2026.2 beta8	modified	user_docs/en/userGuide.md	d6b75f586bdc7008b0caaf2b6ba3f56c4c5d1e69	b4d70e02f50505a7105648f20851d604c3e53a8d
2026.2 beta8	modified	user_docs/en/userGuide.xliff	b255cd5dee12c6c512ddc88f7fb3ee66cad94903	a846f51f0f55b37efd71c386b7ccf6ce62743236
2026.2 beta8	modified	user_docs/es/changes.xliff	738204d1bde44baddc5fa75f3e861276c7b8a90f	d50c2d577097d5e14d571e81273079b5466a599d
2026.2 beta8	modified	user_docs/es/userGuide.xliff	7f89984b8687937716ae91ae9449fec0ee5449cf	b77be29338e8930a35b7af82c4237a50f511292e
2026.2 beta8	modified	user_docs/fa/changes.xliff	f5e5b6445129193df6b7ab03685fa9e968c613b1	b53e9bab79202c13b2e6a1e0dbc38f6fbbf9a704
2026.2 beta8	modified	user_docs/fa/userGuide.xliff	68f1f87e86d58de0c604bf051eb569d58ff56fe4	741bb683e468f1fedfbdd727a8ce2762f7afa4aa
2026.2 beta8	modified	user_docs/fi/changes.xliff	dc0d539e2352cac131d4c0296544b833af46e350	e2f805f2b5016bf164d9f97893976b27cbd66916
2026.2 beta8	modified	user_docs/fi/userGuide.xliff	02d7450d6513b90993bb1fcff4f4a9f55828187b	7dad265d06934d8064db3ebafa898f8adb501cd8
2026.2 beta8	modified	user_docs/fr/changes.xliff	636c59c81812f0cca72b1d3831c7c5560e4ae377	a8b0637f66c5d25a0f1119a802c2f69b87494b5c
2026.2 beta8	modified	user_docs/fr/userGuide.xliff	b385aaefa1f3ae6fc3d824053d668ecb9b4c702c	3b782cb6a9402e3c45c398551bdd5a517e9f6939
2026.2 beta8	modified	user_docs/gl/changes.xliff	dc5e0dd5a7e603ccb137cda9aa8c44b3c3d985a9	4a0d0d1eb774f718dc02aef5a5ac3c6db5989599
2026.2 beta8	modified	user_docs/gl/userGuide.xliff	0da2682325152bc890cabdcfc00cb3a0c3721836	760ff46b90c8441f87b909a26c1be79895b41b4e
2026.2 beta8	modified	user_docs/hi/changes.xliff	1f0e71819b1498a1c519576f4a7841638cfb41ff	20274df7955340f3497dd3d8a27c11f0bb8bf7d5
2026.2 beta8	modified	user_docs/hi/userGuide.xliff	796c857e08a6b8fba1e9f1b854a97c936826a60f	57d1e54dd70fa24c39ea8c4638d48ef7b241e456
2026.2 beta8	modified	user_docs/hr/changes.xliff	877def4591c687b1b97d90393d67fed8a16059da	08445c26d12128939f4316d0c3d565d9d0d74311
2026.2 beta8	modified	user_docs/hr/userGuide.xliff	cc0641c26f6599b65a59d9be8d0216dd838f48a6	1a01b8fdb510c9544e395c3157fc00fccf3db43e
2026.2 beta8	only-official	user_docs/hu/changes.md	-	64107b5b3b36f9aaff22fa76bbd1016aa3d37344
2026.2 beta8	only-evolution	user_docs/hu/changes.xliff	54288b375ef0c8de6945f3086f54900e931a76c5	-
2026.2 beta8	modified	user_docs/it/changes.xliff	94047b6773c84f9108fc1dbb48be7b4481710476	da76ba88e3b8bce68d4533a4b59b1560dc5455ae
2026.2 beta8	modified	user_docs/it/userGuide.xliff	1abfe22ecf076d7bad272752b1ea4a7a4916ee1f	7100b66fa630730813017d43826dd82ab633f37f
2026.2 beta8	modified	user_docs/ja/changes.xliff	c6847f6770c2b5b5812a4a8c2685fd6fbd34fb07	c98467602b3125294e5ae29b39e486d3aa0d5446
2026.2 beta8	modified	user_docs/ja/userGuide.xliff	0a64412ae70ddbdd325dd634cbd8eefd407f9966	177df98cd672d40972948fcb4c863b887a845e79
2026.2 beta8	modified	user_docs/km/changes.xliff	c24f737d2c1d531ee2afd16419693dee7ac10b1f	b893266c704274e6bf29d76bccf06b8b58b6b8fe
2026.2 beta8	modified	user_docs/km/userGuide.xliff	01134536c1f0457bbdd70b8aa18eed142943f49a	1cf4d973f1cd577c69d27554fb874fab0526e165
2026.2 beta8	modified	user_docs/ko/changes.xliff	9d8962c944dc38a0b5647675b3900d919a79dd20	ffab3516bd0f6622b0aaefe1a5bd5dcd8c88cf09
2026.2 beta8	modified	user_docs/ko/userGuide.xliff	ef76965caf9e4905ff10641e7ed83730b15bfbd2	c4ea63c72fa13e1ab95f07401a33424fb2f9258c
2026.2 beta8	modified	user_docs/nl/changes.xliff	e96348cbff353017660ba3a703015bb6cce69d35	89da94e8da14fc298d84b0c12ab6eb704f90b50f
2026.2 beta8	modified	user_docs/nl/userGuide.xliff	62186700ec4b695dfedd2810e753390aa615866d	5ebba27e408fa6be69f338c4cc817df6f8d07d20
2026.2 beta8	modified	user_docs/pl/changes.xliff	1502a051a0739314c416cea89faf865457d3eaf2	b43dfaf8d67e7c058c3574a1568f239f05b81197
2026.2 beta8	modified	user_docs/pl/userGuide.xliff	f93311498ce6773ddff0877cd4d092f5bd4e0757	dcac798dc8d24400778c2dd75fe14afde9def1af
2026.2 beta8	modified	user_docs/pt_BR/changes.xliff	aa3ac62e0b801870451947c652bb0dd304b71826	d13237745103cf9bed9c4b0dd955f912df9ac644
2026.2 beta8	modified	user_docs/pt_BR/userGuide.xliff	4b5c55606eebd869efaeb028e137626909b747af	7bd268c0bb2025465a1dc6a0a83ecf5b94558ac1
2026.2 beta8	modified	user_docs/pt_PT/changes.xliff	1d46dbc438983848ff7a53249c20f108b547f0d1	9aa48b6674c8542a7c9a42d6d80625c327553fdd
2026.2 beta8	modified	user_docs/pt_PT/userGuide.xliff	0087696a62add211a2561f0ab587886763cf9974	0a21cc9c5ffc331e97b345efca0388db640d0a25
2026.2 beta8	modified	user_docs/ru/changes.xliff	96677b30ad521f15f6ecf3a6bd50d8434b007703	f81ab65664d463876e2c019da861b515560d11ff
2026.2 beta8	modified	user_docs/ru/userGuide.xliff	4366234d36426ae206a80606a10b7216a0854ab5	8f99d4035e24fe6bd3aff3d82ae799b6b1d6c762
2026.2 beta8	modified	user_docs/sk/changes.xliff	0aa9fe1b33ad21691451cbee5f0a1c18c1ab947d	7f5978a12b0e56b907c6ee8a3b3a6e75ec0531ae
2026.2 beta8	modified	user_docs/sk/userGuide.xliff	dab8c533b0f8743287f00b9363dd81a5882880c1	3878269e78a4b3417e9dbe066d1ff4f5b267634e
2026.2 beta8	modified	user_docs/sr/changes.xliff	88fc6a4c1d0f7d8e02179cc9096a9cd1cd61fc1d	63d8a6eb94d7124287e92dc28d0f324b684ceeec
2026.2 beta8	modified	user_docs/sr/userGuide.xliff	efc9592db2c0b9861d4f6de8b96a7ebbe81f874e	6f17adfd406d6d0db508158c319288b458d3555a
2026.2 beta8	modified	user_docs/ta/userGuide.xliff	87ea1401d6c23b5eb393a9f8e90038ffd8c69848	bcfa6ed15055a10c73cbc14295c2c4780d9af41a
2026.2 beta8	modified	user_docs/tr/changes.xliff	c86c9ba86208a7a40e1fdb08b3a7410fd120310f	d594241855796506129b13e680063e1ee282d69e
2026.2 beta8	modified	user_docs/tr/userGuide.xliff	6f3ceb1b92a46ae364ddae86f19fef7992c776d9	9614509c5823726bd073bbe8da801ec1fd03e8c3
2026.2 beta8	modified	user_docs/uk/changes.xliff	05cb87ef90307220b3d074d0a790ef2fc40d5bee	7520ec77ec94f2a5d74eebc5fe77afd9224c32a5
2026.2 beta8	modified	user_docs/uk/userGuide.xliff	0b83fad95f0e1f1454f2e7a64988f4c6cffd4103	b67de23d8fb62965e482e4eaf472cade9ea557ae
2026.2 beta8	modified	user_docs/vi/changes.xliff	7659e40ae6c6fb220e2db9f11d50f0b31094369d	565dedebc398811f02ab9fb2820401000f3fd363
2026.2 beta8	modified	user_docs/vi/userGuide.xliff	c8f8ddd84d192502801cb45da0f5bdfa50da3849	349299e04af56b506eb811bddd27f506e740a9a5
2026.2 beta8	modified	user_docs/zh_CN/changes.xliff	dd4812a903d9e1d5e4d628d331f26ef065ec6a95	acfd8010079871107de35411da96c00dee88abb2
2026.2 beta8	modified	user_docs/zh_CN/userGuide.xliff	63a0701212775d250f913c41d5e3c628dae01068	1ee0322b583d3b11d1491b2284d38584f850b012
2026.2 beta8	modified	user_docs/zh_TW/changes.xliff	4556b0bc35ce1525f829c06502504e01975e20b2	354126151c805672df84823823783614ec986047
2026.2 beta8	modified	user_docs/zh_TW/userGuide.xliff	4da6a28e0e5b34de7ecbf039e5fda4afcee9cba3	7c4c48cf16df871afa4e5e3d2766b08fad97c2f8
2026.2 beta9	modified	.github/workflows/add-new-language.yml	a22ea4814966fb31617bfdd108edaf39400c0bd9	9133d9c222561f3ff30350a114b84c0a124f7d7f
2026.2 beta9	modified	.github/workflows/clearCaches.yml	039c28961eb0b36441547ca67aed3de2d26aedfd	a391d793cd868a02b87ba730ac8afeae9dd39433
2026.2 beta9	modified	.github/workflows/fetch-crowdin-translations.yml	13a3d8e48ab5b54deebc2c298e66f5dfc098dd2a	a11f2fe2d0aedf25b21b22606d937bb10e6855b0
2026.2 beta9	modified	.github/workflows/testAndPublish.yml	05ff1807cfc292da383908c643c7810d9c83bd47	67d418b43bd6618fa089ce8ae6bac4afdc3e233a
2026.2 beta9	modified	.python-versions	05c2197512e8084559661bdda4b0426de8f9e0b0	c799318b8e175472df83757d8e95702f365a780a
2026.2 beta9	modified	ci/scripts/setBuildVersionVars.ps1	c6452b84902b14d0347cccfafd7588349085f13d	f4e3fead863b8380fd0e6bb73848ef42878805ef
2026.2 beta9	modified	include/liblouis	2e775aca674cd2910e272eed7736acceb4c2e4a2	2aa5f84b14de17bcfe8317862d11f6bd7d640e55
2026.2 beta9	modified	projectDocs/dev/createDevEnvironment.md	419f226fd3b6ebf332146fed850209804793645f	0535a329c11adb148a4ada832fd8ca7adc55cb5a
2026.2 beta9	modified	projectDocs/dev/developerGuide/developerGuide.md	f6c5f96c98de86ca36c21bf3b33d45ded4fc7316	5024f63cfc51b120f60ea6c8db2f1bd3e5e0acd4
2026.2 beta9	only-evolution	projectDocs/dev/futureRcValidation.md	96f4b06ddcc925049e3fa9dae07565de936349a9	-
2026.2 beta9	modified	runtime-builders/synthDriverHost32/.python-version	1f155dedb475f21cdeb94e30fd2db8ec550d96a6	fe6f212a49359f24bd0799d377528f38f3bcab23
2026.2 beta9	modified	runtime-builders/synthDriverHost32/setup-runtime.py	2cee396cf30d90e81b64ae213e206d9b7d05929f	d74991bc57ec2d7ec912817dc190a8d08cc8a735
2026.2 beta9	modified	source/NVDAObjects/IAccessible/__init__.py	c7abfaf97861cd108b866dc507f79b150f5ec464	5e6e77d4ff7d74c93196b749007b78c86157cd76
2026.2 beta9	modified	source/NVDAObjects/UIA/__init__.py	6017dba29983278f75e11f253be99426ce24906b	fdf3c773447072d8d0a9b7090a7ff319d61fde84
2026.2 beta9	modified	source/NVDAObjects/UIA/winConsoleUIA.py	10c19afd2b7e78c1d615910a7b2215fdddefb4e4	dd4aec30cf2ddf4dac7dc974095ff02239088812
2026.2 beta9	modified	source/_magnifier/commands.py	b83ee2beaa9a6669a4f77801958ae2f96bf8b242	b47dd17c82eee72a949b86e7c8450629163a15c4
2026.2 beta9	modified	source/_magnifier/config.py	b62c878c137ed04711267e83a3caab79fc6d7672	396c8e8b8ddc58db4dd5f0b08751b1c7df5c9e21
2026.2 beta9	modified	source/_magnifier/fullscreenMagnifier.py	95b34a6241c7bcf269dbdfd02502d319e15bf4cd	5b2e68fa3ea8682fef0585596ff18afb45405fa2
2026.2 beta9	modified	source/_magnifier/magnifier.py	0d3710b090760c139435078ecd9ffa15348ab6cb	daebdf139e6c72d8cb46540919256fa95c68ac1f
2026.2 beta9	modified	source/_magnifier/utils/types.py	e9bbe7e7c0140b3bbe3a74db9e9056fe81b50dd6	cd5edcee1936449c8f4fee2d012bac8c3ab6a4ff
2026.2 beta9	modified	source/addonAPIVersion.py	0657b0194026f83e721cf4380b761714ee8a9709	b300dc889c8e873534539e59757ea97d4c622b66
2026.2 beta9	modified	source/addonHandler/__init__.py	b241973917c0cd72e9a8bd496eb152af17c41969	87cdcc7f7c957c3d98706c4b1c25e9a9dbb1feca
2026.2 beta9	modified	source/braille.py	5ccdface171624e98e1a0950876f23fa6f556172	6e1d36be2082a6dc99ecc27b07fe2c10cbb0ea5e
2026.2 beta9	modified	source/brailleTables/__tables.py	84d50f742a7ed7055ee77ec7f531a1d753c2c5ee	2f93a9715b777d2786128e46c015cc8622f7df84
2026.2 beta9	modified	source/buildVersion.py	e0e9af5909cb96bd5bba2bdd6d615ac2af52f1ee	509fa403128bd6d105c508bf11e15184e51768b6
2026.2 beta9	modified	source/config/configSpec.py	1c058c3335c26ba79a9f7bc784942d4fa0c80217	5afeada7e59aa89e0f5f1c76656c449f8ba6b7d4
2026.2 beta9	modified	source/config/profileUpgradeSteps.py	cade8ddc09005450e203e10343673df0e535d1b5	b822b54c649655d23661ef98f76598b5b55af5fd
2026.2 beta9	modified	source/core.py	f1ad8084a6f8d71a951a8acb7cc84ed5c8d33344	7ea22bef3825a826a23049b89842d79a17879565
2026.2 beta9	modified	source/extensionPoints/__init__.py	54908b611de27e5618d917eb9b80c280151a1195	873847835057931c1ac1e4bf0a84a87b39ed96f8
2026.2 beta9	modified	source/extensionPoints/util.py	5b6f9b3b20160a63725dfb96a2d54080c8ecf8fc	c09226d8b43be4d58aff54a480fec6ba940519c5
2026.2 beta9	modified	source/globalCommands.py	b72aed630417d944c461eb1b6619c16126b86647	9e701c70f885bca402a82e1cc5ccc233bb60fa7e
2026.2 beta9	modified	source/gui/message.py	6f12aeb7105ce2dc2bbaf9bbdf8e6588624d1425	3c3e58470dc7ed479e2f491b660031fad6c2ad03
2026.2 beta9	modified	source/gui/settingsDialogs.py	7bd0939d3b44e3e5683d1dad968f08968606a17f	8c61c40ba9f323ae9839c3ebd85152378944d110
2026.2 beta9	modified	source/gui/speechDict.py	5a46cf7d4b8ef520c8d712e3d2179d9ba5f0b432	37992cb9fa5616f03af2b6c2d3a4d4c017c680e9
2026.2 beta9	modified	source/hwIo/base.py	d95005969a95c09f015d29451bf1e8c214eebf00	0a34b27e42f4632fd5412c299c0cc01001b12f39
2026.2 beta9	modified	source/languageHandler.py	54de6ddb79dc36b64da7910a757911b111e77682	656028ebe62fc08111e729b20e09d6e4aeefe4df
2026.2 beta9	modified	source/locale/af_ZA/LC_MESSAGES/nvda.po	af7f998003367de04aeffc195ca5efe86613e4e3	68ff9533506f955503110f5ba7b1980e20431370
2026.2 beta9	modified	source/locale/am/LC_MESSAGES/nvda.po	ead2db7b17719d5e011d0b48312aa402aa0b60a5	4cd69a8f2056673da2773e6f23294f0b5a45d2b2
2026.2 beta9	modified	source/locale/an/LC_MESSAGES/nvda.po	13a938bda9965f18804f709aa47d54bf854e1eb6	36bbc2f8c4ae7da0e426e3ac5bc6acc7b3397858
2026.2 beta9	modified	source/locale/ar/LC_MESSAGES/nvda.po	7d8ebfce7c618c373ca385fabbcf55cb81daf818	075c02a798de255a19345c98e6ecb435b90c771f
2026.2 beta9	modified	source/locale/bg/LC_MESSAGES/nvda.po	9011d1de155343d73d1dae278a55376df274f7b7	675a7a354e9f98a92daa1ed4032bf9b61b89800e
2026.2 beta9	modified	source/locale/bs/LC_MESSAGES/nvda.po	d7d20d6f6b70a5e883b60167177855306220fe99	0668ef5987c2f8c7a259bc57452ad1c54835cf3c
2026.2 beta9	modified	source/locale/ca/LC_MESSAGES/nvda.po	3d0fa70b2e79f2fd1389f6b3c322cc639da239e6	513e8b1c09796246d67d358638327787bb6628f5
2026.2 beta9	modified	source/locale/ca/gestures.ini	d90f196b8e711fa05b211e2bafbc47c80ca83ab0	c7e3e7b5376cad4c4080e814dba9563f37c06a26
2026.2 beta9	modified	source/locale/ckb/LC_MESSAGES/nvda.po	4262c351cd44a5db5a1ce88ef50a5d130b70799f	d24141258a4f76941ea57a1d2709b9a141bef83d
2026.2 beta9	modified	source/locale/cs/LC_MESSAGES/nvda.po	1bcdb8ff8e44863f964b643af06ed0db1850438a	d20a34dda0126a1ab8eeb314becd074b3e108bd3
2026.2 beta9	modified	source/locale/da/LC_MESSAGES/nvda.po	ebbee18e0977139da7736475f135faf79beb77ce	7c5b0c598304a127025ed6c598b4ecfccccd5737
2026.2 beta9	modified	source/locale/da/gestures.ini	1eda26949552c6bd7836c1ec460212c7dd25f6b8	34b31c9b14915894317ee03ae9f430960869fa6e
2026.2 beta9	modified	source/locale/de/LC_MESSAGES/nvda.po	9eb0584281290295f87f415a066ba2395fef998c	b611a19e6ab1a07bc6045318ddc1933d45587cb8
2026.2 beta9	modified	source/locale/de/gestures.ini	b0e893c28cf0335aed776d73d6e7c4a780d8e8de	a8b865e01602fb97b76e0052e0b889a75be8610b
2026.2 beta9	modified	source/locale/de_CH/LC_MESSAGES/nvda.po	103b90b377a74d62f6829f51ed068c4b5a5e1459	c8221681e6a474386e9c110c5a4d9228e64b0021
2026.2 beta9	modified	source/locale/el/LC_MESSAGES/nvda.po	d42a2e1659cb2b8e0070b87e296c4ccf6e1c7082	f3689fb49ee29eeeb4618bb868e06e894fe00349
2026.2 beta9	modified	source/locale/es/LC_MESSAGES/nvda.po	e4b3b76dece46689e1a1c4a31a775cf62445dbda	fed7b87407073547e351e1115060e894c30e1f8d
2026.2 beta9	modified	source/locale/es/gestures.ini	d90f196b8e711fa05b211e2bafbc47c80ca83ab0	c7e3e7b5376cad4c4080e814dba9563f37c06a26
2026.2 beta9	modified	source/locale/es_CO/LC_MESSAGES/nvda.po	9ef8b05cc7d8712c8ce2fdbaa5bef70c3486b1aa	6b5e6d62e47b4cac9f8cbb90a9d6c9e9d27b37c0
2026.2 beta9	modified	source/locale/fa/LC_MESSAGES/nvda.po	dfafdb13c240f5c5c4c5a083c45e68cb769ba554	c4628b8e9261e0d8cc14e60fb815f422d7ced95b
2026.2 beta9	modified	source/locale/fi/LC_MESSAGES/nvda.po	1c3d34669c15fdbf041d3de08796b4fca7a4d36b	8974d9dd5e7c5a213b982a7b8645516dc4193b81
2026.2 beta9	modified	source/locale/fr/LC_MESSAGES/nvda.po	ac4ab93de46594e3a4746a3aac4aa4fdb9f04037	2b85d58506c1fb1cdb50396097355d1446b96def
2026.2 beta9	modified	source/locale/gl/LC_MESSAGES/nvda.po	743e92cf4b20c51a9edbb01539190b10a47aae88	47b1b0eb843b291c85b27a09047cc61cf2b9490e
2026.2 beta9	modified	source/locale/gl/gestures.ini	29f34d1d3d7ecfb0865bf087c267f0d125f5f465	d1f08b014bcf7fc88be168f587a8a366276b09dc
2026.2 beta9	modified	source/locale/he/LC_MESSAGES/nvda.po	c73e0dafbb98b1086560df593b2d43b82a56b4ca	93bd4b0004ba931c70b218a6f163b4f86c7bdce1
2026.2 beta9	modified	source/locale/hi/LC_MESSAGES/nvda.po	adc7c3ad8c5824638ed1123d575f72cf9d9dc8f5	c3ddc22e2797a3f3b6bfdbe2d021a4a263fb64fb
2026.2 beta9	modified	source/locale/hr/LC_MESSAGES/nvda.po	a52f495a9c779196a9974e13f9bf19375eeff2e2	695733bfbd266ecb40e9478206b14901c78912bd
2026.2 beta9	modified	source/locale/hr/gestures.ini	175905adaf8eafb1bd9a1bc3b9d338fd5d836016	9bf99776b8d4e2fe105c315c018aaa70c049490a
2026.2 beta9	modified	source/locale/hu/LC_MESSAGES/nvda.po	8abfc8a0e3318d5b400a5ef79d6b3098c9e718dc	92ba5fc8307c143359fa96c72d15e16fd63fde81
2026.2 beta9	modified	source/locale/id/LC_MESSAGES/nvda.po	7572c5fc639a324b2b941f09c319888c5490b80c	6444f5a25c3e0bc6e314ddc39e261045bad01c8c
2026.2 beta9	modified	source/locale/is/LC_MESSAGES/nvda.po	e389c3707270ea2cded029b170902cc669a38a0c	a62652996e42bebdc0e3adc388571e55e03bfea0
2026.2 beta9	modified	source/locale/it/LC_MESSAGES/nvda.po	de34af16b727363a2cc974f33f066d7896f49d05	e3caea034aee414cdb8a629bdd19ac6e18d21021
2026.2 beta9	modified	source/locale/ja/LC_MESSAGES/nvda.po	39e5b00fc563123a8556f1b8f1d1c0192417ea3b	5532c8bbfd564b2d0854c0d787437dd2b57028bf
2026.2 beta9	modified	source/locale/ka/LC_MESSAGES/nvda.po	3678bcbd992310498939ce4bdb7696b20edb6b2d	df245e8532a8746e8160feccadab59d9317ed664
2026.2 beta9	modified	source/locale/km/LC_MESSAGES/nvda.po	2c7f1d4df9d73685955e37bb62504715010c67ba	f3b934da4f51d939a71c820f1120fbcc0a038f59
2026.2 beta9	modified	source/locale/kmr/LC_MESSAGES/nvda.po	6f76c7694589dd22233a3e7a9a5dea7badf84833	d5d75787c4fc245b919e408520dde2abf6722986
2026.2 beta9	modified	source/locale/kn/LC_MESSAGES/nvda.po	b46fae59db8f98cb4ff6b6e9188f260bcf42bab3	35ec625e36839aac7e4921d75cc743946a995d01
2026.2 beta9	modified	source/locale/ko/LC_MESSAGES/nvda.po	338f4d067186ba13fd70ce3c0277eee7e18a7e98	69dfbefb205c4d67de870df9b039d0ded6b4f64f
2026.2 beta9	modified	source/locale/ky/LC_MESSAGES/nvda.po	8a5a78da1bd39d567ba05892382ec91f639dd73f	e7ed462aecb3307688ca6176882e19f3ea988c79
2026.2 beta9	modified	source/locale/lt/LC_MESSAGES/nvda.po	fb75113de810357292645ad62d60e46b03e405ce	da9543ab3e67ff951c788389bf52bc89de118fe5
2026.2 beta9	modified	source/locale/mk/LC_MESSAGES/nvda.po	21dcf2b100334e13d060c63cab420be324cb9b66	0738583129022074d3b84c6446588893b61633ac
2026.2 beta9	modified	source/locale/mn/LC_MESSAGES/nvda.po	8dab788c59592e0e8221e139d50683df2a03499f	e44e59c84e8b9abfdf3a196a8c95201bbf541488
2026.2 beta9	modified	source/locale/my/LC_MESSAGES/nvda.po	b50bd147f6680e57715c9de8f3366c94170b4b56	d07d93c4cad76f318c3d04031f6720a542d29467
2026.2 beta9	modified	source/locale/ne/LC_MESSAGES/nvda.po	76729a2d508a1c793ebf26efbe3c4292e1a0ef16	ce122ff4dc87a875978ded9c01edd9e7efd050f2
2026.2 beta9	modified	source/locale/nl/LC_MESSAGES/nvda.po	dba6dadb823eec8d22b8e29f438d9107039cdefa	e1066caf6f6ec209dc24c245ea09b1f4d37708b9
2026.2 beta9	modified	source/locale/nn_NO/LC_MESSAGES/nvda.po	eed71905a19b46814a6fdedbf2f306f54e0d73bc	c74ec1fb6a3440cb537f4aee2c1e49a078f3832d
2026.2 beta9	modified	source/locale/pa/LC_MESSAGES/nvda.po	7f85180e1da74786a121424d77ca37346e8c343b	7cb9a4b351c7624fa4521751928224ee367af945
2026.2 beta9	modified	source/locale/pl/LC_MESSAGES/nvda.po	34658f642b17b78d64c08781aa4e87f58c6491b9	d61cae245bf03f7884ec53572fb44a7bb9907326
2026.2 beta9	modified	source/locale/pt_BR/LC_MESSAGES/nvda.po	37bc0143bb7b8e8e8e982c4e4a0bc9a7d45b7371	dfcee4bb708743cc7e4e4ce2ab6faabdf2ea516c
2026.2 beta9	modified	source/locale/pt_PT/LC_MESSAGES/nvda.po	913e2f11fd11bf4c2cbf3e221a52ec272973fdb4	e8608af72371424b47b851fd3f2aa27bd2ccba05
2026.2 beta9	modified	source/locale/ro/LC_MESSAGES/nvda.po	6aeab8597db66ed228a79faf82ecf5d2b1b257cb	e7ba501858752de3b261260996a01c98101db667
2026.2 beta9	modified	source/locale/ru/LC_MESSAGES/nvda.po	49e8f93ff33b754b14a5b77d4aae27e02c57e24a	c0826f70cc42dae585b3a77bb88608acdba0d1cd
2026.2 beta9	modified	source/locale/sk/LC_MESSAGES/nvda.po	d5ab4a62baaed9342c8965428c671256a5cfa6e2	3faf42999224939bc1e4c3d96cb6907de2b90040
2026.2 beta9	modified	source/locale/sl/LC_MESSAGES/nvda.po	2743715f5f781eca9feb26d37fcfcdb7cface36b	a177418c8ba4aa5d63be2b0e7afefb4a598567f7
2026.2 beta9	modified	source/locale/so/LC_MESSAGES/nvda.po	5ae6ff91ef076a5c9ec3bac6b3baa3b66e48962e	b6036910ec7bb5e1ca4d6f1373e0309e7c78f3d1
2026.2 beta9	modified	source/locale/sq/LC_MESSAGES/NVDA.po	b76e3c2f7e481718d93cf6b31c40ca18014c7cea	78b55955f3831679077f31614955a06a420eeb2c
2026.2 beta9	modified	source/locale/sr/LC_MESSAGES/nvda.po	2c3991913c7f471c7de945634acbf60c02928410	f88aa39bb86596a50a54acae6cdf66eee2ac6cb9
2026.2 beta9	modified	source/locale/sv/LC_MESSAGES/nvda.po	a9541d84d813e86e738eefbe261994348fb71ca3	1cd74ab63747c988b2986d04aa38ef2a3516508e
2026.2 beta9	modified	source/locale/ta/LC_MESSAGES/nvda.po	55eea6cf17576d77b9f9a5ab6f07a73b75e3d0f3	b6a92c93874c477360d09df14cc5aaef47f3d424
2026.2 beta9	modified	source/locale/th/LC_MESSAGES/nvda.po	6401344a500a5521fdc7a9d5c901cc51cc56ff13	08c8710efacba965c12914415ff611c12cc221d5
2026.2 beta9	modified	source/locale/tr/LC_MESSAGES/nvda.po	8fcabce202e6920fc6d651f22f96100037683b1e	7e91d3150dd472907ec78f8c2f341e3389ff21a6
2026.2 beta9	modified	source/locale/tr/gestures.ini	9376c41ae639be66a669ac9713b10124f1f7619f	cd459333a92ed1434e894841ccf0109211c4ffc5
2026.2 beta9	modified	source/locale/uk/LC_MESSAGES/nvda.po	905ffc501c9592ed6fe24f2724af4f785303547b	f7fdd3b0df6702289a93a87d9ae98a3a9d7745ee
2026.2 beta9	only-evolution	source/locale/uk/gestures.ini	fc43313db9e3ed7de1afc5a3da7de98e43ab0695	-
2026.2 beta9	modified	source/locale/ur/LC_MESSAGES/nvda.po	e3c42a797322017cb47283534540a273c4e50733	55e11bf6554de2e4db35bbc4b79121e4e1f66fd9
2026.2 beta9	modified	source/locale/vi/LC_MESSAGES/nvda.po	6e6f287e2256bdfe4b3f8bf4ac409c16a4d1d0f8	4b7d1bc47830bc02f36c3fb80d91c54fabcdb9d0
2026.2 beta9	modified	source/locale/zh_CN/LC_MESSAGES/nvda.po	2535075050ebfdccc88db6b51c787b37d5308b00	f65b369b6a43b5d1cd2f1950885a55167e56ec78
2026.2 beta9	modified	source/locale/zh_HK/LC_MESSAGES/nvda.po	e6ebae4031c726b6ae9cc9d0831620203858e764	b5145ce69a1f62c2628ab0a087cca36a7e5d32a4
2026.2 beta9	modified	source/locale/zh_TW/LC_MESSAGES/nvda.po	0704db61d48d3078cf3761e3af8163569ae713f7	7eb6fc300a8e102be73d668c33f088f5797a78b9
2026.2 beta9	modified	source/locale/zh_TW/characterDescriptions.dic	62462901dffe4cccff01ef5362b20614a9d169da	83236c38489095bac4945336b7cf992711ecea39
2026.2 beta9	modified	source/locale/zh_TW/symbols.dic	6371a77aacd6ba29a996a397b7cc8f8980649e6a	aec10e8c88da50cbf18bfc8f1e856de78de7e546
2026.2 beta9	modified	source/locationHelper.py	9fe381e55ccbecda86f8599eb485fbe68cffa391	2beef1ef1ef0e03943fee8bea7cb6f77ecfcc355
2026.2 beta9	modified	source/mathPres/MathCAT/preferences.py	8d9f86ed026003494ea10226e5f6d2ddb6a9fe05	612b2cce9a1cf65417c7a54e21530f0d0882c6de
2026.2 beta9	modified	source/remotePythonConsole.py	6c66ed564212238aea9af920b111f45444fdb63c	719e812ba8ae0d5d834b2290707b17a4b6e31b87
2026.2 beta9	modified	source/speechDictHandler/definitions.py	ed3bdd836c911fc7001e38063a241538909f9bad	31c5dfe4413497a041f198d3063a4e8bac81438f
2026.2 beta9	modified	source/touchHandler.py	7fa75113afb058cf4f0e167e1a9c25f9766bf148	c55521f02872aea59a08d5a33409ab99da981bf0
2026.2 beta9	modified	source/utils/security.py	90feedb092859b7decb2fd126c07ab1f512b4c82	b0c9acf1f8fc478a1101369336b4584346d7a389
2026.2 beta9	modified	source/winBindings/magnification.py	29b33845ca41f9e30edb459865bb298b89e99cca	95f1200a0231dd79ff279ceaa301529995fed939
2026.2 beta9	modified	source/winBindings/user32.py	ea4a9773e93193525c96331d1b6c86b9611ee1b2	704c218839670f473e3f6081cbe6a82e1e1bba7b
2026.2 beta9	modified	source/windowUtils.py	abbd37b230d3cdb8d8cbb97ee0a8a036c98efc91	59f5cd5ef1802eb6291ae485d8eedb3df5281909
2026.2 beta9	modified	tests/system/libraries/ChromeLib.py	a8ffe8d66ec8934ae8c0c9abc63c1132ed98e5b7	fc52c59223d4b61ee1fef40b2fb5e2ad4d0c79a3
2026.2 beta9	modified	tests/system/libraries/NotepadLib.py	b79dd0e30bc731837012ec400a5e37682a0d7072	6808865e506d3fa316ea1772557dfc150ee8a14e
2026.2 beta9	modified	tests/system/libraries/NvdaLib.py	c86aa2bfb7d62eb1fcd397b72b281e43bffe09ed	7bae843c760b3c0c36bb168db4a293259f2ea7b1
2026.2 beta9	only-evolution	tests/unit/test_NVDAObjects_UIA.py	4422b4fbc1bb95704e4daba8a866717cfbfd5560	-
2026.2 beta9	only-evolution	tests/unit/test_addonHandler/test_addonImports.py	94da9840c13e56273ae21a4d190967b6e53150a5	-
2026.2 beta9	modified	tests/unit/test_addonVersionCheck.py	cb7dd7cbcbcd13a929237b6ef0d74bac5dc25336	862e7d3731ba62d848bf13ba5de72b7587da1fb4
2026.2 beta9	only-evolution	tests/unit/test_braille/test_secureDesktop.py	76853a0c22d362d94c205012b706243c35128d3f	-
2026.2 beta9	modified	tests/unit/test_extensionPoints.py	9c13c9e90dbfe3d90e12d89caae99988eae2ce95	97842056ccb92c36041ebf6e1fb63868668793a0
2026.2 beta9	modified	tests/unit/test_hwIo.py	dc9fb19cfb76a3fca78aa912e27707be8c92c280	45b6714bed5fa9e91bbb46c361baf2c113c6770d
2026.2 beta9	modified	tests/unit/test_languageHandler.py	e503f702418be67702433be1574384bb705b6862	d4f0220871fb7e98462c43aa698d35a510188374
2026.2 beta9	modified	tests/unit/test_locationHelper.py	a08e8e8ac4c6dec3a01ba214b21efaf5693facd1	3f526c1c3fe064c5b085ae975f60ec1b7793ee70
2026.2 beta9	modified	tests/unit/test_magnifier/test_fullscreenMagnifier.py	b4833d5e3d4c526900bb7f4980b28c9a87cc0976	2fcdf0f804fee591cd0fcc089013889e1a6b06b9
2026.2 beta9	only-official	tests/unit/test_magnifier/test_magnifierTouchscreen.py	-	c5b2ee62e82e3d4019af48fcef3f4627b1880d8b
2026.2 beta9	modified	tests/unit/test_messageDialog.py	a1fbf00737b8938e0682d39ed65d581763b5cfcc	f24492a788253f57320fa87692e1e14c0f3bb34c
2026.2 beta9	only-evolution	tests/unit/test_remotePythonConsole.py	5f311ea90ae2d1e4680067d80d43f6f10c74649e	-
2026.2 beta9	modified	tests/unit/test_util/test_security.py	94b86ad0beaecaa7a310805e3116e1db831244fb	7830b295ee4c8901568f5b306cd12ae4c3c1ec98
2026.2 beta9	only-evolution	tests/unit/test_winConsoleUIA.py	c2d53eaf32d33913dacb2f12608c03f161421748	-
2026.2 beta9	modified	user_docs/ar/changes.xliff	f1131f59d7f703378defad927057861d8daecfdd	1321f56788274822936067e550bab86a1dc75aef
2026.2 beta9	modified	user_docs/ar/userGuide.xliff	b2b405ab8b5f726372939320b2cd81c7480b5e78	cffdd3ea330e46e6842d18385a19a6688bc12488
2026.2 beta9	modified	user_docs/bg/changes.xliff	2be6dc54fe672a447a799d821942af5eaa6eb850	ab5215da47fbd7449019db43935e53aa5da821b7
2026.2 beta9	modified	user_docs/bg/userGuide.xliff	432781cce068a8fcca95d740fc6e46b36ac08193	bc146e85fc9b5ca2591c4743e49b5255bd65a6ec
2026.2 beta9	modified	user_docs/bs/changes.xliff	1295ea46b30acfd4623594b2d35bd695d36d165b	38401d43358e1bc8556a342fcdb4d3e3689747e2
2026.2 beta9	modified	user_docs/bs/userGuide.xliff	828e379088ef8a329f95ba2c7e6f6c8407223893	422dbc960c179e02d46613e0ed2b7ea5ff90ef01
2026.2 beta9	modified	user_docs/ca/changes.xliff	cbc1665fb044b5c6b941a61a71ebbbaf8c195cb9	2b04fc84b2f88da771490a7df8f1ccd2533877fc
2026.2 beta9	modified	user_docs/ca/userGuide.xliff	1cec817a286da7f557d527cd0c63737d905680b0	e22f5145150fbb0a9e900234d5ec649e81026786
2026.2 beta9	modified	user_docs/da/changes.xliff	b4ea8f1745cf0866ace2078a25a2cd762b372f4c	cbf154764e7eac7919d97ffb3f5de3cfa10c9147
2026.2 beta9	modified	user_docs/da/userGuide.xliff	7cefd02b3607f8530d50a5fa3f9277486a71627a	4ce4e22abd503972b791fd5aa49e63de5a0433a1
2026.2 beta9	modified	user_docs/de/changes.xliff	90d27f1627d33beb38f5340c83a2f27a9da1c8aa	94d820952f159b9e9048e0cbc5437b7cfb1ee0c9
2026.2 beta9	modified	user_docs/de/userGuide.xliff	de3cc8d0b754cd8bd894d9a8892a3cdcb9f65053	6ec31d65b7ea899968ce704615afa8d8c32fa547
2026.2 beta9	modified	user_docs/en/changes.md	c05d7ce042473b77d40799238c77e6504d583c80	f357b937ddcf08fd35eb2ea379464906a253fa40
2026.2 beta9	modified	user_docs/en/changes.xliff	e1adfeadea98d9443c0005ccc1470d674fae589a	facfda11fc0f7eff2b80698a6eb63e3118b15237
2026.2 beta9	modified	user_docs/en/userGuide.md	d6b75f586bdc7008b0caaf2b6ba3f56c4c5d1e69	4b9e233b2c1c166abbc45a0428b4983830aef52d
2026.2 beta9	modified	user_docs/en/userGuide.xliff	b255cd5dee12c6c512ddc88f7fb3ee66cad94903	2ab966c35255b35a4053b87b0638b75bfef9fc45
2026.2 beta9	modified	user_docs/es/changes.xliff	738204d1bde44baddc5fa75f3e861276c7b8a90f	128a7ec0a2014bab3d6710c5aac7c873ee3c4f9b
2026.2 beta9	modified	user_docs/es/userGuide.xliff	7f89984b8687937716ae91ae9449fec0ee5449cf	b77be29338e8930a35b7af82c4237a50f511292e
2026.2 beta9	modified	user_docs/fa/changes.xliff	f5e5b6445129193df6b7ab03685fa9e968c613b1	a87d590c4745b2ed5c0ef3d3ad37156267a531af
2026.2 beta9	modified	user_docs/fa/userGuide.xliff	68f1f87e86d58de0c604bf051eb569d58ff56fe4	741bb683e468f1fedfbdd727a8ce2762f7afa4aa
2026.2 beta9	modified	user_docs/fi/changes.xliff	dc0d539e2352cac131d4c0296544b833af46e350	cbb7fab0ca7079290a348811dcbe2d3ee6a234de
2026.2 beta9	modified	user_docs/fi/userGuide.xliff	02d7450d6513b90993bb1fcff4f4a9f55828187b	f90bc76d6b3edea8402837768e8267d8683bef38
2026.2 beta9	modified	user_docs/fr/changes.xliff	636c59c81812f0cca72b1d3831c7c5560e4ae377	55c2021f5fe4cdd950758c508cc33259e16ea15c
2026.2 beta9	modified	user_docs/fr/userGuide.xliff	b385aaefa1f3ae6fc3d824053d668ecb9b4c702c	3b782cb6a9402e3c45c398551bdd5a517e9f6939
2026.2 beta9	modified	user_docs/gl/changes.xliff	dc5e0dd5a7e603ccb137cda9aa8c44b3c3d985a9	9e1ebebdd4bc0bad8366f51c27fc7d27f46d243a
2026.2 beta9	modified	user_docs/gl/userGuide.xliff	0da2682325152bc890cabdcfc00cb3a0c3721836	760ff46b90c8441f87b909a26c1be79895b41b4e
2026.2 beta9	modified	user_docs/hi/changes.xliff	1f0e71819b1498a1c519576f4a7841638cfb41ff	89bde60484c7889257b9c7b201dda3e0d93e66f1
2026.2 beta9	modified	user_docs/hi/userGuide.xliff	796c857e08a6b8fba1e9f1b854a97c936826a60f	57d1e54dd70fa24c39ea8c4638d48ef7b241e456
2026.2 beta9	modified	user_docs/hr/changes.xliff	877def4591c687b1b97d90393d67fed8a16059da	f5721b2569c8853bb4f57c3ae094496fa8b63c15
2026.2 beta9	modified	user_docs/hr/userGuide.xliff	cc0641c26f6599b65a59d9be8d0216dd838f48a6	1a01b8fdb510c9544e395c3157fc00fccf3db43e
2026.2 beta9	only-official	user_docs/hu/changes.md	-	64107b5b3b36f9aaff22fa76bbd1016aa3d37344
2026.2 beta9	only-evolution	user_docs/hu/changes.xliff	54288b375ef0c8de6945f3086f54900e931a76c5	-
2026.2 beta9	modified	user_docs/it/changes.xliff	94047b6773c84f9108fc1dbb48be7b4481710476	5706b5a79bc50f9fa05ee92cf2707b093304ae3a
2026.2 beta9	modified	user_docs/it/userGuide.xliff	1abfe22ecf076d7bad272752b1ea4a7a4916ee1f	7100b66fa630730813017d43826dd82ab633f37f
2026.2 beta9	modified	user_docs/ja/changes.xliff	c6847f6770c2b5b5812a4a8c2685fd6fbd34fb07	a9860fd3efb8eb711f9e2350858dda7ccc1af435
2026.2 beta9	modified	user_docs/ja/userGuide.xliff	0a64412ae70ddbdd325dd634cbd8eefd407f9966	177df98cd672d40972948fcb4c863b887a845e79
2026.2 beta9	modified	user_docs/km/changes.xliff	c24f737d2c1d531ee2afd16419693dee7ac10b1f	41c73345bc97ffdec918f2b42f1e4de91428f8fe
2026.2 beta9	modified	user_docs/km/userGuide.xliff	01134536c1f0457bbdd70b8aa18eed142943f49a	1cf4d973f1cd577c69d27554fb874fab0526e165
2026.2 beta9	modified	user_docs/ko/changes.xliff	9d8962c944dc38a0b5647675b3900d919a79dd20	1c6b984ef1c35669cca0c0efd436741095f7a60f
2026.2 beta9	modified	user_docs/ko/userGuide.xliff	ef76965caf9e4905ff10641e7ed83730b15bfbd2	c4ea63c72fa13e1ab95f07401a33424fb2f9258c
2026.2 beta9	modified	user_docs/nl/changes.xliff	e96348cbff353017660ba3a703015bb6cce69d35	44b46597881c8e9572de052993434aa675a6acac
2026.2 beta9	modified	user_docs/nl/userGuide.xliff	62186700ec4b695dfedd2810e753390aa615866d	5ebba27e408fa6be69f338c4cc817df6f8d07d20
2026.2 beta9	modified	user_docs/pl/changes.xliff	1502a051a0739314c416cea89faf865457d3eaf2	d650ff8223456e38f6b328ce37299a6f5b2499d9
2026.2 beta9	modified	user_docs/pl/userGuide.xliff	f93311498ce6773ddff0877cd4d092f5bd4e0757	dcac798dc8d24400778c2dd75fe14afde9def1af
2026.2 beta9	modified	user_docs/pt_BR/changes.xliff	aa3ac62e0b801870451947c652bb0dd304b71826	0a7bfcdc54a6cd9586db0053b942bd453f1e4e94
2026.2 beta9	modified	user_docs/pt_BR/userGuide.xliff	4b5c55606eebd869efaeb028e137626909b747af	7bd268c0bb2025465a1dc6a0a83ecf5b94558ac1
2026.2 beta9	modified	user_docs/pt_PT/changes.xliff	1d46dbc438983848ff7a53249c20f108b547f0d1	cada4d0998bee8c067b541519359c6a61bf8991c
2026.2 beta9	modified	user_docs/pt_PT/userGuide.xliff	0087696a62add211a2561f0ab587886763cf9974	0a21cc9c5ffc331e97b345efca0388db640d0a25
2026.2 beta9	modified	user_docs/ru/changes.xliff	96677b30ad521f15f6ecf3a6bd50d8434b007703	f3c25f5cff5b44885bfa36e3e3b216525b9f3671
2026.2 beta9	modified	user_docs/ru/userGuide.xliff	4366234d36426ae206a80606a10b7216a0854ab5	8f99d4035e24fe6bd3aff3d82ae799b6b1d6c762
2026.2 beta9	modified	user_docs/sk/changes.xliff	0aa9fe1b33ad21691451cbee5f0a1c18c1ab947d	930842fcd9fc75798d76d72e53ce97b318a22966
2026.2 beta9	modified	user_docs/sk/userGuide.xliff	dab8c533b0f8743287f00b9363dd81a5882880c1	3878269e78a4b3417e9dbe066d1ff4f5b267634e
2026.2 beta9	modified	user_docs/sr/changes.xliff	88fc6a4c1d0f7d8e02179cc9096a9cd1cd61fc1d	6ea2b1c4d9557ce57905199ad9a940e0463447b2
2026.2 beta9	modified	user_docs/sr/userGuide.xliff	efc9592db2c0b9861d4f6de8b96a7ebbe81f874e	6f17adfd406d6d0db508158c319288b458d3555a
2026.2 beta9	modified	user_docs/ta/userGuide.xliff	87ea1401d6c23b5eb393a9f8e90038ffd8c69848	bcfa6ed15055a10c73cbc14295c2c4780d9af41a
2026.2 beta9	modified	user_docs/tr/changes.xliff	c86c9ba86208a7a40e1fdb08b3a7410fd120310f	7253c61017c114b5cc3175f256c5b00c32d7ecff
2026.2 beta9	modified	user_docs/tr/userGuide.xliff	6f3ceb1b92a46ae364ddae86f19fef7992c776d9	9614509c5823726bd073bbe8da801ec1fd03e8c3
2026.2 beta9	modified	user_docs/uk/changes.xliff	05cb87ef90307220b3d074d0a790ef2fc40d5bee	e8614cc31f08869592674de576e657d3fbdcd43e
2026.2 beta9	modified	user_docs/uk/userGuide.xliff	0b83fad95f0e1f1454f2e7a64988f4c6cffd4103	47ece78ffeea7d2e6de02fccb27e534c049c7559
2026.2 beta9	modified	user_docs/vi/changes.xliff	7659e40ae6c6fb220e2db9f11d50f0b31094369d	535063a975737d6ec18d262a10e63f1346f666ca
2026.2 beta9	modified	user_docs/vi/userGuide.xliff	c8f8ddd84d192502801cb45da0f5bdfa50da3849	349299e04af56b506eb811bddd27f506e740a9a5
2026.2 beta9	modified	user_docs/zh_CN/changes.xliff	dd4812a903d9e1d5e4d628d331f26ef065ec6a95	3fb65368dff28eace6d83134ec2ced3e35f75b2a
2026.2 beta9	modified	user_docs/zh_CN/userGuide.xliff	63a0701212775d250f913c41d5e3c628dae01068	1ee0322b583d3b11d1491b2284d38584f850b012
2026.2 beta9	modified	user_docs/zh_TW/changes.xliff	4556b0bc35ce1525f829c06502504e01975e20b2	2f3b53630d932894c795d9bcef533545c69d2ea2
2026.2 beta9	modified	user_docs/zh_TW/userGuide.xliff	4da6a28e0e5b34de7ecbf039e5fda4afcee9cba3	b5da7a9841057ceb896a826952a9c215f3ec782e
2026.2 beta10	modified	.github/workflows/add-new-language.yml	a22ea4814966fb31617bfdd108edaf39400c0bd9	9133d9c222561f3ff30350a114b84c0a124f7d7f
2026.2 beta10	modified	.github/workflows/clearCaches.yml	039c28961eb0b36441547ca67aed3de2d26aedfd	a391d793cd868a02b87ba730ac8afeae9dd39433
2026.2 beta10	modified	.github/workflows/fetch-crowdin-translations.yml	13a3d8e48ab5b54deebc2c298e66f5dfc098dd2a	a11f2fe2d0aedf25b21b22606d937bb10e6855b0
2026.2 beta10	modified	.github/workflows/testAndPublish.yml	05ff1807cfc292da383908c643c7810d9c83bd47	67d418b43bd6618fa089ce8ae6bac4afdc3e233a
2026.2 beta10	modified	.python-versions	05c2197512e8084559661bdda4b0426de8f9e0b0	c799318b8e175472df83757d8e95702f365a780a
2026.2 beta10	modified	ci/scripts/setBuildVersionVars.ps1	c6452b84902b14d0347cccfafd7588349085f13d	f4e3fead863b8380fd0e6bb73848ef42878805ef
2026.2 beta10	modified	include/liblouis	2e775aca674cd2910e272eed7736acceb4c2e4a2	2aa5f84b14de17bcfe8317862d11f6bd7d640e55
2026.2 beta10	modified	projectDocs/dev/createDevEnvironment.md	419f226fd3b6ebf332146fed850209804793645f	0535a329c11adb148a4ada832fd8ca7adc55cb5a
2026.2 beta10	modified	projectDocs/dev/developerGuide/developerGuide.md	f6c5f96c98de86ca36c21bf3b33d45ded4fc7316	5024f63cfc51b120f60ea6c8db2f1bd3e5e0acd4
2026.2 beta10	only-evolution	projectDocs/dev/futureRcValidation.md	96f4b06ddcc925049e3fa9dae07565de936349a9	-
2026.2 beta10	modified	runtime-builders/synthDriverHost32/.python-version	1f155dedb475f21cdeb94e30fd2db8ec550d96a6	fe6f212a49359f24bd0799d377528f38f3bcab23
2026.2 beta10	modified	runtime-builders/synthDriverHost32/setup-runtime.py	2cee396cf30d90e81b64ae213e206d9b7d05929f	d74991bc57ec2d7ec912817dc190a8d08cc8a735
2026.2 beta10	modified	source/NVDAObjects/IAccessible/__init__.py	c7abfaf97861cd108b866dc507f79b150f5ec464	5e6e77d4ff7d74c93196b749007b78c86157cd76
2026.2 beta10	modified	source/NVDAObjects/UIA/__init__.py	6017dba29983278f75e11f253be99426ce24906b	fdf3c773447072d8d0a9b7090a7ff319d61fde84
2026.2 beta10	modified	source/NVDAObjects/UIA/winConsoleUIA.py	10c19afd2b7e78c1d615910a7b2215fdddefb4e4	dd4aec30cf2ddf4dac7dc974095ff02239088812
2026.2 beta10	modified	source/_magnifier/commands.py	b83ee2beaa9a6669a4f77801958ae2f96bf8b242	b47dd17c82eee72a949b86e7c8450629163a15c4
2026.2 beta10	modified	source/_magnifier/fullscreenMagnifier.py	95b34a6241c7bcf269dbdfd02502d319e15bf4cd	1085bf2de24436722246cf0de74057b8a7b19976
2026.2 beta10	modified	source/_magnifier/utils/types.py	e9bbe7e7c0140b3bbe3a74db9e9056fe81b50dd6	bc6794c5552751eef294c22edb18f5923d24a0e5
2026.2 beta10	modified	source/addonAPIVersion.py	0657b0194026f83e721cf4380b761714ee8a9709	b300dc889c8e873534539e59757ea97d4c622b66
2026.2 beta10	modified	source/addonHandler/__init__.py	b241973917c0cd72e9a8bd496eb152af17c41969	87cdcc7f7c957c3d98706c4b1c25e9a9dbb1feca
2026.2 beta10	modified	source/braille.py	5ccdface171624e98e1a0950876f23fa6f556172	6e1d36be2082a6dc99ecc27b07fe2c10cbb0ea5e
2026.2 beta10	modified	source/brailleTables/__tables.py	84d50f742a7ed7055ee77ec7f531a1d753c2c5ee	2f93a9715b777d2786128e46c015cc8622f7df84
2026.2 beta10	modified	source/buildVersion.py	e0e9af5909cb96bd5bba2bdd6d615ac2af52f1ee	509fa403128bd6d105c508bf11e15184e51768b6
2026.2 beta10	modified	source/core.py	f1ad8084a6f8d71a951a8acb7cc84ed5c8d33344	7ea22bef3825a826a23049b89842d79a17879565
2026.2 beta10	modified	source/extensionPoints/__init__.py	54908b611de27e5618d917eb9b80c280151a1195	873847835057931c1ac1e4bf0a84a87b39ed96f8
2026.2 beta10	modified	source/extensionPoints/util.py	5b6f9b3b20160a63725dfb96a2d54080c8ecf8fc	c09226d8b43be4d58aff54a480fec6ba940519c5
2026.2 beta10	modified	source/gui/message.py	6f12aeb7105ce2dc2bbaf9bbdf8e6588624d1425	3c3e58470dc7ed479e2f491b660031fad6c2ad03
2026.2 beta10	modified	source/gui/settingsDialogs.py	7bd0939d3b44e3e5683d1dad968f08968606a17f	8485b91c3f7ffd1a0e320eb0728f0172e20c2a9d
2026.2 beta10	modified	source/gui/speechDict.py	5a46cf7d4b8ef520c8d712e3d2179d9ba5f0b432	37992cb9fa5616f03af2b6c2d3a4d4c017c680e9
2026.2 beta10	modified	source/hwIo/base.py	d95005969a95c09f015d29451bf1e8c214eebf00	0a34b27e42f4632fd5412c299c0cc01001b12f39
2026.2 beta10	modified	source/languageHandler.py	54de6ddb79dc36b64da7910a757911b111e77682	656028ebe62fc08111e729b20e09d6e4aeefe4df
2026.2 beta10	modified	source/locale/af_ZA/LC_MESSAGES/nvda.po	af7f998003367de04aeffc195ca5efe86613e4e3	fac974a6b856c7d6966455c173240139b2e0ce26
2026.2 beta10	modified	source/locale/am/LC_MESSAGES/nvda.po	ead2db7b17719d5e011d0b48312aa402aa0b60a5	f6f2e0ea2d27323c68ede466496cb2835a49a47c
2026.2 beta10	modified	source/locale/an/LC_MESSAGES/nvda.po	13a938bda9965f18804f709aa47d54bf854e1eb6	585b5405b2e74768b6ebaaead011465dc125617c
2026.2 beta10	modified	source/locale/ar/LC_MESSAGES/nvda.po	7d8ebfce7c618c373ca385fabbcf55cb81daf818	19a7d9b6da45546b87b5d28be202b70c4a79b126
2026.2 beta10	modified	source/locale/bg/LC_MESSAGES/nvda.po	9011d1de155343d73d1dae278a55376df274f7b7	60c2dbbae53b63effa46096ef88e60d8790ac4a6
2026.2 beta10	modified	source/locale/bs/LC_MESSAGES/nvda.po	d7d20d6f6b70a5e883b60167177855306220fe99	c6a3e9e240af27fc23a778acadbca7e98b8c0327
2026.2 beta10	modified	source/locale/ca/LC_MESSAGES/nvda.po	3d0fa70b2e79f2fd1389f6b3c322cc639da239e6	3b64f0112a838db31be941d8fb6a8fb35dfc2333
2026.2 beta10	modified	source/locale/ca/gestures.ini	d90f196b8e711fa05b211e2bafbc47c80ca83ab0	c7e3e7b5376cad4c4080e814dba9563f37c06a26
2026.2 beta10	modified	source/locale/ckb/LC_MESSAGES/nvda.po	4262c351cd44a5db5a1ce88ef50a5d130b70799f	73e2c8617a6ff928a5ff8ea4a891f73b39150366
2026.2 beta10	modified	source/locale/cs/LC_MESSAGES/nvda.po	1bcdb8ff8e44863f964b643af06ed0db1850438a	1cb752151056e13ec8330037cdc54d5239845b1e
2026.2 beta10	modified	source/locale/da/LC_MESSAGES/nvda.po	ebbee18e0977139da7736475f135faf79beb77ce	ad7aba08299f4351af76f07238fd69bbb17dcc8a
2026.2 beta10	modified	source/locale/de/LC_MESSAGES/nvda.po	9eb0584281290295f87f415a066ba2395fef998c	98338c24d0b31d23a8a09bcb6afab515a218f1fe
2026.2 beta10	modified	source/locale/de_CH/LC_MESSAGES/nvda.po	103b90b377a74d62f6829f51ed068c4b5a5e1459	766b11e6e75c036bf7a36921882138ca6c30fae5
2026.2 beta10	modified	source/locale/el/LC_MESSAGES/nvda.po	d42a2e1659cb2b8e0070b87e296c4ccf6e1c7082	43570373824004e0246568baa4267c92c072533d
2026.2 beta10	modified	source/locale/es/LC_MESSAGES/nvda.po	e4b3b76dece46689e1a1c4a31a775cf62445dbda	0ffcf2e3560e0e1b21f8a3bf4022b237378c2d47
2026.2 beta10	modified	source/locale/es/gestures.ini	d90f196b8e711fa05b211e2bafbc47c80ca83ab0	c7e3e7b5376cad4c4080e814dba9563f37c06a26
2026.2 beta10	modified	source/locale/es_CO/LC_MESSAGES/nvda.po	9ef8b05cc7d8712c8ce2fdbaa5bef70c3486b1aa	cde04e2b90b2cf19725e43a97378b1499baf4796
2026.2 beta10	modified	source/locale/fa/LC_MESSAGES/nvda.po	dfafdb13c240f5c5c4c5a083c45e68cb769ba554	b611bdc494111fb1b89231cfe742f5dae4d94f2e
2026.2 beta10	modified	source/locale/fi/LC_MESSAGES/nvda.po	1c3d34669c15fdbf041d3de08796b4fca7a4d36b	759dadbb569d1831d1ec3c4f1952ac0cc52ea5e7
2026.2 beta10	modified	source/locale/fr/LC_MESSAGES/nvda.po	ac4ab93de46594e3a4746a3aac4aa4fdb9f04037	92fbc09c0e50fa4c6e881a48b36e11bfc15cb9fe
2026.2 beta10	modified	source/locale/gl/LC_MESSAGES/nvda.po	743e92cf4b20c51a9edbb01539190b10a47aae88	d11dae199704961d660d37f87ff22c8e2e4e1264
2026.2 beta10	modified	source/locale/gl/gestures.ini	29f34d1d3d7ecfb0865bf087c267f0d125f5f465	d1f08b014bcf7fc88be168f587a8a366276b09dc
2026.2 beta10	modified	source/locale/he/LC_MESSAGES/nvda.po	c73e0dafbb98b1086560df593b2d43b82a56b4ca	cfdb3340cfb3192597a45cd89f9c910841745812
2026.2 beta10	modified	source/locale/hi/LC_MESSAGES/nvda.po	adc7c3ad8c5824638ed1123d575f72cf9d9dc8f5	f78ab6cfd8c761f652474bded01c9304f9d97412
2026.2 beta10	modified	source/locale/hr/LC_MESSAGES/nvda.po	a52f495a9c779196a9974e13f9bf19375eeff2e2	44a88a51cd237a34e0e83c810acee9085945d45f
2026.2 beta10	modified	source/locale/hr/gestures.ini	175905adaf8eafb1bd9a1bc3b9d338fd5d836016	9bf99776b8d4e2fe105c315c018aaa70c049490a
2026.2 beta10	modified	source/locale/hu/LC_MESSAGES/nvda.po	8abfc8a0e3318d5b400a5ef79d6b3098c9e718dc	8f226c400844547c3890db6fc64c355287b7f96d
2026.2 beta10	modified	source/locale/id/LC_MESSAGES/nvda.po	7572c5fc639a324b2b941f09c319888c5490b80c	022d0c4944b1075d261971cef91e706cb630d7ab
2026.2 beta10	modified	source/locale/is/LC_MESSAGES/nvda.po	e389c3707270ea2cded029b170902cc669a38a0c	a9d292975ef5abda171b7e7d70e1ae1891a7acda
2026.2 beta10	modified	source/locale/it/LC_MESSAGES/nvda.po	de34af16b727363a2cc974f33f066d7896f49d05	ddf06d6c0d19c304553600a7b07bb1b07449b3cc
2026.2 beta10	modified	source/locale/ja/LC_MESSAGES/nvda.po	39e5b00fc563123a8556f1b8f1d1c0192417ea3b	3ab8b6df6b81b9ad7648f253dc545da5dbf6cf4c
2026.2 beta10	modified	source/locale/ka/LC_MESSAGES/nvda.po	3678bcbd992310498939ce4bdb7696b20edb6b2d	b068269041630e52b3fa16c40c6283c0fbc66d0c
2026.2 beta10	modified	source/locale/km/LC_MESSAGES/nvda.po	2c7f1d4df9d73685955e37bb62504715010c67ba	627fa797f06a478b1b0302dbf98fdd43cebc535b
2026.2 beta10	modified	source/locale/kmr/LC_MESSAGES/nvda.po	6f76c7694589dd22233a3e7a9a5dea7badf84833	b6a769f853b0e372b267a53cee7a1395972f54ad
2026.2 beta10	modified	source/locale/kn/LC_MESSAGES/nvda.po	b46fae59db8f98cb4ff6b6e9188f260bcf42bab3	26be81ecf5f8b696853d4def0a9edfd76424e036
2026.2 beta10	modified	source/locale/ko/LC_MESSAGES/nvda.po	338f4d067186ba13fd70ce3c0277eee7e18a7e98	67abebc7f5cc862a796a4f69352f05698097f725
2026.2 beta10	modified	source/locale/ky/LC_MESSAGES/nvda.po	8a5a78da1bd39d567ba05892382ec91f639dd73f	74244a4a19a9d37bf295c2e656256fb8b4c44fa2
2026.2 beta10	modified	source/locale/lt/LC_MESSAGES/nvda.po	fb75113de810357292645ad62d60e46b03e405ce	de0186458878acfe068017a4699ca3a75740b716
2026.2 beta10	modified	source/locale/mk/LC_MESSAGES/nvda.po	21dcf2b100334e13d060c63cab420be324cb9b66	a92f89478473c7abc1b52f98a5609d95d86b8300
2026.2 beta10	modified	source/locale/mn/LC_MESSAGES/nvda.po	8dab788c59592e0e8221e139d50683df2a03499f	8b988d54fe24e186cd9c24ebbb2a90c0a22a9b5d
2026.2 beta10	modified	source/locale/my/LC_MESSAGES/nvda.po	b50bd147f6680e57715c9de8f3366c94170b4b56	c496c281616f43cc34f629842a69b9f6496ac86f
2026.2 beta10	modified	source/locale/ne/LC_MESSAGES/nvda.po	76729a2d508a1c793ebf26efbe3c4292e1a0ef16	f9fe38b9439ecede7448805bff69232194dae322
2026.2 beta10	modified	source/locale/nl/LC_MESSAGES/nvda.po	dba6dadb823eec8d22b8e29f438d9107039cdefa	95c7a75b730bd273874b162126f5c2a721ca39f4
2026.2 beta10	modified	source/locale/nn_NO/LC_MESSAGES/nvda.po	eed71905a19b46814a6fdedbf2f306f54e0d73bc	a2031fae9dbf5cfcbeba2818e3606099f642f6cc
2026.2 beta10	modified	source/locale/pa/LC_MESSAGES/nvda.po	7f85180e1da74786a121424d77ca37346e8c343b	56d8b9968d6a376d585af0f753203a2bbe8a7b18
2026.2 beta10	modified	source/locale/pl/LC_MESSAGES/nvda.po	34658f642b17b78d64c08781aa4e87f58c6491b9	14ef8d769e43b12e6e2b83945e63e73cc1a7faa7
2026.2 beta10	modified	source/locale/pt_BR/LC_MESSAGES/nvda.po	37bc0143bb7b8e8e8e982c4e4a0bc9a7d45b7371	d0e02d8bebcc455b0034b687fe30e2fd55610a61
2026.2 beta10	modified	source/locale/pt_PT/LC_MESSAGES/nvda.po	913e2f11fd11bf4c2cbf3e221a52ec272973fdb4	46d3f10e54a43ef1ff74912fb02185db71fb585e
2026.2 beta10	modified	source/locale/ro/LC_MESSAGES/nvda.po	6aeab8597db66ed228a79faf82ecf5d2b1b257cb	1a82e521f8b00e1d5923088bc73fe0d7596749d5
2026.2 beta10	modified	source/locale/ru/LC_MESSAGES/nvda.po	49e8f93ff33b754b14a5b77d4aae27e02c57e24a	d34fec609a1dca60d0d1a346f76b2257df4f05c5
2026.2 beta10	modified	source/locale/sk/LC_MESSAGES/nvda.po	d5ab4a62baaed9342c8965428c671256a5cfa6e2	cedf97152d716673000c18e662993e33353cfe4f
2026.2 beta10	modified	source/locale/sl/LC_MESSAGES/nvda.po	2743715f5f781eca9feb26d37fcfcdb7cface36b	300a50073b1fb122f566253a9eba7f90bebf0c24
2026.2 beta10	modified	source/locale/so/LC_MESSAGES/nvda.po	5ae6ff91ef076a5c9ec3bac6b3baa3b66e48962e	a348a9f6050454fb51e08b9193cac854aec7aab9
2026.2 beta10	modified	source/locale/sq/LC_MESSAGES/NVDA.po	b76e3c2f7e481718d93cf6b31c40ca18014c7cea	e9c993b791888789e2b2187906c3c1e6efb99713
2026.2 beta10	modified	source/locale/sr/LC_MESSAGES/nvda.po	2c3991913c7f471c7de945634acbf60c02928410	0afc14831030502c8195bb11f9fc404347f286c5
2026.2 beta10	modified	source/locale/sv/LC_MESSAGES/nvda.po	a9541d84d813e86e738eefbe261994348fb71ca3	7efe12fe10be77ba75752ad9ae445199ff36045a
2026.2 beta10	modified	source/locale/ta/LC_MESSAGES/nvda.po	55eea6cf17576d77b9f9a5ab6f07a73b75e3d0f3	892ec2cc5a869ed67a3f29bffca5d281cd40f485
2026.2 beta10	modified	source/locale/th/LC_MESSAGES/nvda.po	6401344a500a5521fdc7a9d5c901cc51cc56ff13	d842a9bcfd929b5747e22842e11a14c6ea0ea92b
2026.2 beta10	modified	source/locale/tr/LC_MESSAGES/nvda.po	8fcabce202e6920fc6d651f22f96100037683b1e	8218b55322f25043906ce3fcbbe7f8b4dd6d453e
2026.2 beta10	modified	source/locale/tr/gestures.ini	9376c41ae639be66a669ac9713b10124f1f7619f	cd459333a92ed1434e894841ccf0109211c4ffc5
2026.2 beta10	modified	source/locale/uk/LC_MESSAGES/nvda.po	905ffc501c9592ed6fe24f2724af4f785303547b	b6284e45c1c7c24675d88a387c2a0eac453a1899
2026.2 beta10	only-evolution	source/locale/uk/gestures.ini	fc43313db9e3ed7de1afc5a3da7de98e43ab0695	-
2026.2 beta10	modified	source/locale/ur/LC_MESSAGES/nvda.po	e3c42a797322017cb47283534540a273c4e50733	711b21e9504e95c50c0a224515c61775de52a266
2026.2 beta10	modified	source/locale/vi/LC_MESSAGES/nvda.po	6e6f287e2256bdfe4b3f8bf4ac409c16a4d1d0f8	fe0a1686e2209d149eeb1c68ee17ce014ec1c6ee
2026.2 beta10	modified	source/locale/zh_CN/LC_MESSAGES/nvda.po	2535075050ebfdccc88db6b51c787b37d5308b00	852f317a89e78a08f344fc61c820297b00fee311
2026.2 beta10	modified	source/locale/zh_HK/LC_MESSAGES/nvda.po	e6ebae4031c726b6ae9cc9d0831620203858e764	127ccf6398e17f93c1adfecf4dca37a3cd8d3b4b
2026.2 beta10	modified	source/locale/zh_TW/LC_MESSAGES/nvda.po	0704db61d48d3078cf3761e3af8163569ae713f7	e75c441fe8a632d6b7a1d2c4f2b01b981ff5b10c
2026.2 beta10	modified	source/locationHelper.py	9fe381e55ccbecda86f8599eb485fbe68cffa391	2beef1ef1ef0e03943fee8bea7cb6f77ecfcc355
2026.2 beta10	modified	source/remotePythonConsole.py	6c66ed564212238aea9af920b111f45444fdb63c	719e812ba8ae0d5d834b2290707b17a4b6e31b87
2026.2 beta10	modified	source/speechDictHandler/definitions.py	ed3bdd836c911fc7001e38063a241538909f9bad	31c5dfe4413497a041f198d3063a4e8bac81438f
2026.2 beta10	modified	source/utils/security.py	90feedb092859b7decb2fd126c07ab1f512b4c82	b0c9acf1f8fc478a1101369336b4584346d7a389
2026.2 beta10	modified	source/winBindings/user32.py	ea4a9773e93193525c96331d1b6c86b9611ee1b2	704c218839670f473e3f6081cbe6a82e1e1bba7b
2026.2 beta10	modified	source/windowUtils.py	abbd37b230d3cdb8d8cbb97ee0a8a036c98efc91	59f5cd5ef1802eb6291ae485d8eedb3df5281909
2026.2 beta10	modified	tests/system/libraries/ChromeLib.py	a8ffe8d66ec8934ae8c0c9abc63c1132ed98e5b7	fc52c59223d4b61ee1fef40b2fb5e2ad4d0c79a3
2026.2 beta10	modified	tests/system/libraries/NotepadLib.py	b79dd0e30bc731837012ec400a5e37682a0d7072	6808865e506d3fa316ea1772557dfc150ee8a14e
2026.2 beta10	modified	tests/system/libraries/NvdaLib.py	c86aa2bfb7d62eb1fcd397b72b281e43bffe09ed	7bae843c760b3c0c36bb168db4a293259f2ea7b1
2026.2 beta10	only-evolution	tests/unit/test_NVDAObjects_UIA.py	4422b4fbc1bb95704e4daba8a866717cfbfd5560	-
2026.2 beta10	only-evolution	tests/unit/test_addonHandler/test_addonImports.py	94da9840c13e56273ae21a4d190967b6e53150a5	-
2026.2 beta10	modified	tests/unit/test_addonVersionCheck.py	cb7dd7cbcbcd13a929237b6ef0d74bac5dc25336	862e7d3731ba62d848bf13ba5de72b7587da1fb4
2026.2 beta10	only-evolution	tests/unit/test_braille/test_secureDesktop.py	76853a0c22d362d94c205012b706243c35128d3f	-
2026.2 beta10	modified	tests/unit/test_extensionPoints.py	9c13c9e90dbfe3d90e12d89caae99988eae2ce95	97842056ccb92c36041ebf6e1fb63868668793a0
2026.2 beta10	modified	tests/unit/test_hwIo.py	dc9fb19cfb76a3fca78aa912e27707be8c92c280	45b6714bed5fa9e91bbb46c361baf2c113c6770d
2026.2 beta10	modified	tests/unit/test_languageHandler.py	e503f702418be67702433be1574384bb705b6862	d4f0220871fb7e98462c43aa698d35a510188374
2026.2 beta10	modified	tests/unit/test_locationHelper.py	a08e8e8ac4c6dec3a01ba214b21efaf5693facd1	3f526c1c3fe064c5b085ae975f60ec1b7793ee70
2026.2 beta10	modified	tests/unit/test_messageDialog.py	a1fbf00737b8938e0682d39ed65d581763b5cfcc	f24492a788253f57320fa87692e1e14c0f3bb34c
2026.2 beta10	only-evolution	tests/unit/test_remotePythonConsole.py	5f311ea90ae2d1e4680067d80d43f6f10c74649e	-
2026.2 beta10	modified	tests/unit/test_util/test_security.py	94b86ad0beaecaa7a310805e3116e1db831244fb	7830b295ee4c8901568f5b306cd12ae4c3c1ec98
2026.2 beta10	only-evolution	tests/unit/test_winConsoleUIA.py	c2d53eaf32d33913dacb2f12608c03f161421748	-
2026.2 beta10	modified	user_docs/ar/changes.xliff	f1131f59d7f703378defad927057861d8daecfdd	10ef9ed6a8d7748eb78ae0857e536348ea34e3f6
2026.2 beta10	modified	user_docs/ar/userGuide.xliff	b2b405ab8b5f726372939320b2cd81c7480b5e78	b9ac8d4538687f0f72c081c530164af26abf3b8e
2026.2 beta10	modified	user_docs/bg/changes.xliff	2be6dc54fe672a447a799d821942af5eaa6eb850	cac82443ec333bf37df26a96ecda8e3688babf9e
2026.2 beta10	modified	user_docs/bg/userGuide.xliff	432781cce068a8fcca95d740fc6e46b36ac08193	18a8df08202be32aba9ce74731dec92c26c4762a
2026.2 beta10	modified	user_docs/bs/changes.xliff	1295ea46b30acfd4623594b2d35bd695d36d165b	a18e169ce37fa59effd07b222531d958e8fab7eb
2026.2 beta10	modified	user_docs/bs/userGuide.xliff	828e379088ef8a329f95ba2c7e6f6c8407223893	b17d3dc0e70750cb993349dd97fa816fc36cc118
2026.2 beta10	modified	user_docs/ca/changes.xliff	cbc1665fb044b5c6b941a61a71ebbbaf8c195cb9	1d27e81bdc8d0911e536e6ecbcd6c92fe85ae322
2026.2 beta10	modified	user_docs/ca/userGuide.xliff	1cec817a286da7f557d527cd0c63737d905680b0	c115aa3a5436d48813c221bfd8d86a9802e0cfa1
2026.2 beta10	modified	user_docs/da/changes.xliff	b4ea8f1745cf0866ace2078a25a2cd762b372f4c	9400c11e715554f7629516e239f77f76735bd29a
2026.2 beta10	modified	user_docs/da/userGuide.xliff	7cefd02b3607f8530d50a5fa3f9277486a71627a	646f4478c87212f454600c64beff3e23a5e7c821
2026.2 beta10	modified	user_docs/de/changes.xliff	90d27f1627d33beb38f5340c83a2f27a9da1c8aa	f2e0e8660d709bee2b5349111bb4e3b1ceaa040d
2026.2 beta10	modified	user_docs/de/userGuide.xliff	de3cc8d0b754cd8bd894d9a8892a3cdcb9f65053	576d7c30342befdbf5a841628048e84b63a572b7
2026.2 beta10	modified	user_docs/en/changes.md	c05d7ce042473b77d40799238c77e6504d583c80	9c838b6f184efc43f1144a78162ef8a10aaafa84
2026.2 beta10	modified	user_docs/en/changes.xliff	e1adfeadea98d9443c0005ccc1470d674fae589a	e3588b52ea965c2d2b14db21a9c28ca9fe8d64f9
2026.2 beta10	modified	user_docs/es/changes.xliff	738204d1bde44baddc5fa75f3e861276c7b8a90f	0860e99bed7e86dc1e2ba814d2445d92584efa3e
2026.2 beta10	modified	user_docs/es/userGuide.xliff	7f89984b8687937716ae91ae9449fec0ee5449cf	21c5fb6dca14080eb24565519acf05c9ced48da6
2026.2 beta10	modified	user_docs/fa/changes.xliff	f5e5b6445129193df6b7ab03685fa9e968c613b1	cb4afa097b06b0fa5f5e271cf7939dfd5be4bf3c
2026.2 beta10	modified	user_docs/fa/userGuide.xliff	68f1f87e86d58de0c604bf051eb569d58ff56fe4	a095c2b67469c3d605735d986cc3b20092b9d719
2026.2 beta10	modified	user_docs/fi/changes.xliff	dc0d539e2352cac131d4c0296544b833af46e350	8a89d3504a473f062b26896b7bfd37d53f859954
2026.2 beta10	modified	user_docs/fi/userGuide.xliff	02d7450d6513b90993bb1fcff4f4a9f55828187b	94f9597e3bfc26100cbefcc6ffb390e5e5f7afdc
2026.2 beta10	modified	user_docs/fr/changes.xliff	636c59c81812f0cca72b1d3831c7c5560e4ae377	6494c50e9b34381689309ca67cee91d98f7107d5
2026.2 beta10	modified	user_docs/fr/userGuide.xliff	b385aaefa1f3ae6fc3d824053d668ecb9b4c702c	e0a0674eaff12fe815e5a4e0e030ac67d4fb081a
2026.2 beta10	modified	user_docs/gl/changes.xliff	dc5e0dd5a7e603ccb137cda9aa8c44b3c3d985a9	f2dc7aa51b84478fdec9a40e2e90eb5976baf40a
2026.2 beta10	modified	user_docs/gl/userGuide.xliff	0da2682325152bc890cabdcfc00cb3a0c3721836	ee09967f1d14af13428a49efd63190779fe4b100
2026.2 beta10	modified	user_docs/hi/changes.xliff	1f0e71819b1498a1c519576f4a7841638cfb41ff	83c1bd8b03c97ab1881bcd184a91a2d2e6243695
2026.2 beta10	modified	user_docs/hi/userGuide.xliff	796c857e08a6b8fba1e9f1b854a97c936826a60f	8fddf9ec44262e5f452cc262cb9e782a7c35a5df
2026.2 beta10	modified	user_docs/hr/changes.xliff	877def4591c687b1b97d90393d67fed8a16059da	5420df9931641f6989f48b952c752e928549c7da
2026.2 beta10	modified	user_docs/hr/userGuide.xliff	cc0641c26f6599b65a59d9be8d0216dd838f48a6	9038edb785b741edd3a9d261e8e9e5d82af90cc4
2026.2 beta10	only-official	user_docs/hu/changes.md	-	64107b5b3b36f9aaff22fa76bbd1016aa3d37344
2026.2 beta10	only-evolution	user_docs/hu/changes.xliff	54288b375ef0c8de6945f3086f54900e931a76c5	-
2026.2 beta10	modified	user_docs/it/changes.xliff	94047b6773c84f9108fc1dbb48be7b4481710476	ed3ffb32a3ec0b071feeeab801b98f255fe3da9b
2026.2 beta10	modified	user_docs/it/userGuide.xliff	1abfe22ecf076d7bad272752b1ea4a7a4916ee1f	66601b456f1615caf1040324f7ff1a82b21a8154
2026.2 beta10	modified	user_docs/ja/changes.xliff	c6847f6770c2b5b5812a4a8c2685fd6fbd34fb07	b8a90adf83957d07f39a7f04fbe3488ce454a228
2026.2 beta10	modified	user_docs/ja/userGuide.xliff	0a64412ae70ddbdd325dd634cbd8eefd407f9966	603ee7528cec2e186fa2512d6953e0ae1df0d1e3
2026.2 beta10	modified	user_docs/km/changes.xliff	c24f737d2c1d531ee2afd16419693dee7ac10b1f	163923450568dfd92b901c4ccd82cac2388433f2
2026.2 beta10	modified	user_docs/km/userGuide.xliff	01134536c1f0457bbdd70b8aa18eed142943f49a	bc548d964eb3490063b0eeaff6cbcd6ab502e10a
2026.2 beta10	modified	user_docs/ko/changes.xliff	9d8962c944dc38a0b5647675b3900d919a79dd20	1bb635f4d3e124e9a255b4761e653865da633f2b
2026.2 beta10	modified	user_docs/ko/userGuide.xliff	ef76965caf9e4905ff10641e7ed83730b15bfbd2	32032ff5331ab226ca307c200630332d8e900daf
2026.2 beta10	modified	user_docs/nl/changes.xliff	e96348cbff353017660ba3a703015bb6cce69d35	f4e06ebba5f4a9836400e9856990c496256facb3
2026.2 beta10	modified	user_docs/nl/userGuide.xliff	62186700ec4b695dfedd2810e753390aa615866d	03077725e37f22dd19c6a673ec0f744371be271f
2026.2 beta10	modified	user_docs/pl/changes.xliff	1502a051a0739314c416cea89faf865457d3eaf2	5808d7f0c05eb48a6b9b8fa929a6440c3424847b
2026.2 beta10	modified	user_docs/pl/userGuide.xliff	f93311498ce6773ddff0877cd4d092f5bd4e0757	8d4bce718012e63baf74468c999c534e07e9fac0
2026.2 beta10	modified	user_docs/pt_BR/changes.xliff	aa3ac62e0b801870451947c652bb0dd304b71826	e8f2b2d36273c2be7b2febac2e60f5e43df04588
2026.2 beta10	modified	user_docs/pt_BR/userGuide.xliff	4b5c55606eebd869efaeb028e137626909b747af	2f49a524609572d21a9c31217206d9ee860e3264
2026.2 beta10	modified	user_docs/pt_PT/changes.xliff	1d46dbc438983848ff7a53249c20f108b547f0d1	f75cba51f36e0f8284d500eb221c1463ebf32674
2026.2 beta10	modified	user_docs/pt_PT/userGuide.xliff	0087696a62add211a2561f0ab587886763cf9974	d97e042ef797dfa065e85d5eb82e54812c8e94b6
2026.2 beta10	modified	user_docs/ru/changes.xliff	96677b30ad521f15f6ecf3a6bd50d8434b007703	26dcfe08db37433c8d60fe8815c3a071986f1676
2026.2 beta10	modified	user_docs/ru/userGuide.xliff	4366234d36426ae206a80606a10b7216a0854ab5	bb1cf576c3eb5aed8355ad5128f68f1420c7b562
2026.2 beta10	modified	user_docs/sk/changes.xliff	0aa9fe1b33ad21691451cbee5f0a1c18c1ab947d	c73bc05f2cdae3c561ea0ad05ac6d409a3421a76
2026.2 beta10	modified	user_docs/sk/userGuide.xliff	dab8c533b0f8743287f00b9363dd81a5882880c1	7093ca9e0589471e072b3cb5345c8c986915d0c9
2026.2 beta10	modified	user_docs/sr/changes.xliff	88fc6a4c1d0f7d8e02179cc9096a9cd1cd61fc1d	469d2e3562b2f7d8033a775d2e982cd866c30a50
2026.2 beta10	modified	user_docs/sr/userGuide.xliff	efc9592db2c0b9861d4f6de8b96a7ebbe81f874e	9c0836f6856093e80f06b7e17b11d8ee8933ce46
2026.2 beta10	modified	user_docs/ta/userGuide.xliff	87ea1401d6c23b5eb393a9f8e90038ffd8c69848	939fd858ea3cab3bd4f5064e192b4ffb75daa479
2026.2 beta10	modified	user_docs/tr/changes.xliff	c86c9ba86208a7a40e1fdb08b3a7410fd120310f	bc6e132c72cbf5fd5236445b401118100d9ab00d
2026.2 beta10	modified	user_docs/tr/userGuide.xliff	6f3ceb1b92a46ae364ddae86f19fef7992c776d9	89db03889779df932ff450fa34aa45bd1469df68
2026.2 beta10	modified	user_docs/uk/changes.xliff	05cb87ef90307220b3d074d0a790ef2fc40d5bee	47a57df935fd8f902c8bfbd71306517571fc24a0
2026.2 beta10	modified	user_docs/uk/userGuide.xliff	0b83fad95f0e1f1454f2e7a64988f4c6cffd4103	16c024d9d987b65ce79807428fd4b443e69c8743
2026.2 beta10	modified	user_docs/vi/changes.xliff	7659e40ae6c6fb220e2db9f11d50f0b31094369d	619c7010cc6a1fc911e5c9c289d98978b99bc288
2026.2 beta10	modified	user_docs/vi/userGuide.xliff	c8f8ddd84d192502801cb45da0f5bdfa50da3849	95a26c367897bd7e83451e0e45f8773a672b3ce3
2026.2 beta10	modified	user_docs/zh_CN/changes.xliff	dd4812a903d9e1d5e4d628d331f26ef065ec6a95	30ae85e6db011540191592504c3a859ddb9ad77d
2026.2 beta10	modified	user_docs/zh_CN/userGuide.xliff	63a0701212775d250f913c41d5e3c628dae01068	febb6d44303cef4e538699e6ac76267e863ee094
2026.2 beta10	modified	user_docs/zh_TW/changes.xliff	4556b0bc35ce1525f829c06502504e01975e20b2	e55eff5e6fc630376c239a1da7cdd4ca1e504b66
2026.2 beta10	modified	user_docs/zh_TW/userGuide.xliff	4da6a28e0e5b34de7ecbf039e5fda4afcee9cba3	51bc186a456a6d8ed0e33c148b05024a8e1c212b
2026.2 beta11	modified	.github/workflows/add-new-language.yml	a22ea4814966fb31617bfdd108edaf39400c0bd9	48523ce5e389cc2a0fb895625636bb5b5d3fca1c
2026.2 beta11	modified	.github/workflows/clearCaches.yml	039c28961eb0b36441547ca67aed3de2d26aedfd	a391d793cd868a02b87ba730ac8afeae9dd39433
2026.2 beta11	modified	.github/workflows/fetch-crowdin-translations.yml	13a3d8e48ab5b54deebc2c298e66f5dfc098dd2a	a11f2fe2d0aedf25b21b22606d937bb10e6855b0
2026.2 beta11	modified	.github/workflows/testAndPublish.yml	05ff1807cfc292da383908c643c7810d9c83bd47	67d418b43bd6618fa089ce8ae6bac4afdc3e233a
2026.2 beta11	modified	.python-versions	05c2197512e8084559661bdda4b0426de8f9e0b0	c799318b8e175472df83757d8e95702f365a780a
2026.2 beta11	modified	ci/scripts/setBuildVersionVars.ps1	c6452b84902b14d0347cccfafd7588349085f13d	f4e3fead863b8380fd0e6bb73848ef42878805ef
2026.2 beta11	modified	include/liblouis	2e775aca674cd2910e272eed7736acceb4c2e4a2	2aa5f84b14de17bcfe8317862d11f6bd7d640e55
2026.2 beta11	modified	projectDocs/dev/createDevEnvironment.md	419f226fd3b6ebf332146fed850209804793645f	0535a329c11adb148a4ada832fd8ca7adc55cb5a
2026.2 beta11	modified	projectDocs/dev/developerGuide/developerGuide.md	f6c5f96c98de86ca36c21bf3b33d45ded4fc7316	5024f63cfc51b120f60ea6c8db2f1bd3e5e0acd4
2026.2 beta11	only-evolution	projectDocs/dev/futureRcValidation.md	96f4b06ddcc925049e3fa9dae07565de936349a9	-
2026.2 beta11	modified	runtime-builders/synthDriverHost32/.python-version	1f155dedb475f21cdeb94e30fd2db8ec550d96a6	fe6f212a49359f24bd0799d377528f38f3bcab23
2026.2 beta11	modified	runtime-builders/synthDriverHost32/setup-runtime.py	2cee396cf30d90e81b64ae213e206d9b7d05929f	d74991bc57ec2d7ec912817dc190a8d08cc8a735
2026.2 beta11	modified	source/NVDAObjects/IAccessible/__init__.py	c7abfaf97861cd108b866dc507f79b150f5ec464	5e6e77d4ff7d74c93196b749007b78c86157cd76
2026.2 beta11	modified	source/NVDAObjects/UIA/__init__.py	6017dba29983278f75e11f253be99426ce24906b	fdf3c773447072d8d0a9b7090a7ff319d61fde84
2026.2 beta11	modified	source/NVDAObjects/UIA/winConsoleUIA.py	10c19afd2b7e78c1d615910a7b2215fdddefb4e4	dd4aec30cf2ddf4dac7dc974095ff02239088812
2026.2 beta11	modified	source/addonAPIVersion.py	0657b0194026f83e721cf4380b761714ee8a9709	b300dc889c8e873534539e59757ea97d4c622b66
2026.2 beta11	modified	source/addonHandler/__init__.py	b241973917c0cd72e9a8bd496eb152af17c41969	87cdcc7f7c957c3d98706c4b1c25e9a9dbb1feca
2026.2 beta11	modified	source/braille.py	5ccdface171624e98e1a0950876f23fa6f556172	98d36f7eaf78008097385f7d6a1c5e2fe0fef654
2026.2 beta11	modified	source/brailleTables/__tables.py	84d50f742a7ed7055ee77ec7f531a1d753c2c5ee	2f93a9715b777d2786128e46c015cc8622f7df84
2026.2 beta11	modified	source/buildVersion.py	e0e9af5909cb96bd5bba2bdd6d615ac2af52f1ee	509fa403128bd6d105c508bf11e15184e51768b6
2026.2 beta11	modified	source/extensionPoints/__init__.py	54908b611de27e5618d917eb9b80c280151a1195	873847835057931c1ac1e4bf0a84a87b39ed96f8
2026.2 beta11	modified	source/extensionPoints/util.py	5b6f9b3b20160a63725dfb96a2d54080c8ecf8fc	c09226d8b43be4d58aff54a480fec6ba940519c5
2026.2 beta11	modified	source/gui/message.py	6f12aeb7105ce2dc2bbaf9bbdf8e6588624d1425	3c3e58470dc7ed479e2f491b660031fad6c2ad03
2026.2 beta11	modified	source/gui/speechDict.py	5a46cf7d4b8ef520c8d712e3d2179d9ba5f0b432	37992cb9fa5616f03af2b6c2d3a4d4c017c680e9
2026.2 beta11	modified	source/hwIo/base.py	d95005969a95c09f015d29451bf1e8c214eebf00	0a34b27e42f4632fd5412c299c0cc01001b12f39
2026.2 beta11	modified	source/languageHandler.py	54de6ddb79dc36b64da7910a757911b111e77682	656028ebe62fc08111e729b20e09d6e4aeefe4df
2026.2 beta11	modified	source/locale/af_ZA/LC_MESSAGES/nvda.po	af7f998003367de04aeffc195ca5efe86613e4e3	04729ee4ad1c192c428fa97821f6b2bd984e7834
2026.2 beta11	modified	source/locale/am/LC_MESSAGES/nvda.po	ead2db7b17719d5e011d0b48312aa402aa0b60a5	aeab075731ab4308eb0f67e6946b6c635917f7c0
2026.2 beta11	modified	source/locale/an/LC_MESSAGES/nvda.po	13a938bda9965f18804f709aa47d54bf854e1eb6	f16966607ecba4872c0dcaa96935d3574160df99
2026.2 beta11	modified	source/locale/ar/LC_MESSAGES/nvda.po	7d8ebfce7c618c373ca385fabbcf55cb81daf818	aac95c4dbc3628d401e3972f3bf6c4d8ffc0d6b8
2026.2 beta11	modified	source/locale/bg/LC_MESSAGES/nvda.po	9011d1de155343d73d1dae278a55376df274f7b7	80697c5c6105d385c4ace2362921cca40caf5daf
2026.2 beta11	modified	source/locale/bs/LC_MESSAGES/nvda.po	d7d20d6f6b70a5e883b60167177855306220fe99	ddc12e6ed9c17f0b0118c46bb7d63014e5c2265c
2026.2 beta11	modified	source/locale/ca/LC_MESSAGES/nvda.po	3d0fa70b2e79f2fd1389f6b3c322cc639da239e6	1f3d9eab63e6b89d52f66fe54dd86686b488fb7e
2026.2 beta11	modified	source/locale/ckb/LC_MESSAGES/nvda.po	4262c351cd44a5db5a1ce88ef50a5d130b70799f	29d2649fef78ca106430d5a84a1336bef429cb8f
2026.2 beta11	modified	source/locale/cs/LC_MESSAGES/nvda.po	1bcdb8ff8e44863f964b643af06ed0db1850438a	53d24b97a9bb124f8f7e4d84de6c17acbd892ba8
2026.2 beta11	modified	source/locale/da/LC_MESSAGES/nvda.po	ebbee18e0977139da7736475f135faf79beb77ce	d8a7cd8a81b2589e4a0a50e588e645ae7b75d9a9
2026.2 beta11	modified	source/locale/de/LC_MESSAGES/nvda.po	9eb0584281290295f87f415a066ba2395fef998c	a9d3c775f96401c1b3249bbd7c8074f65a1f6e57
2026.2 beta11	modified	source/locale/de_CH/LC_MESSAGES/nvda.po	103b90b377a74d62f6829f51ed068c4b5a5e1459	3351a1d8e71c8d443cb0a586a6088664937560cc
2026.2 beta11	modified	source/locale/el/LC_MESSAGES/nvda.po	d42a2e1659cb2b8e0070b87e296c4ccf6e1c7082	3dddc07bf1f4272c4368b04f53f914d6d933c292
2026.2 beta11	modified	source/locale/es/LC_MESSAGES/nvda.po	e4b3b76dece46689e1a1c4a31a775cf62445dbda	a49307ea0bc6f1493226807a0a3782801e7e7bc7
2026.2 beta11	modified	source/locale/es_CO/LC_MESSAGES/nvda.po	9ef8b05cc7d8712c8ce2fdbaa5bef70c3486b1aa	5297c6a101c049bc01b7ced1cf1c47fcde7e052a
2026.2 beta11	modified	source/locale/fa/LC_MESSAGES/nvda.po	dfafdb13c240f5c5c4c5a083c45e68cb769ba554	08047789831d1116d6bce7bdee5df0611d6a2cb8
2026.2 beta11	modified	source/locale/fi/LC_MESSAGES/nvda.po	1c3d34669c15fdbf041d3de08796b4fca7a4d36b	124b61df415c0ab6ecb8a9b521756e3add18a7a0
2026.2 beta11	modified	source/locale/fr/LC_MESSAGES/nvda.po	ac4ab93de46594e3a4746a3aac4aa4fdb9f04037	62934e72f78ce5956841cb0ab7010c0dcc14fa7f
2026.2 beta11	modified	source/locale/gl/LC_MESSAGES/nvda.po	743e92cf4b20c51a9edbb01539190b10a47aae88	1c7c395cc3de9aac36600cd129dd6f0c1b420d3a
2026.2 beta11	modified	source/locale/he/LC_MESSAGES/nvda.po	c73e0dafbb98b1086560df593b2d43b82a56b4ca	a1f5535640b44391f82585f85568b3abdedf79d6
2026.2 beta11	modified	source/locale/hi/LC_MESSAGES/nvda.po	adc7c3ad8c5824638ed1123d575f72cf9d9dc8f5	a214529e50875a6257e64cfa61a792630cff8f83
2026.2 beta11	modified	source/locale/hr/LC_MESSAGES/nvda.po	a52f495a9c779196a9974e13f9bf19375eeff2e2	b52824bd7c778223bd6c6449c3f9498d75cab834
2026.2 beta11	modified	source/locale/hu/LC_MESSAGES/nvda.po	8abfc8a0e3318d5b400a5ef79d6b3098c9e718dc	e0310ac3f71b84d218d12c769b512069c82ef143
2026.2 beta11	modified	source/locale/id/LC_MESSAGES/nvda.po	7572c5fc639a324b2b941f09c319888c5490b80c	314feb4f637ef7ed69b80b6cd5849059799d9d78
2026.2 beta11	modified	source/locale/is/LC_MESSAGES/nvda.po	e389c3707270ea2cded029b170902cc669a38a0c	3bb38657bf463e11c1660d0265b5c5a01ce6d398
2026.2 beta11	modified	source/locale/it/LC_MESSAGES/nvda.po	de34af16b727363a2cc974f33f066d7896f49d05	63d81575a606d4f692d230a7ef709139c82dab86
2026.2 beta11	modified	source/locale/ja/LC_MESSAGES/nvda.po	39e5b00fc563123a8556f1b8f1d1c0192417ea3b	08fa903a80e2342dc793f058af7996007abbeda4
2026.2 beta11	modified	source/locale/ka/LC_MESSAGES/nvda.po	3678bcbd992310498939ce4bdb7696b20edb6b2d	bbdba37ad9d7c821ad69631593309ab7c4b6052f
2026.2 beta11	modified	source/locale/km/LC_MESSAGES/nvda.po	2c7f1d4df9d73685955e37bb62504715010c67ba	7cc7350d151fa78f47614c5550da5b294c5a273a
2026.2 beta11	modified	source/locale/kn/LC_MESSAGES/nvda.po	b46fae59db8f98cb4ff6b6e9188f260bcf42bab3	937642e68755cae55fc0770f600747a08201d9e0
2026.2 beta11	modified	source/locale/ko/LC_MESSAGES/nvda.po	338f4d067186ba13fd70ce3c0277eee7e18a7e98	f3ca2504de86d9e983786e938729ad35c56f8096
2026.2 beta11	modified	source/locale/ky/LC_MESSAGES/nvda.po	8a5a78da1bd39d567ba05892382ec91f639dd73f	1f0980f6c1b5d28aa38e87a49eb718ebd966d508
2026.2 beta11	modified	source/locale/lt/LC_MESSAGES/nvda.po	fb75113de810357292645ad62d60e46b03e405ce	3f6be49a128115c7805625c43c708a2cf1de312d
2026.2 beta11	modified	source/locale/mk/LC_MESSAGES/nvda.po	21dcf2b100334e13d060c63cab420be324cb9b66	11fd09c9e890bb9df9012291329cf99ad346b9fe
2026.2 beta11	modified	source/locale/mn/LC_MESSAGES/nvda.po	8dab788c59592e0e8221e139d50683df2a03499f	07e2cdf192ad3a73b467ba9edaedc371080abe91
2026.2 beta11	modified	source/locale/my/LC_MESSAGES/nvda.po	b50bd147f6680e57715c9de8f3366c94170b4b56	4e53d0b1caf46620cfcea683a02fca0c4fad0dff
2026.2 beta11	modified	source/locale/ne/LC_MESSAGES/nvda.po	76729a2d508a1c793ebf26efbe3c4292e1a0ef16	d537ed0adadcf5fff8f127887cc85a333285d45b
2026.2 beta11	modified	source/locale/nl/LC_MESSAGES/nvda.po	dba6dadb823eec8d22b8e29f438d9107039cdefa	8a61c9135303f9380aca9f5ec91e27f96a4ce2d7
2026.2 beta11	modified	source/locale/nn_NO/LC_MESSAGES/nvda.po	eed71905a19b46814a6fdedbf2f306f54e0d73bc	a1c206c42ba5d97a028cdb284807b9481ae83d87
2026.2 beta11	modified	source/locale/pa/LC_MESSAGES/nvda.po	7f85180e1da74786a121424d77ca37346e8c343b	9a3216e762e15ab1faf1a65e9a270ad29d9462d6
2026.2 beta11	modified	source/locale/pl/LC_MESSAGES/nvda.po	34658f642b17b78d64c08781aa4e87f58c6491b9	bd3ad3f50c171ec4e09e1411bd92faa70813feb0
2026.2 beta11	modified	source/locale/pt_BR/LC_MESSAGES/nvda.po	37bc0143bb7b8e8e8e982c4e4a0bc9a7d45b7371	937e47cfdbe3d48a97c0bc6ec4ab653089b700a4
2026.2 beta11	modified	source/locale/pt_PT/LC_MESSAGES/nvda.po	913e2f11fd11bf4c2cbf3e221a52ec272973fdb4	643d8cae3980fec5670c19450b6663a5783f524d
2026.2 beta11	modified	source/locale/ro/LC_MESSAGES/nvda.po	6aeab8597db66ed228a79faf82ecf5d2b1b257cb	52eefa21a52065809eb15b66d723f7de9990320f
2026.2 beta11	modified	source/locale/ru/LC_MESSAGES/nvda.po	49e8f93ff33b754b14a5b77d4aae27e02c57e24a	1bb088d6297e6efc57cf9faaebcd79a8129e8ee1
2026.2 beta11	modified	source/locale/sk/LC_MESSAGES/nvda.po	d5ab4a62baaed9342c8965428c671256a5cfa6e2	a5caf505a3ce27f3e65c8d8c2e61fc51a7950be2
2026.2 beta11	modified	source/locale/sl/LC_MESSAGES/nvda.po	2743715f5f781eca9feb26d37fcfcdb7cface36b	3f2575119656758c8e9557160212fb06eb76d432
2026.2 beta11	modified	source/locale/so/LC_MESSAGES/nvda.po	5ae6ff91ef076a5c9ec3bac6b3baa3b66e48962e	90b932e3232b9679de02ed9656e8e9b7352ecb00
2026.2 beta11	modified	source/locale/sq/LC_MESSAGES/NVDA.po	b76e3c2f7e481718d93cf6b31c40ca18014c7cea	2577b7beb768112db1eb78db2120c28819ca044a
2026.2 beta11	modified	source/locale/sr/LC_MESSAGES/nvda.po	2c3991913c7f471c7de945634acbf60c02928410	e5d8b228f3d8b4b60413b9070d6911c8c8769bdf
2026.2 beta11	modified	source/locale/sv/LC_MESSAGES/nvda.po	a9541d84d813e86e738eefbe261994348fb71ca3	3ccf0f3c1f5497cea2a60ff403e2464112a34496
2026.2 beta11	modified	source/locale/ta/LC_MESSAGES/nvda.po	55eea6cf17576d77b9f9a5ab6f07a73b75e3d0f3	801f9d0a850ee97d71c30025395ac127931b94b7
2026.2 beta11	modified	source/locale/th/LC_MESSAGES/nvda.po	6401344a500a5521fdc7a9d5c901cc51cc56ff13	bf71322dacc268ab2639e09121b1db9baae6c2f9
2026.2 beta11	modified	source/locale/tr/LC_MESSAGES/nvda.po	8fcabce202e6920fc6d651f22f96100037683b1e	026f01f9dcf1cd8f2b1fc2e5c1ab8456a730ffd3
2026.2 beta11	modified	source/locale/tr/gestures.ini	9376c41ae639be66a669ac9713b10124f1f7619f	cd459333a92ed1434e894841ccf0109211c4ffc5
2026.2 beta11	modified	source/locale/uk/LC_MESSAGES/nvda.po	905ffc501c9592ed6fe24f2724af4f785303547b	b4ce50ecb14e69cce8d0da46f3a0644297f0c2bb
2026.2 beta11	modified	source/locale/ur/LC_MESSAGES/nvda.po	e3c42a797322017cb47283534540a273c4e50733	e68a7f0eba256efc573c164224a4172aa2f28efb
2026.2 beta11	modified	source/locale/vi/LC_MESSAGES/nvda.po	6e6f287e2256bdfe4b3f8bf4ac409c16a4d1d0f8	1a7335fb8bbc63be6ce8ef43bf4ac5dda25adfb3
2026.2 beta11	modified	source/locale/zh_CN/LC_MESSAGES/nvda.po	2535075050ebfdccc88db6b51c787b37d5308b00	c3067b2947cf5b7f15abf2c6541565bec81909f9
2026.2 beta11	modified	source/locale/zh_HK/LC_MESSAGES/nvda.po	e6ebae4031c726b6ae9cc9d0831620203858e764	ad405f9993e0e2610a90bea7977024f72207d034
2026.2 beta11	modified	source/locale/zh_TW/LC_MESSAGES/nvda.po	0704db61d48d3078cf3761e3af8163569ae713f7	c035085d64dd9ce2879a42c2c203083545e8476d
2026.2 beta11	modified	source/locationHelper.py	9fe381e55ccbecda86f8599eb485fbe68cffa391	2beef1ef1ef0e03943fee8bea7cb6f77ecfcc355
2026.2 beta11	modified	source/remotePythonConsole.py	6c66ed564212238aea9af920b111f45444fdb63c	719e812ba8ae0d5d834b2290707b17a4b6e31b87
2026.2 beta11	modified	source/speechDictHandler/definitions.py	ed3bdd836c911fc7001e38063a241538909f9bad	31c5dfe4413497a041f198d3063a4e8bac81438f
2026.2 beta11	modified	source/utils/security.py	90feedb092859b7decb2fd126c07ab1f512b4c82	b0c9acf1f8fc478a1101369336b4584346d7a389
2026.2 beta11	modified	source/winBindings/user32.py	ea4a9773e93193525c96331d1b6c86b9611ee1b2	704c218839670f473e3f6081cbe6a82e1e1bba7b
2026.2 beta11	modified	source/windowUtils.py	abbd37b230d3cdb8d8cbb97ee0a8a036c98efc91	59f5cd5ef1802eb6291ae485d8eedb3df5281909
2026.2 beta11	modified	tests/system/libraries/ChromeLib.py	a8ffe8d66ec8934ae8c0c9abc63c1132ed98e5b7	fc52c59223d4b61ee1fef40b2fb5e2ad4d0c79a3
2026.2 beta11	modified	tests/system/libraries/NotepadLib.py	b79dd0e30bc731837012ec400a5e37682a0d7072	6808865e506d3fa316ea1772557dfc150ee8a14e
2026.2 beta11	modified	tests/system/libraries/NvdaLib.py	c86aa2bfb7d62eb1fcd397b72b281e43bffe09ed	7bae843c760b3c0c36bb168db4a293259f2ea7b1
2026.2 beta11	only-evolution	tests/unit/test_NVDAObjects_UIA.py	4422b4fbc1bb95704e4daba8a866717cfbfd5560	-
2026.2 beta11	only-evolution	tests/unit/test_addonHandler/test_addonImports.py	94da9840c13e56273ae21a4d190967b6e53150a5	-
2026.2 beta11	modified	tests/unit/test_addonVersionCheck.py	cb7dd7cbcbcd13a929237b6ef0d74bac5dc25336	862e7d3731ba62d848bf13ba5de72b7587da1fb4
2026.2 beta11	only-evolution	tests/unit/test_braille/test_secureDesktop.py	76853a0c22d362d94c205012b706243c35128d3f	-
2026.2 beta11	modified	tests/unit/test_extensionPoints.py	9c13c9e90dbfe3d90e12d89caae99988eae2ce95	97842056ccb92c36041ebf6e1fb63868668793a0
2026.2 beta11	modified	tests/unit/test_hwIo.py	dc9fb19cfb76a3fca78aa912e27707be8c92c280	45b6714bed5fa9e91bbb46c361baf2c113c6770d
2026.2 beta11	modified	tests/unit/test_languageHandler.py	e503f702418be67702433be1574384bb705b6862	d4f0220871fb7e98462c43aa698d35a510188374
2026.2 beta11	modified	tests/unit/test_locationHelper.py	a08e8e8ac4c6dec3a01ba214b21efaf5693facd1	3f526c1c3fe064c5b085ae975f60ec1b7793ee70
2026.2 beta11	modified	tests/unit/test_messageDialog.py	a1fbf00737b8938e0682d39ed65d581763b5cfcc	f24492a788253f57320fa87692e1e14c0f3bb34c
2026.2 beta11	only-evolution	tests/unit/test_remotePythonConsole.py	5f311ea90ae2d1e4680067d80d43f6f10c74649e	-
2026.2 beta11	modified	tests/unit/test_util/test_security.py	94b86ad0beaecaa7a310805e3116e1db831244fb	7830b295ee4c8901568f5b306cd12ae4c3c1ec98
2026.2 beta11	only-evolution	tests/unit/test_winConsoleUIA.py	c2d53eaf32d33913dacb2f12608c03f161421748	-
2026.2 beta11	modified	user_docs/ar/userGuide.xliff	b2b405ab8b5f726372939320b2cd81c7480b5e78	6e93d3077334b423212be87953f96327b8af4e99
2026.2 beta11	modified	user_docs/bg/changes.xliff	2be6dc54fe672a447a799d821942af5eaa6eb850	b6c96bd7e295f35a9d1b23a76e1a6c47a767a877
2026.2 beta11	modified	user_docs/bs/changes.xliff	1295ea46b30acfd4623594b2d35bd695d36d165b	28e2a3ca112dee62cf4d7468f156f8fa5cec73f4
2026.2 beta11	modified	user_docs/ca/changes.xliff	cbc1665fb044b5c6b941a61a71ebbbaf8c195cb9	4ecca78377fc9c69987397b8e17e928a3f2aa372
2026.2 beta11	modified	user_docs/da/changes.xliff	b4ea8f1745cf0866ace2078a25a2cd762b372f4c	1e407f89023c680490ecd5d2dbf4e769c0d8d2ca
2026.2 beta11	modified	user_docs/da/userGuide.xliff	7cefd02b3607f8530d50a5fa3f9277486a71627a	9e34fc9f95e0b62869cc9cecf4a22671d7958a67
2026.2 beta11	modified	user_docs/en/changes.md	c05d7ce042473b77d40799238c77e6504d583c80	66e8e7b43639d2d1501639020497f2d0ef7cd51e
2026.2 beta11	modified	user_docs/es/changes.xliff	738204d1bde44baddc5fa75f3e861276c7b8a90f	01dde99ed47dc5e3e9c189802bd766d6349e0dd3
2026.2 beta11	modified	user_docs/fa/userGuide.xliff	68f1f87e86d58de0c604bf051eb569d58ff56fe4	a00f7c70b11e7c79617cf4100231c31703c83000
2026.2 beta11	modified	user_docs/fi/changes.xliff	dc0d539e2352cac131d4c0296544b833af46e350	8c2669ac68ed63130efbc288226206c6901b9239
2026.2 beta11	modified	user_docs/fi/userGuide.xliff	02d7450d6513b90993bb1fcff4f4a9f55828187b	4caade6d303b761507d4aefa06a34edc4b0eb389
2026.2 beta11	modified	user_docs/fr/changes.xliff	636c59c81812f0cca72b1d3831c7c5560e4ae377	ca26d429a3da52743fca3926c45c7e06e91998fa
2026.2 beta11	modified	user_docs/fr/userGuide.xliff	b385aaefa1f3ae6fc3d824053d668ecb9b4c702c	ff68a412604f610e459f7bc0e2eb9c8d0e532f02
2026.2 beta11	modified	user_docs/gl/changes.xliff	dc5e0dd5a7e603ccb137cda9aa8c44b3c3d985a9	e1aa4e4cedbe8a5ff337de2edd276739126b6dfd
2026.2 beta11	modified	user_docs/hr/changes.xliff	877def4591c687b1b97d90393d67fed8a16059da	6d8e2866f88ef3963e37021f06c2338ae400f531
2026.2 beta11	modified	user_docs/hr/userGuide.xliff	cc0641c26f6599b65a59d9be8d0216dd838f48a6	6ce019c538e1b54a0071ef57b457fecec0b7eb4f
2026.2 beta11	modified	user_docs/it/changes.xliff	94047b6773c84f9108fc1dbb48be7b4481710476	0acf0422fbf61cfc785932de3102622f16ecaba7
2026.2 beta11	modified	user_docs/it/userGuide.xliff	1abfe22ecf076d7bad272752b1ea4a7a4916ee1f	238ee611cd31d89e8aaad99ea950a6341164e1a9
2026.2 beta11	modified	user_docs/ja/changes.xliff	c6847f6770c2b5b5812a4a8c2685fd6fbd34fb07	c633b035d4462fed719427d8344b3d7cca0b8100
2026.2 beta11	modified	user_docs/ko/changes.xliff	9d8962c944dc38a0b5647675b3900d919a79dd20	91053aca8f613ab31d18913e698b2ea186671b52
2026.2 beta11	modified	user_docs/ko/userGuide.xliff	ef76965caf9e4905ff10641e7ed83730b15bfbd2	b3c43d0aeb1c822c23f2f5d4ad51de67d288b2a7
2026.2 beta11	modified	user_docs/nl/userGuide.xliff	62186700ec4b695dfedd2810e753390aa615866d	0942e29f38c6ca7a3130561a626a984965433726
2026.2 beta11	modified	user_docs/pl/changes.xliff	1502a051a0739314c416cea89faf865457d3eaf2	cfea7d336985caf04b3ade8a34fb0fc01667a2d4
2026.2 beta11	modified	user_docs/pl/userGuide.xliff	f93311498ce6773ddff0877cd4d092f5bd4e0757	e6a6e8da602f2e028577a6e704f38709af54c3bb
2026.2 beta11	modified	user_docs/pt_BR/changes.xliff	aa3ac62e0b801870451947c652bb0dd304b71826	c82ee8b459a095d3b16c8b052e4afdad51f4b0c2
2026.2 beta11	modified	user_docs/pt_PT/changes.xliff	1d46dbc438983848ff7a53249c20f108b547f0d1	4cde7d59cb319619a6f746b3ffa59fe05ae902fe
2026.2 beta11	modified	user_docs/ru/changes.xliff	96677b30ad521f15f6ecf3a6bd50d8434b007703	2577cf320c642f235d675ac8831f16bdd2acaa30
2026.2 beta11	modified	user_docs/sk/changes.xliff	0aa9fe1b33ad21691451cbee5f0a1c18c1ab947d	d368e3c4db8142a84f157ad9e82b4ecc115db862
2026.2 beta11	modified	user_docs/sr/changes.xliff	88fc6a4c1d0f7d8e02179cc9096a9cd1cd61fc1d	89f6575f6e2a4d65fc8f40d7911ff4cb725df979
2026.2 beta11	modified	user_docs/sr/userGuide.xliff	efc9592db2c0b9861d4f6de8b96a7ebbe81f874e	8d443c90a91eeba7e74604de0408c27127993752
2026.2 beta11	modified	user_docs/tr/changes.xliff	c86c9ba86208a7a40e1fdb08b3a7410fd120310f	9fbbb42dcf5c0d258bcfbaeb4578455ceece6ea4
2026.2 beta11	modified	user_docs/tr/userGuide.xliff	6f3ceb1b92a46ae364ddae86f19fef7992c776d9	0dab2939aa433049e4e5ab0efc5b7acdcbd624e5
2026.2 beta11	modified	user_docs/uk/changes.xliff	05cb87ef90307220b3d074d0a790ef2fc40d5bee	a0979a40fc8213a2a8f147fe0a15b7b259f9103c
2026.2 beta11	modified	user_docs/zh_CN/userGuide.xliff	63a0701212775d250f913c41d5e3c628dae01068	1ff8682fbd5150902cd04caa6ca8aff8ca996a05
2026.2 beta11	modified	user_docs/zh_TW/changes.xliff	4556b0bc35ce1525f829c06502504e01975e20b2	f3f67ca223700224515aa63599459365c4104c5f
2026.2 rc1	modified	.github/workflows/add-new-language.yml	a22ea4814966fb31617bfdd108edaf39400c0bd9	48523ce5e389cc2a0fb895625636bb5b5d3fca1c
2026.2 rc1	modified	.github/workflows/clearCaches.yml	039c28961eb0b36441547ca67aed3de2d26aedfd	a391d793cd868a02b87ba730ac8afeae9dd39433
2026.2 rc1	modified	.github/workflows/fetch-crowdin-translations.yml	13a3d8e48ab5b54deebc2c298e66f5dfc098dd2a	a11f2fe2d0aedf25b21b22606d937bb10e6855b0
2026.2 rc1	modified	.github/workflows/testAndPublish.yml	05ff1807cfc292da383908c643c7810d9c83bd47	67d418b43bd6618fa089ce8ae6bac4afdc3e233a
2026.2 rc1	modified	.python-versions	05c2197512e8084559661bdda4b0426de8f9e0b0	c799318b8e175472df83757d8e95702f365a780a
2026.2 rc1	modified	ci/scripts/setBuildVersionVars.ps1	c6452b84902b14d0347cccfafd7588349085f13d	f4e3fead863b8380fd0e6bb73848ef42878805ef
2026.2 rc1	modified	include/liblouis	2e775aca674cd2910e272eed7736acceb4c2e4a2	2aa5f84b14de17bcfe8317862d11f6bd7d640e55
2026.2 rc1	modified	projectDocs/dev/createDevEnvironment.md	419f226fd3b6ebf332146fed850209804793645f	0535a329c11adb148a4ada832fd8ca7adc55cb5a
2026.2 rc1	modified	projectDocs/dev/developerGuide/developerGuide.md	f6c5f96c98de86ca36c21bf3b33d45ded4fc7316	5024f63cfc51b120f60ea6c8db2f1bd3e5e0acd4
2026.2 rc1	only-evolution	projectDocs/dev/futureRcValidation.md	96f4b06ddcc925049e3fa9dae07565de936349a9	-
2026.2 rc1	modified	runtime-builders/synthDriverHost32/.python-version	1f155dedb475f21cdeb94e30fd2db8ec550d96a6	fe6f212a49359f24bd0799d377528f38f3bcab23
2026.2 rc1	modified	runtime-builders/synthDriverHost32/setup-runtime.py	2cee396cf30d90e81b64ae213e206d9b7d05929f	d74991bc57ec2d7ec912817dc190a8d08cc8a735
2026.2 rc1	modified	source/NVDAObjects/IAccessible/__init__.py	c7abfaf97861cd108b866dc507f79b150f5ec464	5e6e77d4ff7d74c93196b749007b78c86157cd76
2026.2 rc1	modified	source/NVDAObjects/UIA/__init__.py	6017dba29983278f75e11f253be99426ce24906b	fdf3c773447072d8d0a9b7090a7ff319d61fde84
2026.2 rc1	modified	source/NVDAObjects/UIA/winConsoleUIA.py	10c19afd2b7e78c1d615910a7b2215fdddefb4e4	dd4aec30cf2ddf4dac7dc974095ff02239088812
2026.2 rc1	modified	source/addonAPIVersion.py	0657b0194026f83e721cf4380b761714ee8a9709	b300dc889c8e873534539e59757ea97d4c622b66
2026.2 rc1	modified	source/addonHandler/__init__.py	b241973917c0cd72e9a8bd496eb152af17c41969	87cdcc7f7c957c3d98706c4b1c25e9a9dbb1feca
2026.2 rc1	modified	source/braille.py	5ccdface171624e98e1a0950876f23fa6f556172	98d36f7eaf78008097385f7d6a1c5e2fe0fef654
2026.2 rc1	modified	source/brailleTables/__tables.py	84d50f742a7ed7055ee77ec7f531a1d753c2c5ee	2f93a9715b777d2786128e46c015cc8622f7df84
2026.2 rc1	modified	source/buildVersion.py	e0e9af5909cb96bd5bba2bdd6d615ac2af52f1ee	509fa403128bd6d105c508bf11e15184e51768b6
2026.2 rc1	modified	source/extensionPoints/__init__.py	54908b611de27e5618d917eb9b80c280151a1195	873847835057931c1ac1e4bf0a84a87b39ed96f8
2026.2 rc1	modified	source/extensionPoints/util.py	5b6f9b3b20160a63725dfb96a2d54080c8ecf8fc	c09226d8b43be4d58aff54a480fec6ba940519c5
2026.2 rc1	modified	source/gui/message.py	6f12aeb7105ce2dc2bbaf9bbdf8e6588624d1425	3c3e58470dc7ed479e2f491b660031fad6c2ad03
2026.2 rc1	modified	source/gui/speechDict.py	5a46cf7d4b8ef520c8d712e3d2179d9ba5f0b432	37992cb9fa5616f03af2b6c2d3a4d4c017c680e9
2026.2 rc1	modified	source/hwIo/base.py	d95005969a95c09f015d29451bf1e8c214eebf00	0a34b27e42f4632fd5412c299c0cc01001b12f39
2026.2 rc1	modified	source/languageHandler.py	54de6ddb79dc36b64da7910a757911b111e77682	656028ebe62fc08111e729b20e09d6e4aeefe4df
2026.2 rc1	modified	source/locale/af_ZA/LC_MESSAGES/nvda.po	af7f998003367de04aeffc195ca5efe86613e4e3	745fe954415e29fe58b230b20b3695ce75c5f684
2026.2 rc1	modified	source/locale/am/LC_MESSAGES/nvda.po	ead2db7b17719d5e011d0b48312aa402aa0b60a5	8ff7405d970820a3e280413fb9a503c488190e18
2026.2 rc1	modified	source/locale/an/LC_MESSAGES/nvda.po	13a938bda9965f18804f709aa47d54bf854e1eb6	f86682fc2688c08ce0d378c535642e6cb49c2dcb
2026.2 rc1	modified	source/locale/ar/LC_MESSAGES/nvda.po	7d8ebfce7c618c373ca385fabbcf55cb81daf818	7f145e39db256b0298a5e9dee8509f876acec570
2026.2 rc1	modified	source/locale/bg/LC_MESSAGES/nvda.po	9011d1de155343d73d1dae278a55376df274f7b7	e50c81b93849f17058f1f427acbee17c68ac2918
2026.2 rc1	modified	source/locale/bs/LC_MESSAGES/nvda.po	d7d20d6f6b70a5e883b60167177855306220fe99	8900dcf1b384e3be8ffefbc55e882cea2dc36719
2026.2 rc1	modified	source/locale/ca/LC_MESSAGES/nvda.po	3d0fa70b2e79f2fd1389f6b3c322cc639da239e6	143a1d2074b47e0f9553b5f714b21016dd893896
2026.2 rc1	modified	source/locale/ckb/LC_MESSAGES/nvda.po	4262c351cd44a5db5a1ce88ef50a5d130b70799f	a88d4b133d8b55ee5ea34d69eddc40358f4da599
2026.2 rc1	modified	source/locale/cs/LC_MESSAGES/nvda.po	1bcdb8ff8e44863f964b643af06ed0db1850438a	02cf13affaf13dec1adbaf8079fd3ecee29e6e68
2026.2 rc1	modified	source/locale/da/LC_MESSAGES/nvda.po	ebbee18e0977139da7736475f135faf79beb77ce	5e2324a9079277d3713ca98c522f32682006d1ae
2026.2 rc1	modified	source/locale/de/LC_MESSAGES/nvda.po	9eb0584281290295f87f415a066ba2395fef998c	016f01fde602c4c0150d5f5870ca74fa329db913
2026.2 rc1	modified	source/locale/de_CH/LC_MESSAGES/nvda.po	103b90b377a74d62f6829f51ed068c4b5a5e1459	ec6d61973d4b2a0b445097dc5de82632bbd70321
2026.2 rc1	modified	source/locale/el/LC_MESSAGES/nvda.po	d42a2e1659cb2b8e0070b87e296c4ccf6e1c7082	3835dfcbc2d3d87af90673701affedfad58d31c6
2026.2 rc1	modified	source/locale/es/LC_MESSAGES/nvda.po	e4b3b76dece46689e1a1c4a31a775cf62445dbda	c4ea84dbec821c4a6c65dce4096bd2090b200ada
2026.2 rc1	modified	source/locale/es_CO/LC_MESSAGES/nvda.po	9ef8b05cc7d8712c8ce2fdbaa5bef70c3486b1aa	0672f4def41bd7a015e38f42e27b86ddac9b4f05
2026.2 rc1	modified	source/locale/fa/LC_MESSAGES/nvda.po	dfafdb13c240f5c5c4c5a083c45e68cb769ba554	2ec9cbe2917d200af4afb13fdcae2121d6ec3231
2026.2 rc1	modified	source/locale/fi/LC_MESSAGES/nvda.po	1c3d34669c15fdbf041d3de08796b4fca7a4d36b	7e9396d482615b789328318252517a5af7f3853b
2026.2 rc1	modified	source/locale/fr/LC_MESSAGES/nvda.po	ac4ab93de46594e3a4746a3aac4aa4fdb9f04037	8404ff074fd4daed73cf2257f63426ac8396a0d9
2026.2 rc1	modified	source/locale/gl/LC_MESSAGES/nvda.po	743e92cf4b20c51a9edbb01539190b10a47aae88	8d331fa5e2e53b5d40c0d8c3c1713c9f56fa3332
2026.2 rc1	modified	source/locale/he/LC_MESSAGES/nvda.po	c73e0dafbb98b1086560df593b2d43b82a56b4ca	9f63c9f108bde02826ac2eadd69716dff2ee16d0
2026.2 rc1	modified	source/locale/hi/LC_MESSAGES/nvda.po	adc7c3ad8c5824638ed1123d575f72cf9d9dc8f5	3183ddc89c0cb64fbcf140974a01197c6cb14d3e
2026.2 rc1	modified	source/locale/hr/LC_MESSAGES/nvda.po	a52f495a9c779196a9974e13f9bf19375eeff2e2	78542681ec27994f2ba6ecc76ba1116ac060228f
2026.2 rc1	modified	source/locale/hu/LC_MESSAGES/nvda.po	8abfc8a0e3318d5b400a5ef79d6b3098c9e718dc	b87f1707c28c829c424d9f747e7fe388584b7d2c
2026.2 rc1	modified	source/locale/id/LC_MESSAGES/nvda.po	7572c5fc639a324b2b941f09c319888c5490b80c	3dc0befe146c1d008d1fbc997e8b2a0b6ca2fd0e
2026.2 rc1	modified	source/locale/is/LC_MESSAGES/nvda.po	e389c3707270ea2cded029b170902cc669a38a0c	509191a3ec7957bb708c2c0677d863b99c08dcda
2026.2 rc1	modified	source/locale/it/LC_MESSAGES/nvda.po	de34af16b727363a2cc974f33f066d7896f49d05	f9ed37afd353115c1fd7113a0628f7ef819c2278
2026.2 rc1	modified	source/locale/ja/LC_MESSAGES/nvda.po	39e5b00fc563123a8556f1b8f1d1c0192417ea3b	d3b54789e6d22e3c19267f1a886e60c2c19b998f
2026.2 rc1	modified	source/locale/ka/LC_MESSAGES/nvda.po	3678bcbd992310498939ce4bdb7696b20edb6b2d	dd7291f694c8a80c94defcd9c95ce400ce1dab60
2026.2 rc1	modified	source/locale/km/LC_MESSAGES/nvda.po	2c7f1d4df9d73685955e37bb62504715010c67ba	56d1b7d2918ee4c1d3512d27cdeeca86c2f9e631
2026.2 rc1	modified	source/locale/kn/LC_MESSAGES/nvda.po	b46fae59db8f98cb4ff6b6e9188f260bcf42bab3	03becf96d6217b1c64e51f86df635efe99ad7094
2026.2 rc1	modified	source/locale/ko/LC_MESSAGES/nvda.po	338f4d067186ba13fd70ce3c0277eee7e18a7e98	fe759afb6b177f30554b4594d39d85272afbdee7
2026.2 rc1	modified	source/locale/ky/LC_MESSAGES/nvda.po	8a5a78da1bd39d567ba05892382ec91f639dd73f	a72e20fa00b45dfb6928d0c8a84510216419ab37
2026.2 rc1	modified	source/locale/lt/LC_MESSAGES/nvda.po	fb75113de810357292645ad62d60e46b03e405ce	aed8101639b104fff0fc6b23e6c56056013fd0ea
2026.2 rc1	modified	source/locale/mk/LC_MESSAGES/nvda.po	21dcf2b100334e13d060c63cab420be324cb9b66	9f8ac695139153bdce2a35b51d6ecccbb2d5e0e0
2026.2 rc1	modified	source/locale/mn/LC_MESSAGES/nvda.po	8dab788c59592e0e8221e139d50683df2a03499f	d9c71031ee555eb424727de7eb86f545cccce127
2026.2 rc1	modified	source/locale/my/LC_MESSAGES/nvda.po	b50bd147f6680e57715c9de8f3366c94170b4b56	02d527c7a43e4c860dbf1350396f40e6c03d4b94
2026.2 rc1	modified	source/locale/ne/LC_MESSAGES/nvda.po	76729a2d508a1c793ebf26efbe3c4292e1a0ef16	5ec2b4f31121fd605f75ffe629c32e06688547ed
2026.2 rc1	modified	source/locale/nl/LC_MESSAGES/nvda.po	dba6dadb823eec8d22b8e29f438d9107039cdefa	f0106a334ecc2e47e550c1b467deeb15dd0d26aa
2026.2 rc1	modified	source/locale/nn_NO/LC_MESSAGES/nvda.po	eed71905a19b46814a6fdedbf2f306f54e0d73bc	7f4a87f178aa4f9ab1af23e32d49d8100c706d49
2026.2 rc1	modified	source/locale/pa/LC_MESSAGES/nvda.po	7f85180e1da74786a121424d77ca37346e8c343b	889c83e35032c6e95fc02ee8752cebfeac5426a7
2026.2 rc1	modified	source/locale/pl/LC_MESSAGES/nvda.po	34658f642b17b78d64c08781aa4e87f58c6491b9	26136068ddb270e0fda0ff6eec3325db65a34113
2026.2 rc1	modified	source/locale/pt_BR/LC_MESSAGES/nvda.po	37bc0143bb7b8e8e8e982c4e4a0bc9a7d45b7371	f7af09daf49d9f22c4015ebde4b43187627290f2
2026.2 rc1	modified	source/locale/pt_PT/LC_MESSAGES/nvda.po	913e2f11fd11bf4c2cbf3e221a52ec272973fdb4	fe1ff25524803c226337a98ef52d2d5a79906c7b
2026.2 rc1	modified	source/locale/ro/LC_MESSAGES/nvda.po	6aeab8597db66ed228a79faf82ecf5d2b1b257cb	844962bbcad3d558cacb6b8d46a49ee6ce25495c
2026.2 rc1	modified	source/locale/ru/LC_MESSAGES/nvda.po	49e8f93ff33b754b14a5b77d4aae27e02c57e24a	ab51a531b818952d2602e5136f7a2371abd736ae
2026.2 rc1	modified	source/locale/sk/LC_MESSAGES/nvda.po	d5ab4a62baaed9342c8965428c671256a5cfa6e2	894c14c374257d885bb2108bed7500d3bcec608b
2026.2 rc1	modified	source/locale/sl/LC_MESSAGES/nvda.po	2743715f5f781eca9feb26d37fcfcdb7cface36b	a60a403dd5ae2451ab0d8b5b9f1c80c14f6ee4f0
2026.2 rc1	modified	source/locale/so/LC_MESSAGES/nvda.po	5ae6ff91ef076a5c9ec3bac6b3baa3b66e48962e	07fe6b5ecc65b253506c1ac1b6f595e2ae88e1b5
2026.2 rc1	modified	source/locale/sq/LC_MESSAGES/NVDA.po	b76e3c2f7e481718d93cf6b31c40ca18014c7cea	12701817ae45e305f2f1b20e2cf5d8a69aaa2f4f
2026.2 rc1	modified	source/locale/sr/LC_MESSAGES/nvda.po	2c3991913c7f471c7de945634acbf60c02928410	cc6596a52660650ef3cfe50ee73bbec78a7e1bbd
2026.2 rc1	modified	source/locale/sv/LC_MESSAGES/nvda.po	a9541d84d813e86e738eefbe261994348fb71ca3	3f2b9b6206b1cd27d8e2c8d5d61c1d0bd5bc0b77
2026.2 rc1	modified	source/locale/ta/LC_MESSAGES/nvda.po	55eea6cf17576d77b9f9a5ab6f07a73b75e3d0f3	bcacb4b1bf77c15729a21e7b07a5c8e4efdb409b
2026.2 rc1	modified	source/locale/th/LC_MESSAGES/nvda.po	6401344a500a5521fdc7a9d5c901cc51cc56ff13	9eee789fd2e686e0112c928e9da311ad90a6677c
2026.2 rc1	modified	source/locale/tr/LC_MESSAGES/nvda.po	8fcabce202e6920fc6d651f22f96100037683b1e	9f7ff576a940022b39f8c71664b2f55f26be92ce
2026.2 rc1	modified	source/locale/uk/LC_MESSAGES/nvda.po	905ffc501c9592ed6fe24f2724af4f785303547b	95f0391eb802e627d424f082e43f42670bf0450a
2026.2 rc1	modified	source/locale/ur/LC_MESSAGES/nvda.po	e3c42a797322017cb47283534540a273c4e50733	c12b4f620a78982ea37d6051246dc049ed3ab210
2026.2 rc1	modified	source/locale/vi/LC_MESSAGES/nvda.po	6e6f287e2256bdfe4b3f8bf4ac409c16a4d1d0f8	1dc943a43e90201b7aa01394e40c4d316b99acaf
2026.2 rc1	modified	source/locale/zh_CN/LC_MESSAGES/nvda.po	2535075050ebfdccc88db6b51c787b37d5308b00	5c826815b9b909e4e2c34623395172c1a77e863c
2026.2 rc1	modified	source/locale/zh_HK/LC_MESSAGES/nvda.po	e6ebae4031c726b6ae9cc9d0831620203858e764	5626c447a874a302627e8150b471c21b5cd6e701
2026.2 rc1	modified	source/locale/zh_TW/LC_MESSAGES/nvda.po	0704db61d48d3078cf3761e3af8163569ae713f7	d463af66be01dcc63250267fe77fcd4af917bbd5
2026.2 rc1	modified	source/locationHelper.py	9fe381e55ccbecda86f8599eb485fbe68cffa391	2beef1ef1ef0e03943fee8bea7cb6f77ecfcc355
2026.2 rc1	modified	source/remotePythonConsole.py	6c66ed564212238aea9af920b111f45444fdb63c	719e812ba8ae0d5d834b2290707b17a4b6e31b87
2026.2 rc1	modified	source/speechDictHandler/definitions.py	ed3bdd836c911fc7001e38063a241538909f9bad	31c5dfe4413497a041f198d3063a4e8bac81438f
2026.2 rc1	modified	source/utils/security.py	90feedb092859b7decb2fd126c07ab1f512b4c82	b0c9acf1f8fc478a1101369336b4584346d7a389
2026.2 rc1	modified	source/winBindings/user32.py	ea4a9773e93193525c96331d1b6c86b9611ee1b2	704c218839670f473e3f6081cbe6a82e1e1bba7b
2026.2 rc1	modified	source/windowUtils.py	abbd37b230d3cdb8d8cbb97ee0a8a036c98efc91	59f5cd5ef1802eb6291ae485d8eedb3df5281909
2026.2 rc1	modified	tests/system/libraries/ChromeLib.py	a8ffe8d66ec8934ae8c0c9abc63c1132ed98e5b7	fc52c59223d4b61ee1fef40b2fb5e2ad4d0c79a3
2026.2 rc1	modified	tests/system/libraries/NotepadLib.py	b79dd0e30bc731837012ec400a5e37682a0d7072	6808865e506d3fa316ea1772557dfc150ee8a14e
2026.2 rc1	modified	tests/system/libraries/NvdaLib.py	c86aa2bfb7d62eb1fcd397b72b281e43bffe09ed	7bae843c760b3c0c36bb168db4a293259f2ea7b1
2026.2 rc1	only-evolution	tests/unit/test_NVDAObjects_UIA.py	4422b4fbc1bb95704e4daba8a866717cfbfd5560	-
2026.2 rc1	only-evolution	tests/unit/test_addonHandler/test_addonImports.py	94da9840c13e56273ae21a4d190967b6e53150a5	-
2026.2 rc1	modified	tests/unit/test_addonVersionCheck.py	cb7dd7cbcbcd13a929237b6ef0d74bac5dc25336	862e7d3731ba62d848bf13ba5de72b7587da1fb4
2026.2 rc1	only-evolution	tests/unit/test_braille/test_secureDesktop.py	76853a0c22d362d94c205012b706243c35128d3f	-
2026.2 rc1	modified	tests/unit/test_extensionPoints.py	9c13c9e90dbfe3d90e12d89caae99988eae2ce95	97842056ccb92c36041ebf6e1fb63868668793a0
2026.2 rc1	modified	tests/unit/test_hwIo.py	dc9fb19cfb76a3fca78aa912e27707be8c92c280	45b6714bed5fa9e91bbb46c361baf2c113c6770d
2026.2 rc1	modified	tests/unit/test_languageHandler.py	e503f702418be67702433be1574384bb705b6862	d4f0220871fb7e98462c43aa698d35a510188374
2026.2 rc1	modified	tests/unit/test_locationHelper.py	a08e8e8ac4c6dec3a01ba214b21efaf5693facd1	3f526c1c3fe064c5b085ae975f60ec1b7793ee70
2026.2 rc1	modified	tests/unit/test_messageDialog.py	a1fbf00737b8938e0682d39ed65d581763b5cfcc	f24492a788253f57320fa87692e1e14c0f3bb34c
2026.2 rc1	only-evolution	tests/unit/test_remotePythonConsole.py	5f311ea90ae2d1e4680067d80d43f6f10c74649e	-
2026.2 rc1	modified	tests/unit/test_util/test_security.py	94b86ad0beaecaa7a310805e3116e1db831244fb	7830b295ee4c8901568f5b306cd12ae4c3c1ec98
2026.2 rc1	only-evolution	tests/unit/test_winConsoleUIA.py	c2d53eaf32d33913dacb2f12608c03f161421748	-
2026.2 rc1	modified	user_docs/en/changes.md	c05d7ce042473b77d40799238c77e6504d583c80	66e8e7b43639d2d1501639020497f2d0ef7cd51e
2026.2 rc1	modified	user_docs/fr/userGuide.xliff	b385aaefa1f3ae6fc3d824053d668ecb9b4c702c	b91a6a1dd7045298a33b04b18ddbc2feb277a409
2026.2 rc1	modified	user_docs/pt_BR/changes.xliff	aa3ac62e0b801870451947c652bb0dd304b71826	248831568b262da400bee17bf12a93e91479fc8d
2026.2 rc1	modified	user_docs/sr/changes.xliff	88fc6a4c1d0f7d8e02179cc9096a9cd1cd61fc1d	e727da0dddbef44bb4f108c4b24465fa9c299161
2026.2 rc1	modified	user_docs/sr/userGuide.xliff	efc9592db2c0b9861d4f6de8b96a7ebbe81f874e	d34891a613aea56b33754e02c34c139067893243
2026.2 rc2	modified	.github/workflows/add-new-language.yml	a22ea4814966fb31617bfdd108edaf39400c0bd9	48523ce5e389cc2a0fb895625636bb5b5d3fca1c
2026.2 rc2	modified	.github/workflows/clearCaches.yml	039c28961eb0b36441547ca67aed3de2d26aedfd	a391d793cd868a02b87ba730ac8afeae9dd39433
2026.2 rc2	modified	.github/workflows/fetch-crowdin-translations.yml	13a3d8e48ab5b54deebc2c298e66f5dfc098dd2a	a11f2fe2d0aedf25b21b22606d937bb10e6855b0
2026.2 rc2	modified	.github/workflows/testAndPublish.yml	05ff1807cfc292da383908c643c7810d9c83bd47	67d418b43bd6618fa089ce8ae6bac4afdc3e233a
2026.2 rc2	modified	.python-versions	05c2197512e8084559661bdda4b0426de8f9e0b0	c799318b8e175472df83757d8e95702f365a780a
2026.2 rc2	modified	ci/scripts/setBuildVersionVars.ps1	c6452b84902b14d0347cccfafd7588349085f13d	f4e3fead863b8380fd0e6bb73848ef42878805ef
2026.2 rc2	modified	include/liblouis	2e775aca674cd2910e272eed7736acceb4c2e4a2	2aa5f84b14de17bcfe8317862d11f6bd7d640e55
2026.2 rc2	modified	projectDocs/dev/createDevEnvironment.md	419f226fd3b6ebf332146fed850209804793645f	0535a329c11adb148a4ada832fd8ca7adc55cb5a
2026.2 rc2	modified	projectDocs/dev/developerGuide/developerGuide.md	f6c5f96c98de86ca36c21bf3b33d45ded4fc7316	5024f63cfc51b120f60ea6c8db2f1bd3e5e0acd4
2026.2 rc2	only-evolution	projectDocs/dev/futureRcValidation.md	96f4b06ddcc925049e3fa9dae07565de936349a9	-
2026.2 rc2	modified	runtime-builders/synthDriverHost32/.python-version	1f155dedb475f21cdeb94e30fd2db8ec550d96a6	fe6f212a49359f24bd0799d377528f38f3bcab23
2026.2 rc2	modified	runtime-builders/synthDriverHost32/setup-runtime.py	2cee396cf30d90e81b64ae213e206d9b7d05929f	d74991bc57ec2d7ec912817dc190a8d08cc8a735
2026.2 rc2	modified	source/NVDAObjects/IAccessible/__init__.py	c7abfaf97861cd108b866dc507f79b150f5ec464	5e6e77d4ff7d74c93196b749007b78c86157cd76
2026.2 rc2	modified	source/NVDAObjects/UIA/__init__.py	6017dba29983278f75e11f253be99426ce24906b	fdf3c773447072d8d0a9b7090a7ff319d61fde84
2026.2 rc2	modified	source/NVDAObjects/UIA/winConsoleUIA.py	10c19afd2b7e78c1d615910a7b2215fdddefb4e4	dd4aec30cf2ddf4dac7dc974095ff02239088812
2026.2 rc2	modified	source/addonAPIVersion.py	0657b0194026f83e721cf4380b761714ee8a9709	b300dc889c8e873534539e59757ea97d4c622b66
2026.2 rc2	modified	source/addonHandler/__init__.py	b241973917c0cd72e9a8bd496eb152af17c41969	87cdcc7f7c957c3d98706c4b1c25e9a9dbb1feca
2026.2 rc2	modified	source/braille.py	5ccdface171624e98e1a0950876f23fa6f556172	98d36f7eaf78008097385f7d6a1c5e2fe0fef654
2026.2 rc2	modified	source/brailleTables/__tables.py	84d50f742a7ed7055ee77ec7f531a1d753c2c5ee	2f93a9715b777d2786128e46c015cc8622f7df84
2026.2 rc2	modified	source/buildVersion.py	e0e9af5909cb96bd5bba2bdd6d615ac2af52f1ee	509fa403128bd6d105c508bf11e15184e51768b6
2026.2 rc2	modified	source/extensionPoints/__init__.py	54908b611de27e5618d917eb9b80c280151a1195	873847835057931c1ac1e4bf0a84a87b39ed96f8
2026.2 rc2	modified	source/extensionPoints/util.py	5b6f9b3b20160a63725dfb96a2d54080c8ecf8fc	c09226d8b43be4d58aff54a480fec6ba940519c5
2026.2 rc2	modified	source/gui/message.py	6f12aeb7105ce2dc2bbaf9bbdf8e6588624d1425	3c3e58470dc7ed479e2f491b660031fad6c2ad03
2026.2 rc2	modified	source/gui/speechDict.py	5a46cf7d4b8ef520c8d712e3d2179d9ba5f0b432	37992cb9fa5616f03af2b6c2d3a4d4c017c680e9
2026.2 rc2	modified	source/hwIo/base.py	d95005969a95c09f015d29451bf1e8c214eebf00	0a34b27e42f4632fd5412c299c0cc01001b12f39
2026.2 rc2	modified	source/languageHandler.py	54de6ddb79dc36b64da7910a757911b111e77682	656028ebe62fc08111e729b20e09d6e4aeefe4df
2026.2 rc2	modified	source/locationHelper.py	9fe381e55ccbecda86f8599eb485fbe68cffa391	2beef1ef1ef0e03943fee8bea7cb6f77ecfcc355
2026.2 rc2	modified	source/remotePythonConsole.py	6c66ed564212238aea9af920b111f45444fdb63c	719e812ba8ae0d5d834b2290707b17a4b6e31b87
2026.2 rc2	modified	source/speechDictHandler/definitions.py	ed3bdd836c911fc7001e38063a241538909f9bad	31c5dfe4413497a041f198d3063a4e8bac81438f
2026.2 rc2	modified	source/utils/security.py	90feedb092859b7decb2fd126c07ab1f512b4c82	b0c9acf1f8fc478a1101369336b4584346d7a389
2026.2 rc2	modified	source/winBindings/user32.py	ea4a9773e93193525c96331d1b6c86b9611ee1b2	704c218839670f473e3f6081cbe6a82e1e1bba7b
2026.2 rc2	modified	source/windowUtils.py	abbd37b230d3cdb8d8cbb97ee0a8a036c98efc91	59f5cd5ef1802eb6291ae485d8eedb3df5281909
2026.2 rc2	modified	tests/system/libraries/ChromeLib.py	a8ffe8d66ec8934ae8c0c9abc63c1132ed98e5b7	fc52c59223d4b61ee1fef40b2fb5e2ad4d0c79a3
2026.2 rc2	modified	tests/system/libraries/NotepadLib.py	b79dd0e30bc731837012ec400a5e37682a0d7072	6808865e506d3fa316ea1772557dfc150ee8a14e
2026.2 rc2	modified	tests/system/libraries/NvdaLib.py	c86aa2bfb7d62eb1fcd397b72b281e43bffe09ed	7bae843c760b3c0c36bb168db4a293259f2ea7b1
2026.2 rc2	only-evolution	tests/unit/test_NVDAObjects_UIA.py	4422b4fbc1bb95704e4daba8a866717cfbfd5560	-
2026.2 rc2	only-evolution	tests/unit/test_addonHandler/test_addonImports.py	94da9840c13e56273ae21a4d190967b6e53150a5	-
2026.2 rc2	modified	tests/unit/test_addonVersionCheck.py	cb7dd7cbcbcd13a929237b6ef0d74bac5dc25336	862e7d3731ba62d848bf13ba5de72b7587da1fb4
2026.2 rc2	only-evolution	tests/unit/test_braille/test_secureDesktop.py	76853a0c22d362d94c205012b706243c35128d3f	-
2026.2 rc2	modified	tests/unit/test_extensionPoints.py	9c13c9e90dbfe3d90e12d89caae99988eae2ce95	97842056ccb92c36041ebf6e1fb63868668793a0
2026.2 rc2	modified	tests/unit/test_hwIo.py	dc9fb19cfb76a3fca78aa912e27707be8c92c280	45b6714bed5fa9e91bbb46c361baf2c113c6770d
2026.2 rc2	modified	tests/unit/test_languageHandler.py	e503f702418be67702433be1574384bb705b6862	d4f0220871fb7e98462c43aa698d35a510188374
2026.2 rc2	modified	tests/unit/test_locationHelper.py	a08e8e8ac4c6dec3a01ba214b21efaf5693facd1	3f526c1c3fe064c5b085ae975f60ec1b7793ee70
2026.2 rc2	modified	tests/unit/test_messageDialog.py	a1fbf00737b8938e0682d39ed65d581763b5cfcc	f24492a788253f57320fa87692e1e14c0f3bb34c
2026.2 rc2	only-evolution	tests/unit/test_remotePythonConsole.py	5f311ea90ae2d1e4680067d80d43f6f10c74649e	-
2026.2 rc2	modified	tests/unit/test_util/test_security.py	94b86ad0beaecaa7a310805e3116e1db831244fb	7830b295ee4c8901568f5b306cd12ae4c3c1ec98
2026.2 rc2	only-evolution	tests/unit/test_winConsoleUIA.py	c2d53eaf32d33913dacb2f12608c03f161421748	-
2026.2 rc2	modified	user_docs/en/changes.md	c05d7ce042473b77d40799238c77e6504d583c80	66e8e7b43639d2d1501639020497f2d0ef7cd51e
2026.2 final	modified	.github/workflows/add-new-language.yml	a22ea4814966fb31617bfdd108edaf39400c0bd9	48523ce5e389cc2a0fb895625636bb5b5d3fca1c
2026.2 final	modified	.github/workflows/clearCaches.yml	039c28961eb0b36441547ca67aed3de2d26aedfd	a391d793cd868a02b87ba730ac8afeae9dd39433
2026.2 final	modified	.github/workflows/fetch-crowdin-translations.yml	13a3d8e48ab5b54deebc2c298e66f5dfc098dd2a	a11f2fe2d0aedf25b21b22606d937bb10e6855b0
2026.2 final	modified	.github/workflows/testAndPublish.yml	05ff1807cfc292da383908c643c7810d9c83bd47	67d418b43bd6618fa089ce8ae6bac4afdc3e233a
2026.2 final	modified	.python-versions	05c2197512e8084559661bdda4b0426de8f9e0b0	c799318b8e175472df83757d8e95702f365a780a
2026.2 final	modified	ci/scripts/setBuildVersionVars.ps1	c6452b84902b14d0347cccfafd7588349085f13d	f4e3fead863b8380fd0e6bb73848ef42878805ef
2026.2 final	modified	include/liblouis	2e775aca674cd2910e272eed7736acceb4c2e4a2	2aa5f84b14de17bcfe8317862d11f6bd7d640e55
2026.2 final	modified	projectDocs/dev/createDevEnvironment.md	419f226fd3b6ebf332146fed850209804793645f	0535a329c11adb148a4ada832fd8ca7adc55cb5a
2026.2 final	modified	projectDocs/dev/developerGuide/developerGuide.md	f6c5f96c98de86ca36c21bf3b33d45ded4fc7316	5024f63cfc51b120f60ea6c8db2f1bd3e5e0acd4
2026.2 final	only-evolution	projectDocs/dev/futureRcValidation.md	96f4b06ddcc925049e3fa9dae07565de936349a9	-
2026.2 final	modified	runtime-builders/synthDriverHost32/.python-version	1f155dedb475f21cdeb94e30fd2db8ec550d96a6	fe6f212a49359f24bd0799d377528f38f3bcab23
2026.2 final	modified	runtime-builders/synthDriverHost32/setup-runtime.py	2cee396cf30d90e81b64ae213e206d9b7d05929f	d74991bc57ec2d7ec912817dc190a8d08cc8a735
2026.2 final	modified	source/NVDAObjects/IAccessible/__init__.py	c7abfaf97861cd108b866dc507f79b150f5ec464	5e6e77d4ff7d74c93196b749007b78c86157cd76
2026.2 final	modified	source/NVDAObjects/UIA/__init__.py	6017dba29983278f75e11f253be99426ce24906b	fdf3c773447072d8d0a9b7090a7ff319d61fde84
2026.2 final	modified	source/NVDAObjects/UIA/winConsoleUIA.py	10c19afd2b7e78c1d615910a7b2215fdddefb4e4	dd4aec30cf2ddf4dac7dc974095ff02239088812
2026.2 final	modified	source/addonAPIVersion.py	0657b0194026f83e721cf4380b761714ee8a9709	b300dc889c8e873534539e59757ea97d4c622b66
2026.2 final	modified	source/addonHandler/__init__.py	b241973917c0cd72e9a8bd496eb152af17c41969	87cdcc7f7c957c3d98706c4b1c25e9a9dbb1feca
2026.2 final	modified	source/braille.py	5ccdface171624e98e1a0950876f23fa6f556172	98d36f7eaf78008097385f7d6a1c5e2fe0fef654
2026.2 final	modified	source/brailleTables/__tables.py	84d50f742a7ed7055ee77ec7f531a1d753c2c5ee	2f93a9715b777d2786128e46c015cc8622f7df84
2026.2 final	modified	source/buildVersion.py	e0e9af5909cb96bd5bba2bdd6d615ac2af52f1ee	509fa403128bd6d105c508bf11e15184e51768b6
2026.2 final	modified	source/extensionPoints/__init__.py	54908b611de27e5618d917eb9b80c280151a1195	873847835057931c1ac1e4bf0a84a87b39ed96f8
2026.2 final	modified	source/extensionPoints/util.py	5b6f9b3b20160a63725dfb96a2d54080c8ecf8fc	c09226d8b43be4d58aff54a480fec6ba940519c5
2026.2 final	modified	source/gui/message.py	6f12aeb7105ce2dc2bbaf9bbdf8e6588624d1425	3c3e58470dc7ed479e2f491b660031fad6c2ad03
2026.2 final	modified	source/gui/speechDict.py	5a46cf7d4b8ef520c8d712e3d2179d9ba5f0b432	37992cb9fa5616f03af2b6c2d3a4d4c017c680e9
2026.2 final	modified	source/hwIo/base.py	d95005969a95c09f015d29451bf1e8c214eebf00	0a34b27e42f4632fd5412c299c0cc01001b12f39
2026.2 final	modified	source/languageHandler.py	54de6ddb79dc36b64da7910a757911b111e77682	656028ebe62fc08111e729b20e09d6e4aeefe4df
2026.2 final	modified	source/locationHelper.py	9fe381e55ccbecda86f8599eb485fbe68cffa391	2beef1ef1ef0e03943fee8bea7cb6f77ecfcc355
2026.2 final	modified	source/remotePythonConsole.py	6c66ed564212238aea9af920b111f45444fdb63c	719e812ba8ae0d5d834b2290707b17a4b6e31b87
2026.2 final	modified	source/speechDictHandler/definitions.py	ed3bdd836c911fc7001e38063a241538909f9bad	31c5dfe4413497a041f198d3063a4e8bac81438f
2026.2 final	modified	source/utils/security.py	90feedb092859b7decb2fd126c07ab1f512b4c82	b0c9acf1f8fc478a1101369336b4584346d7a389
2026.2 final	modified	source/winBindings/user32.py	ea4a9773e93193525c96331d1b6c86b9611ee1b2	704c218839670f473e3f6081cbe6a82e1e1bba7b
2026.2 final	modified	source/windowUtils.py	abbd37b230d3cdb8d8cbb97ee0a8a036c98efc91	59f5cd5ef1802eb6291ae485d8eedb3df5281909
2026.2 final	modified	tests/system/libraries/ChromeLib.py	a8ffe8d66ec8934ae8c0c9abc63c1132ed98e5b7	fc52c59223d4b61ee1fef40b2fb5e2ad4d0c79a3
2026.2 final	modified	tests/system/libraries/NotepadLib.py	b79dd0e30bc731837012ec400a5e37682a0d7072	6808865e506d3fa316ea1772557dfc150ee8a14e
2026.2 final	modified	tests/system/libraries/NvdaLib.py	c86aa2bfb7d62eb1fcd397b72b281e43bffe09ed	7bae843c760b3c0c36bb168db4a293259f2ea7b1
2026.2 final	only-evolution	tests/unit/test_NVDAObjects_UIA.py	4422b4fbc1bb95704e4daba8a866717cfbfd5560	-
2026.2 final	only-evolution	tests/unit/test_addonHandler/test_addonImports.py	94da9840c13e56273ae21a4d190967b6e53150a5	-
2026.2 final	modified	tests/unit/test_addonVersionCheck.py	cb7dd7cbcbcd13a929237b6ef0d74bac5dc25336	862e7d3731ba62d848bf13ba5de72b7587da1fb4
2026.2 final	only-evolution	tests/unit/test_braille/test_secureDesktop.py	76853a0c22d362d94c205012b706243c35128d3f	-
2026.2 final	modified	tests/unit/test_extensionPoints.py	9c13c9e90dbfe3d90e12d89caae99988eae2ce95	97842056ccb92c36041ebf6e1fb63868668793a0
2026.2 final	modified	tests/unit/test_hwIo.py	dc9fb19cfb76a3fca78aa912e27707be8c92c280	45b6714bed5fa9e91bbb46c361baf2c113c6770d
2026.2 final	modified	tests/unit/test_languageHandler.py	e503f702418be67702433be1574384bb705b6862	d4f0220871fb7e98462c43aa698d35a510188374
2026.2 final	modified	tests/unit/test_locationHelper.py	a08e8e8ac4c6dec3a01ba214b21efaf5693facd1	3f526c1c3fe064c5b085ae975f60ec1b7793ee70
2026.2 final	modified	tests/unit/test_messageDialog.py	a1fbf00737b8938e0682d39ed65d581763b5cfcc	f24492a788253f57320fa87692e1e14c0f3bb34c
2026.2 final	only-evolution	tests/unit/test_remotePythonConsole.py	5f311ea90ae2d1e4680067d80d43f6f10c74649e	-
2026.2 final	modified	tests/unit/test_util/test_security.py	94b86ad0beaecaa7a310805e3116e1db831244fb	7830b295ee4c8901568f5b306cd12ae4c3c1ec98
2026.2 final	only-evolution	tests/unit/test_winConsoleUIA.py	c2d53eaf32d33913dacb2f12608c03f161421748	-
2026.2 final	modified	user_docs/en/changes.md	c05d7ce042473b77d40799238c77e6504d583c80	66e8e7b43639d2d1501639020497f2d0ef7cd51e
master (alpha/development 2027.1)	modified	.gitattributes	42076ebfce62b07e823ec5ecc7ff127266de085c	386b9e88c90100a4f60b926e5317bdad2f166214
master (alpha/development 2027.1)	modified	.github/CONTRIBUTING.md	8235e0ff353d83ea8ce465459446c43050ae546b	da845bd45a7a3d720e7bddd20987228c6032eb08
master (alpha/development 2027.1)	modified	.github/ISSUE_TEMPLATE/01-bug_report.yaml	db8e017ed8d217f3ffe821ef969c28e793624fe8	04e2cf390be854c28c7d77782166e315c3a62bdf
master (alpha/development 2027.1)	modified	.github/ISSUE_TEMPLATE/04-developer_facing_changes.yaml	6da80fadfbc9f0a36e664bb462d66d6e3b620833	52192367a197384ef3459cd4752da95983630dc0
master (alpha/development 2027.1)	modified	.github/ISSUE_TEMPLATE/05-addon_integration_request.yaml	04bba391649d4c78f13732c870471fbc2c4dfe10	be462763f1b0669e199e7c8277fde0c62147894d
master (alpha/development 2027.1)	modified	.github/PULL_REQUEST_TEMPLATE.md	34c142f1b8e49db152cdd408e97e5243a041936c	87177cec525b1752ff7d7c1e7697b1407281e217
master (alpha/development 2027.1)	modified	.github/workflows/add-new-language.yml	a22ea4814966fb31617bfdd108edaf39400c0bd9	f088ecfdbedc2c6e70fa3ba9fd3f5bc651db1d70
master (alpha/development 2027.1)	modified	.github/workflows/assign-milestone-on-close.yml	313dc6b1cedadd21d2f1d141fe1eb513fe0e9526	c52b302b6033de5deec0d91c300da05829ab1472
master (alpha/development 2027.1)	only-official	.github/workflows/autofix.yml	-	536df35961bbfdacef93b053230766b494df85e2
master (alpha/development 2027.1)	modified	.github/workflows/codeql.yml	3267ebef750c20b252e416e98feffcc4567b7ab3	6f3256c6599ce3023176d7ea2b8f839a401e7f07
master (alpha/development 2027.1)	only-official	.github/workflows/prekAutoUpdate.yml	-	098bd18ebc5b0d30826a593b89eb6ac95d13d37e
master (alpha/development 2027.1)	modified	.github/workflows/regenerate_english_userDocs_translation_source.yml	9887b35360ffa41f74309140dedaed32ed49b202	df32270936b491342ff5a0a83eb4b3a9deef6e76
master (alpha/development 2027.1)	modified	.github/workflows/testAndPublish.yml	05ff1807cfc292da383908c643c7810d9c83bd47	85190b07ef10878fd9fba2bb7b8945f960c36e51
master (alpha/development 2027.1)	modified	.gitignore	263e375fdfeaa9a2cca7d2038f16e402e3b2b28a	1981646f2beebb553499b012d81dff23f1c8bfdd
master (alpha/development 2027.1)	modified	.gitmodules	0fa0d910a9e796344f01d714b1b47e4419a71457	9791fec7baf7d6abaac0cf76e5cac0db329ff7ab
master (alpha/development 2027.1)	modified	.pre-commit-config.yaml	fdfe0118fb26a92fa7efb85688b1d0b227a4a3e7	c1c311963a0fb5cea2c506639e494c191d00a62f
master (alpha/development 2027.1)	modified	appx/sconscript	ab30388576a88f3d7c95453449c7cadbb27e30fd	f081abc07acb9a6224a4eba74ec10e379d6ab1c7
master (alpha/development 2027.1)	modified	ci/README.md	09f6b2e873bbe63862faa1b37044fb24e99cea72	183cbf1e0b4b17622467c74571a3c77b72349bfc
master (alpha/development 2027.1)	modified	ci/scripts/crowdinSync.py	0945099433de4e61f4cfe01b3dab1f2fb390375e	13dd434670919c2a1fc6f2ef058ead3430ecb560
master (alpha/development 2027.1)	modified	ci/scripts/mozillaSyms.py	763d254bf46e0698d1c1eda9582838476af8ed3a	49058eadf0190572229b33d5b91cf9771706d983
master (alpha/development 2027.1)	modified	ci/scripts/setBuildVersionVars.ps1	c6452b84902b14d0347cccfafd7588349085f13d	f4e3fead863b8380fd0e6bb73848ef42878805ef
master (alpha/development 2027.1)	modified	ci/scripts/setSconsArgs.ps1	078d5a6c40ad760ecd52671aa8075e88ad22d26d	bace13d26272dffa0912c1a3f02f96e7cd285c45
master (alpha/development 2027.1)	only-official	ci/scripts/submitWinGet.ps1	-	9eab5f7f470c00f4389f87a4a6590b1b135ea279
master (alpha/development 2027.1)	only-evolution	ci/scripts/tests/typeCheck.ps1	ca4bd6ab8bdb5b337fc032bad77a5f1ef373572f	-
master (alpha/development 2027.1)	only-official	ci/scripts/tests/typeCheckPyright.ps1	-	ca4bd6ab8bdb5b337fc032bad77a5f1ef373572f
master (alpha/development 2027.1)	only-official	ci/scripts/tests/typeCheckTy.ps1	-	531b3daacc9c9a8b1f74ce690cc0568d3a7ffd18
master (alpha/development 2027.1)	modified	cldrDict_sconscript	119dea76ab1c4116cc60db0c9d794e9a9fa0ce53	80fc6a82a67c2d48ae9434ee3319fbd9a52c7ce0
master (alpha/development 2027.1)	modified	copying.txt	6b33fdaacec5b06617a0660672b88cfde5defc00	014d8f7e9f95474cfa4e2705dee0486acf262700
master (alpha/development 2027.1)	modified	ensureuv.ps1	83be5c94d6ba80e4cad8a15bb40c303c7d31ca52	5832de517a0862de6269d2ca427b802b4969533e
master (alpha/development 2027.1)	modified	extras/controllerClient/readme.md	240457eaf911888aee84d35c6c85e6a584602b4e	a4b6c5784e9a415dfef19aa96145281af3ec15e4
master (alpha/development 2027.1)	only-official	include/cppjieba	-	9408c1d08facc6e324dc90260e8cb20ecceebf70
master (alpha/development 2027.1)	modified	include/espeak	b0b605c8a80f76c4c19e18033c6780c3cc4afc5b	56f2e9c730e2438787103168c0412c80c25d014e
master (alpha/development 2027.1)	modified	include/espeak.md	d47e4f8a5db45eacd20a293c332dcdc36e5fc468	395b550ed593821180be18d3922074ab8ccc287e
master (alpha/development 2027.1)	modified	include/nvda-cldr	6d3ba86c3963f023550a4b1aa8160945e77ca423	98f615984e19cfe94909ee414986e146982c2a79
master (alpha/development 2027.1)	modified	include/readme.md	12f09af12085394c9240355c65a39ab1e928d77c	b7840c273858fe031212d6863e9dc451df559a3f
master (alpha/development 2027.1)	modified	include/sonic	d2cdb40fbdc82b464be364a50b34e8dd82b6c80a	b93885dcb70aae50c6f76b0fe4e0868f029a077e
master (alpha/development 2027.1)	modified	nvdaHelper/UIARemote/lowLevel.cpp	e28d51bee182609029597ff63bdf7c48a45425e2	7f7ec61a34243361a03ca9ecc6c58ca1e9df16e3
master (alpha/development 2027.1)	modified	nvdaHelper/archBuild_sconscript	22f73cd893ac561cd79e0462d0bd750f47d9c133	ebc72bf46de75eb572ce4a11cde7a569490126de
master (alpha/development 2027.1)	modified	nvdaHelper/client/client.cpp	5913f0c4aab4e9813035743883a63b1401b86f54	8a71d2b23ac4161452b234052433572c5f32cfa3
master (alpha/development 2027.1)	modified	nvdaHelper/client/nvdaControllerClient.def	8c53a07512a9e50030dc550305e91d6b0077a9e6	c9fed355de052ab7e1b4c414cf5120e6d54e2392
master (alpha/development 2027.1)	only-official	nvdaHelper/cppjieba/cppjieba.cpp	-	b68955d0c8e5999dd3d1bd48414e7653f96e9498
master (alpha/development 2027.1)	only-official	nvdaHelper/cppjieba/cppjieba.def	-	fca4a152027432464fc767782a80bf6ac86f2558
master (alpha/development 2027.1)	only-official	nvdaHelper/cppjieba/cppjieba.h	-	1ac92e41b96f8b8e9a5df661f6338504acb34052
master (alpha/development 2027.1)	only-official	nvdaHelper/cppjieba/sconscript	-	db68f807f6d30c7de26ec9a911b57f48033b3d28
master (alpha/development 2027.1)	modified	nvdaHelper/detours/sconscript	d0f0406c3b009bd3aa50191bc5c58599d5456e8c	4430151c448f562a44023bef7f06fe02b5bbe81b
master (alpha/development 2027.1)	modified	nvdaHelper/espeak/config.h	849e243d7d396380dde5b5fc1c7ad29ed039cba5	65564f5939b055916e18459744d470b7d0ab8fc4
master (alpha/development 2027.1)	modified	nvdaHelper/espeak/sconscript	bfa910408e2e9966b7e43474c8a05eda2717e3d5	18838e53c78d78d2826b80286772066656f24fdc
master (alpha/development 2027.1)	modified	nvdaHelper/ia2_sconscript	90ea1f69515e15f85b4fd514c4dccb29dc184924	174bbf38e94610e70cc828d224ef4465f0c6add8
master (alpha/development 2027.1)	modified	nvdaHelper/interfaces/nvdaController/nvdaController.acf	a227ee287d2d7351c38477ce7c6203842670d041	99f6ab7b13e3ae3852389a68d175a264e9086ac9
master (alpha/development 2027.1)	modified	nvdaHelper/interfaces/nvdaController/nvdaController.idl	82b656383657f44b2809e5773a7e5abd8507bf28	462396950b552169bfc684392a7cf29743d65d08
master (alpha/development 2027.1)	modified	nvdaHelper/liblouis/sconscript	0f882ffc956fe3602e88520c9623010016a8e4e9	dc7c2fe1d30570e02ac84851dc6241b25dea3fc0
master (alpha/development 2027.1)	modified	nvdaHelper/local/nvdaController.cpp	e1017f7fca1807737114f039758794c4130b1d98	acfb9324ab2b58ea625c695531ed1422acd9047b
master (alpha/development 2027.1)	modified	nvdaHelper/local/nvdaHelperLocal.def	48121920414b38721bd49fd1dca96f93387694fe	671f42638e75bc5d7b2fac5f159cad4eedb213d9
master (alpha/development 2027.1)	modified	nvdaHelper/local/rpcSrv.cpp	0a5418670cc82bb3a54e9e13655ab60ff1ed22cc	3b8a2f5988769a331f1b685ab82bca0eb4547e87
master (alpha/development 2027.1)	modified	nvdaHelper/localWin10/sconscript	7be2268f90d4d951092445ab4b148d3c2c60e7e1	894582eca20a93fc79e5741bd70c77a4f92a42fe
master (alpha/development 2027.1)	only-official	nvdaHelper/localWin10/wgcCapture.cpp	-	c64724b47841cf388559673082149de9ca0440bb
master (alpha/development 2027.1)	only-official	nvdaHelper/localWin10/wgcCapture.h	-	6722712f661d8694a0383e2cb5289407287fca94
master (alpha/development 2027.1)	modified	nvdaHelper/remote/COMProxyRegistration.cpp	b5f95da9337ed06c56d62cb2389819199528f180	7c35541ab6d231c5bbcebbeab42dcb71c7a1fc17
master (alpha/development 2027.1)	modified	nvdaHelper/remote/COMProxyRegistration.h	04e76409565a12ef69e5ad2dd5d5623daa44f3c9	48ca8fdb9eabc14dd169797e7c5100147e12bd19
master (alpha/development 2027.1)	modified	nvdaHelper/remote/IA2Support.cpp	8b14ab2ff2019851f5d0b52f565ea0b797628698	c5a5896c0474d49e5e3d61821bf7edc0e46df89d
master (alpha/development 2027.1)	modified	nvdaHelper/remote/IA2Support.h	18cc73dc11835560af5eb4c365f9bfc551e2b4fc	95cc3ab75e15c22c81a718c3ae40f7bd1aa41bf1
master (alpha/development 2027.1)	modified	nvdaHelper/remote/inProcess.cpp	ee4ec4bb76dd62dab964303c47de07559598c053	27d0d7f39b0ab91594b51e0a796e6af66b65dd8c
master (alpha/development 2027.1)	modified	nvdaHelper/remote/inProcess.h	3360ab23e6da48de29b6868e129292682f02c485	e69e6ac6907be7516776d244fc166313d561973b
master (alpha/development 2027.1)	modified	nvdaHelper/remote/injection.cpp	021d1281c35302d7898a3f5bd36a86044b65eb14	68930eef3875c9f6ecea339a55ccdd4cdf87e184
master (alpha/development 2027.1)	modified	projectDocs/community/expertsList.md	aaee75beb2618829d90acc1b83ed6251f448ff64	6c9a81eae5cc0a670cc243c6acfff67444754f24
master (alpha/development 2027.1)	modified	projectDocs/community/releaseProcess.md	b4295e43ae9159964654c1a179d76e7ff36d8318	4e4bbeb5d737180faadccc6626178ffd28a09116
master (alpha/development 2027.1)	modified	projectDocs/dev/addons.md	74f7f0d6702b21e25d4a16416ec94c3d13bc34df	37a642919e0ac9f71254f4286474ce2f4135da4b
master (alpha/development 2027.1)	modified	projectDocs/dev/contributing.md	08931594f6cf82520ab174c7352c17d25b6c6a9a	2029913391c2b0dee5604cff6836798149d7844d
master (alpha/development 2027.1)	modified	projectDocs/dev/createDevEnvironment.md	419f226fd3b6ebf332146fed850209804793645f	fc0a0790470c617a0dea6a4030614117289060ee
master (alpha/development 2027.1)	modified	projectDocs/dev/developerGuide/conf.py	898a9f49244bbc92253c22fd0bd34d32d308e9b1	19cf72a6e52a47e92219d91e18dd7a04ab605c05
master (alpha/development 2027.1)	modified	projectDocs/dev/developerGuide/developerGuide.md	f6c5f96c98de86ca36c21bf3b33d45ded4fc7316	5be0d21d05fde962c76db9fb9a96262c8f1bd674
master (alpha/development 2027.1)	only-evolution	projectDocs/dev/futureRcValidation.md	96f4b06ddcc925049e3fa9dae07565de936349a9	-
master (alpha/development 2027.1)	modified	projectDocs/dev/githubPullRequestTemplateExplanationAndExamples.md	702ebb052c97e033516eae1d130166464e77bc06	4da4353f51fede0e764c6724f44da616f6dea9bd
master (alpha/development 2027.1)	modified	projectDocs/dev/userGuideStandards.md	66656d0a3ce95811623cb84483ecd9f9f963bcb1	710ce6aa8276d5cae37fcc6766ec45ca069c1094
master (alpha/development 2027.1)	modified	projectDocs/testing/automated.md	cc470c3510d957aeebda051a5850efee980423d4	d0e6293c7e6de9facd5951811f9da7e22c12df69
master (alpha/development 2027.1)	modified	projectDocs/translating/readme.md	bae0d7bbc05f023f8869dc4f245e6f3b0e0ac516	5f14f04376d383453d4ab66e260656c87094ac20
master (alpha/development 2027.1)	modified	pyproject.toml	fb590a6a8b8ad109a7981ca3becdede019036ba1	0ccdd296aaf44f06c20af489bea63efa923c9113
master (alpha/development 2027.1)	modified	readme.md	defd75e247db8008221d91d88c70a18adb4da94c	e44cc0ee6d506fc5e81cb887b941ee08004bce76
master (alpha/development 2027.1)	modified	runlint.bat	f1a9195bcce0745e0116f4896f7a94b71a89c61f	9b87eea3f5089a527446cfac81bcae4b656ea313
master (alpha/development 2027.1)	modified	runtime-builders/synthDriverHost32/buildVersionLoader.py	dad099ede066e017a445f705a6a94868d92c7162	6ba6d79308f1eafec1b4bf68ce8f719402bac92a
master (alpha/development 2027.1)	modified	runtime-builders/synthDriverHost32/pyproject.toml	ef9f58559495cbeb988b407f5baca2dbf456db1a	b5c413e1e751b2de8fd6b9b1b63436930378230c
master (alpha/development 2027.1)	modified	runtime-builders/synthDriverHost32/setup-runtime.py	2cee396cf30d90e81b64ae213e206d9b7d05929f	28b327a21e0e2629849ca385a377454710973bd7
master (alpha/development 2027.1)	modified	runtime-builders/synthDriverHost32/uv.lock	baaddfb7114bba2d25d13e7017acc56a7dc13c16	3af780cc593f93143e30fd25e1bcede2f81cf45d
master (alpha/development 2027.1)	modified	sconstruct	201bfa5085a9563b231a9d9e02723fc202703c31	c760e7e77ad56a660cbee9536b82f3bc3ef1d79f
master (alpha/development 2027.1)	modified	site_scons/site_tools/doxygen.py	3385989340c1ffb420c4691cf74f096e46c7fcf9	3753bd317ac7361b2149df4587b70eaf0c2136ba
master (alpha/development 2027.1)	modified	site_scons/site_tools/gettextTool.py	8d21f84ba543748157741971afe1cec5d42c02e1	ac11b906a3be47b3b176e57f22524e0c4d9deded
master (alpha/development 2027.1)	modified	site_scons/site_tools/msrpc.py	3ecdb6e414ff555a8f13b19f643cd421dc9d9b49	bba6d82dbdfca4f3bf22a9321b45da2e6c8328af
master (alpha/development 2027.1)	modified	site_scons/site_tools/recursiveInstall.py	f06fdb44de3fb1b6756b4a5a870d55d7b3cc3316	5538fd6c42dbdede762cc8ce969762285fb4e354
master (alpha/development 2027.1)	modified	source/COMRegistrationFixes/__init__.py	bac4916fd8639a6b41d40852fd3334b4465503ce	e33cbe2ba60376358b19313facff96dec86bff7a
master (alpha/development 2027.1)	modified	source/IAccessibleHandler/__init__.py	8e7e93b4dad2853d34ead2b37848348de16c44a9	81e560325620d7f50fba2a621b61f5434a21c2bc
master (alpha/development 2027.1)	modified	source/IAccessibleHandler/internalWinEventHandler.py	4669248406e247b9fd722fa695ac8a8897d7ce02	573321dc0cbf974bcb98ccb075e562a19a723314
master (alpha/development 2027.1)	modified	source/IAccessibleHandler/orderedWinEventLimiter.py	2e6575d82313cde3436b384eb8c3677a4e8c0f75	45400fafecf1535123df49caf9ddd9c44986e8d9
master (alpha/development 2027.1)	modified	source/IAccessibleHandler/types.py	ec4318d72521b88f5e93ae7e8004c918969efb62	d6ea23cc5401b44922a63a506614c703da5b6b58
master (alpha/development 2027.1)	modified	source/IAccessibleHandler/utils.py	3409d1ccbd4b4550c5265289fcc71eebe4532f8d	226f12aceaf0f2c84d433efa869ec29692548884
master (alpha/development 2027.1)	modified	source/JABHandler.py	cccbd5a5dae35c624e4dacd3683dbbe463b09a60	7a49ada9494446d9ebc3279a6d02594104c48e4f
master (alpha/development 2027.1)	modified	source/NVDAHelper/__init__.py	bcc43e828ffb63b56393dfd63593207fd3528843	ace57a276ea6326e9a8dfbde06b0949d8834e83c
master (alpha/development 2027.1)	modified	source/NVDAHelper/localLib.py	061896d51d5e34aa7c07f9d6e4eb716ae25068ed	7f2056aacc55f11c3e106afbc2f0da447a9938a5
master (alpha/development 2027.1)	modified	source/NVDAHelper/localWin10.py	890eca6592f79647b6778dca9e2b9e3f697af025	615a3eb1aa42b54246442f7d882e850672ae23e1
master (alpha/development 2027.1)	modified	source/NVDAObjects/IAccessible/MSHTML.py	6aca35437e1f83bdcf4a7626a3adc1de8e871318	6305055604c00e20382e9af37b36b309d2a0514f
master (alpha/development 2027.1)	modified	source/NVDAObjects/IAccessible/SysMonthCal32.py	dbd62b206278870a1ccca4efecfd8334beb2ef14	cad8f96e55b29e35ac85fa0f43841a676ebc7b45
master (alpha/development 2027.1)	modified	source/NVDAObjects/IAccessible/__init__.py	c7abfaf97861cd108b866dc507f79b150f5ec464	49f635710e6be76fa423b441a7c76169ea00cd80
master (alpha/development 2027.1)	modified	source/NVDAObjects/IAccessible/adobeAcrobat.py	631fc365543a41fb916ee21e809455077d0431db	1a5b81fd171622c1611fe0bf08663fa4f08c58a5
master (alpha/development 2027.1)	modified	source/NVDAObjects/IAccessible/chromium.py	0ad8eb53ad808622bff88265396d923b00d6dc7f	5173ef2d51117c7a1b504a2b7bdec1980c89f7c1
master (alpha/development 2027.1)	modified	source/NVDAObjects/IAccessible/delphi.py	a0f8f8414baa92dc19e8e4b51350f53b7f60d441	b1013773828e2aa245a8fc222acd40d09a25737a
master (alpha/development 2027.1)	modified	source/NVDAObjects/IAccessible/hh.py	787a187a7b8b9678c00078061c83f68b88ab7465	d91cb44e4c268e73ea3043abe5d9d337ebbf4edd
master (alpha/development 2027.1)	modified	source/NVDAObjects/IAccessible/ia2TextMozilla.py	0d485c7017fe8672f41df3d1f1d11077e860d2c0	af8ab8b77d36e2bda507f4221d51adc264408d93
master (alpha/development 2027.1)	modified	source/NVDAObjects/IAccessible/ia2Web.py	98312c92e59e73f01a039824573bf33a3cc089d0	f0172ed712b4023f23ca82973444f742a90aa9ac
master (alpha/development 2027.1)	modified	source/NVDAObjects/IAccessible/mozilla.py	35d3953bede08d53e38fcc56dcb8d0151ab82780	7fde350c2fd13323c287cb7d616338a846a234a8
master (alpha/development 2027.1)	modified	source/NVDAObjects/IAccessible/msOffice.py	ba0bcfe05cc5e4487089ab273af5f037087b3bef	1677514c6bb7fbf471d212efc7df33cf60d8bf62
master (alpha/development 2027.1)	modified	source/NVDAObjects/IAccessible/mscandui.py	5a155d3f3fb92a43b8644fdf954c039593da9b39	26521ca861654074a6745500366474eedeae7590
master (alpha/development 2027.1)	modified	source/NVDAObjects/IAccessible/qt.py	6d66a6b301933aa62eb430b14be911c2e1ff5c87	a97156669a40108ed8f256b88fc62a54b7422412
master (alpha/development 2027.1)	modified	source/NVDAObjects/IAccessible/scintilla.py	a87f5ffe8e4b562db3548f56751679120582699f	efbef3e70bb3b2b70f639362d71bde4b6c307b5e
master (alpha/development 2027.1)	modified	source/NVDAObjects/IAccessible/sysListView32.py	3ed2abb893055b7fa6b8a3f0da29d5a596f94880	40cf4164a359887bb63e1470fdc12fafa51d9df5
master (alpha/development 2027.1)	modified	source/NVDAObjects/IAccessible/sysTreeView32.py	be937352fd5f8e6c60257b85a89aaf6cc7866559	15dfdf7f1722ee4f75cdd6bdd483486a97901c1a
master (alpha/development 2027.1)	modified	source/NVDAObjects/IAccessible/webKit.py	d8ea0c155eccfe7c69ff1bf8dc1dc482f0677f9f	17040dc84b6abb4f64f90b8cb7a8a0973997bbc5
master (alpha/development 2027.1)	modified	source/NVDAObjects/IAccessible/winConsole.py	4d798eca8150a434a93485b6549560f6218521ad	56c4ec97f755ae8b024d9748f6ed8201a4c8b824
master (alpha/development 2027.1)	modified	source/NVDAObjects/IAccessible/winword.py	040a6c4b8b88ba0d3a554e87080d41103336206d	9c18e62f81f47d0f8bd8e372685c575b37aa219e
master (alpha/development 2027.1)	modified	source/NVDAObjects/IAccessible/wx.py	7bc8a50ebdd3f51fabb5811be42e1f952369b5d3	73d9ff41dc24aebfd5e0855da519a9e479f1542c
master (alpha/development 2027.1)	modified	source/NVDAObjects/JAB/__init__.py	6597560c6972a319ed198fb42c62d2ef82b5c8b8	41ba2684f45aa55e9af1ba6c51053156c4adf9ab
master (alpha/development 2027.1)	modified	source/NVDAObjects/UIA/VisualStudio.py	1ecfc7ba256cbff284717091f8caf0ffca260d57	0c85d7c5051eb5130de4cd06bf3373bf793bfcc0
master (alpha/development 2027.1)	modified	source/NVDAObjects/UIA/__init__.py	6017dba29983278f75e11f253be99426ce24906b	730f95662fe8aad03f57a3b25e701da23a8701ac
master (alpha/development 2027.1)	modified	source/NVDAObjects/UIA/chromium.py	d931fdd2adbc18e1bf04081f761efa29f58e1972	f836b7338a400a1cf2d406d6051852c40b51eaa4
master (alpha/development 2027.1)	modified	source/NVDAObjects/UIA/excel.py	3f734e90926d9f2c9567f38da7d618b396417de6	d903c64f4ca4b4fb0c5863ae00aac0b04fe6a540
master (alpha/development 2027.1)	modified	source/NVDAObjects/UIA/spartanEdge.py	00dc8b4f0d83e3d7006aab023a69df9839990c0c	0472f2d788943c24f470e666587f4bfb749b7105
master (alpha/development 2027.1)	modified	source/NVDAObjects/UIA/sysListView32.py	64494511b81a74c072bcbe78a5fd89c948ba43d5	135303f7542c649d09aa29bad2c59fed88af42ac
master (alpha/development 2027.1)	modified	source/NVDAObjects/UIA/web.py	85b26982f0cc3bb93784a697dd4b650e435b55e6	229e9b5abafa432e68cc769711151cc8927270a9
master (alpha/development 2027.1)	modified	source/NVDAObjects/UIA/winConsoleUIA.py	10c19afd2b7e78c1d615910a7b2215fdddefb4e4	a9af44233eb638be1881542fab8df00331680435
master (alpha/development 2027.1)	modified	source/NVDAObjects/UIA/wordDocument.py	915265f45a8516cc908fd2e969949ea6ae250b4f	9f7a3deb94a774168707bd3cc44e62e8011cb6a1
master (alpha/development 2027.1)	modified	source/NVDAObjects/__init__.py	d741c51196c08c162a310811214d955242bde54a	d2f9a04f62dc9a954fdf533e0d1f627001030871
master (alpha/development 2027.1)	modified	source/NVDAObjects/behaviors.py	4089633b1e2217bf467f552d10f1879a4e511caa	0136d1060ee2b3385a99410ea9c904e57b6dbf5d
master (alpha/development 2027.1)	modified	source/NVDAObjects/inputComposition.py	8f7e721c116b808dd8732ea0b686f0f6e16be972	f5f7e0d42d2365d23f31fe8d05148eb8cc38730b
master (alpha/development 2027.1)	modified	source/NVDAObjects/lockscreen.py	e6553bf29e5326d5056e31c564058cc61867e8aa	9fbe838b8ff40d905ef7abee1a1ec9c7118c11c5
master (alpha/development 2027.1)	modified	source/NVDAObjects/window/__init__.py	9cb10ead33ce973d7938c59f7380f308ee2d6b58	2c66a04c3518e83299c300ff7815f277e3d8bae6
master (alpha/development 2027.1)	modified	source/NVDAObjects/window/_msOfficeChart.py	87fe84938ea5582032cd22d51b1c7a2e5554e34b	30b5cd88b4a008a9b6496a44c463ccbad75646ef
master (alpha/development 2027.1)	modified	source/NVDAObjects/window/akelEdit.py	30caff8d032b235e0706176c94522c2b9b255700	94b8326d0a9f5c97b4c158c8d71c581ecc387ae5
master (alpha/development 2027.1)	modified	source/NVDAObjects/window/edit.py	9f77c762a0b4b2785a119047948ff4e08d9860d6	f091fe105aa7a951bb32d4894b0acbcd7f3adc6e
master (alpha/development 2027.1)	modified	source/NVDAObjects/window/excel.py	e183cab4aca4c35be64e6232cf5c1b7761a54438	8b7ed38d7c64fd303b318f8c97441f0e4decfb49
master (alpha/development 2027.1)	modified	source/NVDAObjects/window/excelCellBorder.py	168dd5db55aebcd255bff200a4228cb20ee35f8c	277b14b9aa0a8520072fc7cedfd7000f0feab0b8
master (alpha/development 2027.1)	modified	source/NVDAObjects/window/scintilla.py	14c51dd0d36601c2658f9e62cad0da5e04a83ec1	eb6d6df9638089fb3ad4a3752d5f5b9190fa7588
master (alpha/development 2027.1)	modified	source/NVDAObjects/window/winConsole.py	ed4d78f5a4d407d3b115048a324ef9297d998ea8	0fe669a59133ef1444ee62b8ced921139375799d
master (alpha/development 2027.1)	modified	source/NVDAObjects/window/winword.py	691d1aec0b308116f4362a2dc08c64e39e797fe3	36343e45e5c2b7f9fb20ac07e3847476f1301761
master (alpha/development 2027.1)	modified	source/NVDAState.py	5d84194d5439d3ba65927ca61ed712a6272e6392	81b27520aef6862baf0a7a4de929f5a151d78c9f
master (alpha/development 2027.1)	modified	source/UIAHandler/__init__.py	38b8d593d4ef39de4dd24e3cd20f42c07cd7fd7c	9e1e2f4b26b4cc7eb6eb9393a16b60351b107540
master (alpha/development 2027.1)	modified	source/UIAHandler/_remoteOps/builder.py	db2d420b62c4967a1a8561ac5ccedf569b382c58	343beee46714064c3bb1623e58ee7c584d01eb9e
master (alpha/development 2027.1)	modified	source/UIAHandler/_remoteOps/instructions/__init__.py	ca8adda69ab910842b4b12ad8a7781bff5da530e	cb01d656a2a502d8a2fab8460849b8996ddc2d4e
master (alpha/development 2027.1)	modified	source/UIAHandler/_remoteOps/instructions/_base.py	93cd4a9bfec8bf7b81334a77c46845ff9e17befb	568db5274ddb6787f95e3e5dcfe982cfe03bb194
master (alpha/development 2027.1)	modified	source/UIAHandler/_remoteOps/instructions/arithmetic.py	1be0bc80802388cbf0b1be4255ca029f4f1bfe40	078c67a36cf44511d0d997b1c11603f1f8825160
master (alpha/development 2027.1)	modified	source/UIAHandler/_remoteOps/instructions/array.py	05173e87dc013b7b5b921b341e5f74389243547b	dd518f0c365fc6f7e7744d851421b4bf4c89bbe1
master (alpha/development 2027.1)	modified	source/UIAHandler/_remoteOps/instructions/bool.py	93ffc9347fcf4c2397bcbd5995c67a380f3e4ee4	a5b38c8fb56e9715eaf7d901eafddda4731c0d86
master (alpha/development 2027.1)	only-official	source/UIAHandler/_remoteOps/instructions/cacheRequest.py	-	f2888458c0b04f92e9dd92e24d75de39754e03b7
master (alpha/development 2027.1)	modified	source/UIAHandler/_remoteOps/instructions/controlFlow.py	f8d6b8ab55aa47b7507b8c1244c04d449dbdf5cb	fc4066f1af8f7af621b882d22100c6050e8d5bac
master (alpha/development 2027.1)	modified	source/UIAHandler/_remoteOps/instructions/element.py	ebaaf0aa5c3757e226ee1b2542708e4975a6c312	6e5befd5c8fe7231c0c6407c409694d1937a8b22
master (alpha/development 2027.1)	modified	source/UIAHandler/_remoteOps/instructions/extension.py	d5838a1268c5e8ddbc3c4654b8525ebaad4708f7	4739c7290934fec97ac18f3dcf97955be76b0f0f
master (alpha/development 2027.1)	modified	source/UIAHandler/_remoteOps/instructions/float.py	9378066544db7251825f9a1cd3450d0c0d97bf77	abf77440635b72fd3051c670729fc0c40e256535
master (alpha/development 2027.1)	modified	source/UIAHandler/_remoteOps/instructions/general.py	29973b5dec7fc2f55f76d081761d2baa1ab72d3b	199a9cf8e763c09953cce53665f07b631db8f6dd
master (alpha/development 2027.1)	modified	source/UIAHandler/_remoteOps/instructions/guid.py	e97ef99c1cfe2caef4b09ae959f6f3891c976561	3521e4c580066cb6e480ce9ea473a4ef435f0cb0
master (alpha/development 2027.1)	modified	source/UIAHandler/_remoteOps/instructions/int.py	349a625a6da499aee3bf91de9d49035e7081c968	90da824dbce6570e14279ae2bf8d7b9be15962f9
master (alpha/development 2027.1)	modified	source/UIAHandler/_remoteOps/instructions/null.py	96e0f7ce30ab7426a28f4814b6cddd4cd6318569	8f4f28a7d5f3644c67ab2b48bdd4ef7e0e834974
master (alpha/development 2027.1)	modified	source/UIAHandler/_remoteOps/instructions/status.py	b50368affd22a4156906fe49cb5f445ce7d0d4e5	4b99a73a2520c5f4a0e7f3b0531cd0d66aa51e23
master (alpha/development 2027.1)	modified	source/UIAHandler/_remoteOps/instructions/string.py	5694a7797769ab391b98b947877d0da3548ef331	4abb3d4918dbcb7fe0da27fc658123a92c549b5f
master (alpha/development 2027.1)	modified	source/UIAHandler/_remoteOps/instructions/textRange.py	ca77e47b9304c331001aa25efe7f36ee905a7730	7313470546ebb71ac1c0d7f8922321346ba707a5
master (alpha/development 2027.1)	modified	source/UIAHandler/_remoteOps/localExecute.py	022612517bf9fc1aa02f7af8b9e3625076f67069	93f845707ab1c143d96eab5c31c37037b9e34f6f
master (alpha/development 2027.1)	modified	source/UIAHandler/_remoteOps/lowLevel.py	6e45f4e08259c4437570da591caf25e962ea666a	1ef6e055f278f80a45b0e9a0589329e3f0b54d2b
master (alpha/development 2027.1)	modified	source/UIAHandler/_remoteOps/operation.py	1a39a2647adb9769ec46cd35fba7507be72fdb92	c9e0f7016479f5c3ec8119eb255bc6ea4f7525bd
master (alpha/development 2027.1)	modified	source/UIAHandler/_remoteOps/readme.md	6d16666cef1ef016fa3f2986d9fe84f8ac11d660	6afa4355544b60422e98eb0922b03408947d7a6a
master (alpha/development 2027.1)	modified	source/UIAHandler/_remoteOps/remoteAPI.py	ee1968c5f8d0c0566535a6400a5e3be97bcb02ff	30c5e5a1cb22f8289bcd7a12a3cdd16bad6e8ec2
master (alpha/development 2027.1)	modified	source/UIAHandler/_remoteOps/remoteAlgorithms.py	bb4a293055972f815dd6b4f175b193f9a66213bf	b854434e951d0eb5b896fc0c7d594ccde9faa08e
master (alpha/development 2027.1)	modified	source/UIAHandler/_remoteOps/remoteFuncWrapper.py	da3dadab2bfe04b3521304f48613ae5de9f2bd12	325e590b51cfe6bea9f1fa8411958cb19c781069
master (alpha/development 2027.1)	modified	source/UIAHandler/_remoteOps/remoteTypes/__init__.py	09354934e3e61cc642a40c37dffde0807a6d3728	2c287b421d0c48c2a56b7a0d21a956fb1984c9ac
master (alpha/development 2027.1)	only-official	source/UIAHandler/_remoteOps/remoteTypes/cacheRequest.py	-	7c3e9596dca1afb113c53e011921a4e8f35876e1
master (alpha/development 2027.1)	modified	source/UIAHandler/_remoteOps/remoteTypes/element.py	04d09f2647436b8aff5513468101be99ebe90863	6c18d535f5b1a0c0cdd35e32b3eb5ff8065c0953
master (alpha/development 2027.1)	modified	source/UIAHandler/_remoteOps/remoteTypes/extensionTarget.py	17574968de4e3ac4978f0700afa6febcd8ca8cce	3924679fc27cdb8f59f20bfb498d60c05959bfbe
master (alpha/development 2027.1)	modified	source/UIAHandler/_remoteOps/remoteTypes/intEnum.py	9864de5ab5a5d2cc5e0f3500f31e3bb5eecdb29c	42c1b70ece345812de39c1db97e674f5ca6ea4ec
master (alpha/development 2027.1)	modified	source/UIAHandler/_remoteOps/remoteTypes/textRange.py	08b237fa6e63a90721305f8e2b41335f99eef58e	0d27fcb03c7bf553544accd68e2d30a243622a59
master (alpha/development 2027.1)	modified	source/UIAHandler/browseMode.py	6be5c19201a21f5b15dbb7ea58608667ddccba83	d2c22d5ad2b9c14308f6441c832c82746087b885
master (alpha/development 2027.1)	modified	source/UIAHandler/customAnnotations.py	ed018dce18d1a258d9e6d4a27660e7cf277fc51c	838df691b0901f7f9095aec1e4e8648af94c6cb7
master (alpha/development 2027.1)	modified	source/UIAHandler/customProps.py	1eece8381de166dcf5f101476b140375155bd9f7	685589754268d813f59ce43214e953f9ef750b10
master (alpha/development 2027.1)	modified	source/UIAHandler/remote.py	e311bb63296f17fc4c74e19f9f3095ab8e283ff4	35657187050c1945fa98d9bc34edfdb5145b32fd
master (alpha/development 2027.1)	modified	source/UIAHandler/types.py	a096fc233382ae25e63670454934b19f9072a2c8	c815db43bf028a2abf53720e470d9279a136479e
master (alpha/development 2027.1)	modified	source/UIAHandler/utils.py	c3f388a8a8dfdf2f9756773b024aeeba4ca4209e	654aec67bff1c9532088f2fa3592bd8862f7d414
master (alpha/development 2027.1)	modified	source/XMLFormatting.py	b666e796ba28a99407f3b0f3754450a5649b0ecb	a2f7f9d331f649ac689bc0c42e902d964026a0a2
master (alpha/development 2027.1)	modified	source/_asyncioEventLoop/__init__.py	40585ab8b65b6716dee1084efd868c857afe920e	51c737abf02cbbbc2b17a466f172c39a0fca997b
master (alpha/development 2027.1)	modified	source/_asyncioEventLoop/utils.py	91ae7bbce3821bb23aad116220bec3abb07e9800	5d169c411efd0ed0e57e74c8904a550bf7ea1c20
master (alpha/development 2027.1)	modified	source/_bridge/base.py	de5241bd10a38129e97e41d3e9d53752c92460d8	61c733eb11e12c13befe0de24ea369eb5a25b874
master (alpha/development 2027.1)	modified	source/_bridge/clients/synthDriverHost32/launcher.py	16019de4b6c6b9962991f34af740a4554fab081a	7eba195ba20f6f49e13a33aba1a8283180951bef
master (alpha/development 2027.1)	modified	source/_bridge/clients/synthDriverHost32/synthDriver.py	2fd01e3464ab04d6bc6e46b79397bc2204e9ea06	1ca2695ef770d1eef52563e6ced61965fff56376
master (alpha/development 2027.1)	modified	source/_bridge/components/proxies/nvwave.py	d672cee8210423d728a15cf56bd88c1e06a46d1c	2e68c04195817fac5b47f8109c0bd52a0b8148a0
master (alpha/development 2027.1)	modified	source/_bridge/components/proxies/synthDriver.py	23e109cd7686c71da9c9f6c7f309b7688b2a76e4	6c23360c06482d049594f980562b96ded42698af
master (alpha/development 2027.1)	modified	source/_bridge/components/services/nvwave.py	61f5e44fc154adb81e0357c3ed47961737747748	8b02397fd78988c0faf3a21c7a792e47c183ad58
master (alpha/development 2027.1)	modified	source/_bridge/components/services/synthDriver.py	54f4d2dd8853ba9415f2e27eb451c1544e62f6df	e90bf1769f278625fd5e905fc767aa5eb22ddb85
master (alpha/development 2027.1)	modified	source/_bridge/runtimes/synthDriverHost/core.py	827e19879746421e842907f45b75e7f211ce2e6a	f0e0cc90ccb6b162f0f3097525bc28405d0ddb17
master (alpha/development 2027.1)	modified	source/_bridge/runtimes/synthDriverHost/globalVars.py	77842dbd0f346e0bd96a76b812d9b421d07cdc27	9605706da72e1bd2a7fa33804f798e424e547d60
master (alpha/development 2027.1)	modified	source/_bridge/runtimes/synthDriverHost/logHandler.py	b48c8a40292075146bc40a110aa2c8912d9719e3	9025c94caef7224bfc979ff90da5a7a723135310
master (alpha/development 2027.1)	modified	source/_bridge/runtimes/synthDriverHost/main.pyw	4c285837a77178b439f0a14c66ada15ec749f16d	0d8504264f707beca7c1b657dbbdc26805d9d440
master (alpha/development 2027.1)	modified	source/_bridge/runtimes/synthDriverHost/speech/__init__.py	238e815222decba0b74ec55d5115c22bf034dc18	07ee9b88ace5453c332cf1758c059403478bf269
master (alpha/development 2027.1)	modified	source/_bridge/runtimes/synthDriverHost/synthDriverHost.py	b69ca731762586bf658a16a4ff40dd66d574f364	6adf95821517179d8fe94d37e8c47871965611a2
master (alpha/development 2027.1)	modified	source/_magnifier/__init__.py	0a4f806d4131ad37ab326d6b9a94b1a6faff7601	ee4a344f5cc48b44e4affec864f79907ca48d2f2
master (alpha/development 2027.1)	modified	source/_magnifier/commands.py	b83ee2beaa9a6669a4f77801958ae2f96bf8b242	634baef9a72d90fd278f861edf9feb224349d83e
master (alpha/development 2027.1)	modified	source/_magnifier/config.py	b62c878c137ed04711267e83a3caab79fc6d7672	0625ec6befdd7f7da9e45f23e1ba3b5f64ad83aa
master (alpha/development 2027.1)	modified	source/_magnifier/fullscreenMagnifier.py	95b34a6241c7bcf269dbdfd02502d319e15bf4cd	4555419cbf20efe07cd496000cc4acb239b4b804
master (alpha/development 2027.1)	modified	source/_magnifier/magnifier.py	0d3710b090760c139435078ecd9ffa15348ab6cb	ce3fed8202ede65a749d5b287d925353b2e4996c
master (alpha/development 2027.1)	modified	source/_magnifier/utils/errorHandling.py	2b2f37b4d780e11a92b66d8e591dfdb0623b7247	b8e409cea2be5bc8496fa59bd0172cf305d80702
master (alpha/development 2027.1)	modified	source/_magnifier/utils/filterHandler.py	0da53b681957c37d7755fbf969fca604ac30e064	1faea8c37512f89de40ddbeae6ff8e4c80a3271a
master (alpha/development 2027.1)	modified	source/_magnifier/utils/focusManager.py	5473efd1ba29c82374b3aaf929f7e7653f5f6a93	da53a3a2f677f5e9b80cc0c81117b243a7b18e08
master (alpha/development 2027.1)	modified	source/_magnifier/utils/mouseHook.py	2a73dc2ec634d8958bc777907ba196af2b65bc70	b83631144877df32696e9501e0903b20f255edbf
master (alpha/development 2027.1)	modified	source/_magnifier/utils/spotlightManager.py	f7ff0c61b37933aae4163d685451f0ba6738465f	9d90e1ed48647bb220a3a5d076f4a3fb250a96b5
master (alpha/development 2027.1)	modified	source/_magnifier/utils/types.py	e9bbe7e7c0140b3bbe3a74db9e9056fe81b50dd6	1432e3c8a5d553073a0cf9cddc38ad4d1db2ceef
master (alpha/development 2027.1)	modified	source/_remoteClient/bridge.py	cded9e661572d97c41c511f03bac1f54b5fcbe8b	d35d110f66eb058ca596bac40781dfd4c50315d4
master (alpha/development 2027.1)	modified	source/_remoteClient/client.py	aa68afe4d82d85bdd62224fdde97875e30414fd5	992b617851e66bd65999c00bd00c7890306970d4
master (alpha/development 2027.1)	modified	source/_remoteClient/connectionInfo.py	9940dc34a68fc2807d33add4c696151bc5c1fa0b	a279fb25a677d675a3f9800aa06233e711e60842
master (alpha/development 2027.1)	modified	source/_remoteClient/cues.py	370ff6ae65047feec9e2f55cb425cf58dc68be30	8cb182d9d9eb1da0cb8a9ec28ac5c50b1bead4c8
master (alpha/development 2027.1)	modified	source/_remoteClient/dialogs.py	6d2cec0c1489dced80002c2f8e92ddb880ba67ac	bc6e356ea6052bf06fe60f31fd0b4fcbc25ab0f4
master (alpha/development 2027.1)	modified	source/_remoteClient/input.py	4dcfdb94d7908a51e825102b175bcbca0d84e7ca	dc014f31fc681e7586e242c5afb37b6e17970be5
master (alpha/development 2027.1)	modified	source/_remoteClient/localMachine.py	7e1f8274989538f71dbe03a1d3e032780d094dd4	43967bc7d8504a496e3ae7c39b74047da9139540
master (alpha/development 2027.1)	modified	source/_remoteClient/secureDesktop.py	d812e69b4a058fd9d3b49a68195669a871eed280	7078fce7ba79d9467f9a6e6f35f0a5eca788417d
master (alpha/development 2027.1)	modified	source/_remoteClient/serializer.py	a946f16f1189dd9f51de44eca7ab0cf368641727	36d258929ef622f84a506e49eafeb22be0fb1a20
master (alpha/development 2027.1)	modified	source/_remoteClient/server.py	3a9b296e727974477d5529bf013f901987dfb190	154d4d7e11e61cbc670b0eae2e1fc072a20bf5b0
master (alpha/development 2027.1)	modified	source/_remoteClient/session.py	d068b30a8c32205493adae0a2b5d2fb873ed56fa	10813d2b7bc9446a545c1e51637e08e88edac6dd
master (alpha/development 2027.1)	modified	source/_remoteClient/transport.py	c43e5981c979a76544f7250186268ccb8bffeacc	cd7017bd5c13d8ffed57bbda2e38b6fa4a93c586
master (alpha/development 2027.1)	modified	source/_remoteClient/urlHandler.py	6b572ee5f7f22f6d09fcdff010d1de9694f2441e	3fca5420119fd73b4d7b0f64c321435e04b1cabb
master (alpha/development 2027.1)	modified	source/_synthDrivers32/_sapi4.py	9fed5ba86457b43f5fa13585a9f02a21d23699ba	810a05cb024c76776ddffb39c9776fec6fa6c57e
master (alpha/development 2027.1)	modified	source/_synthDrivers32/sapi4.py	2ea86ad606c4f892b1388452a8f45b304ad68dec	e387630e4c710b0061310187fb08f3031f824192
master (alpha/development 2027.1)	modified	source/_synthDrivers32/sapi5.py	b1812c5991b82f5bf3d08f8d2f4a09ada8826037	13cc965c9501dc1ceacf86ea03af8481d0318b17
master (alpha/development 2027.1)	modified	source/addonAPIVersion.py	0657b0194026f83e721cf4380b761714ee8a9709	9aa1c6c7cbcb5422457f7134517e4c7177136c04
master (alpha/development 2027.1)	modified	source/addonHandler/__init__.py	b241973917c0cd72e9a8bd496eb152af17c41969	3f882272d5b32ee6400a7deca6cff77f418d4013
master (alpha/development 2027.1)	modified	source/addonHandler/addonVersionCheck.py	78d35b45dda25b84a2717a8e78e88eb7bacc0d66	b0b0e1c5a3eb77da1e72aa6f3b2c03c5e8951ef6
master (alpha/development 2027.1)	modified	source/addonHandler/packaging.py	5dc572745426c7a2d5feed09d8f4c896189bb2e9	3cecbd894afe2f816de237574a7c79f305a74e38
master (alpha/development 2027.1)	modified	source/addonStore/dataManager.py	1c4549db8d2c3a87130e6d5c5707cb49318e6c70	e5cf2d5c5270a1a71ae1737f65f808862ce786de
master (alpha/development 2027.1)	modified	source/addonStore/install.py	73f2594f70d010c9df5cb5cabe74b608646aef18	c21bbc39cc01ef5427cae1670f92d8fb3e06b519
master (alpha/development 2027.1)	modified	source/addonStore/models/addon.py	fa59d9d37d5b7cccc0ecdb85d2c76f3abcfede97	240e0d8105a0cd2034a8effb7eefecaa7d39f9b9
master (alpha/development 2027.1)	modified	source/addonStore/models/channel.py	8ab621f4c930307255d81dfc88073203cf8f39de	68cdf9232c7159a83aa0de50fd279a2ddf2c5c67
master (alpha/development 2027.1)	modified	source/addonStore/models/manifest.py	a77e8b0f64ea01b76d2a95b22185ff61b82e08c7	1405e3ab4c34214f9fb2de045b7db1e7e539495a
master (alpha/development 2027.1)	modified	source/addonStore/models/scanResults.py	7e414340d6d7b3cd8d37b530b6ecb75067d1d2e0	afc60f03e7af442ed7051b9c0e0db77e151c81e8
master (alpha/development 2027.1)	modified	source/addonStore/models/status.py	fa3c219b40065b9434ca3423837eac88145f9175	a115b8bf2d62b74c17d6f73811da7f51d791605d
master (alpha/development 2027.1)	modified	source/addonStore/models/version.py	8a279d5ff448846594cd89a382a7492af614b27f	2fde076ece8c53eabf5de2ce30819e52f82a092a
master (alpha/development 2027.1)	modified	source/addonStore/network.py	44029bae25911a62fab7b35b5709dae8867ac276	1efbe12ef175f593b7861ed8eed0c84aa3849216
master (alpha/development 2027.1)	modified	source/addonStore/settings.py	18910d32f249911575ee05d1c33da4bc6a438aaf	5e31b632e1a4aeb84c5062e804a8215b1fa46dfd
master (alpha/development 2027.1)	modified	source/annotation.py	3df989a8a42a76a97c03210c29296d614521f624	652ad533bf4a3b3f0b8c7b0aac7f0d1f896443ab
master (alpha/development 2027.1)	modified	source/api.py	976dc454e30fe49eeabb0c8f455eaa8b16b49ea2	fadef80b0b99b44251db8e6a21e8224046336029
master (alpha/development 2027.1)	modified	source/appModuleHandler.py	85b52b5527e051de5b1acf8e0918f45385697860	12818277245b881dd9609077a515a3e07b4b78a7
master (alpha/development 2027.1)	modified	source/appModules/1password.py	b50c3da373b8b41718952ec4f674ffb239c2d6b1	f68cb6f37c4b82660f6a0ffea871388213026e4c
master (alpha/development 2027.1)	modified	source/appModules/azardi20.py	5efd2ee5492132bfd60c5571f39e8172a044cd4d	5f047be19f2c1b43413a8464e40b1ae68dda62d0
master (alpha/development 2027.1)	modified	source/appModules/bookshelf.py	db62dab450867718bfaefb92aef8a2308637c0ef	abdca377b4fe1c3775648c265a5b2da6f0e64a6c
master (alpha/development 2027.1)	modified	source/appModules/calc.py	40bddf1181e97b211f9f69aa8c7cce79028c4af2	ac43de6dbcc840206e12b423fd9998e1cfb70f7e
master (alpha/development 2027.1)	modified	source/appModules/calculator.py	1c9d79bcd1beb9de1bf796b881a55fe8b3d0a275	a4a88fd02a9fb5e9c5f6c11e15979e383b5354cb
master (alpha/development 2027.1)	modified	source/appModules/code.py	c9e967fc5b924b7130090ea89128b7491dfa4f0b	14c6edd4d274d84e707f5979eeea19f29417e324
master (alpha/development 2027.1)	modified	source/appModules/devenv.py	04d691568b99a62896afae9f7b0104bcc5e67ed2	0b391939be839631d2e4dd2cca8ce18f65444f88
master (alpha/development 2027.1)	modified	source/appModules/digitaleditions.py	b26456d910c34add0c51c2c0c34c6b29d62da252	6c40cad1ad6e8748a6ebd5060eef8d5e2b26d177
master (alpha/development 2027.1)	modified	source/appModules/dllhost.py	8a899a81606cebb0529ea9358f0ddd40cf839578	53abc31825bddfab457e126b7cffebb382d72c5f
master (alpha/development 2027.1)	modified	source/appModules/eclipse.py	1942c332834e4a0570293ee560a57ef91cd37325	63b0129a033602aedfcc735eb60f0df8da5fdec7
master (alpha/development 2027.1)	modified	source/appModules/excel.py	150a4f1c247d6117837dfc38e1ff15cf8110c94c	0341e5611b6aabffa29f633472dee4eb8c948e7b
master (alpha/development 2027.1)	modified	source/appModules/explorer.py	9ad193598521b214aba3feb6c218887b32de66a3	206c6086b12ac835b1c803f46b70abdbff12158e
master (alpha/development 2027.1)	modified	source/appModules/foobar2000.py	dc46f1cb438e4bb5657b6bd74328e22cddf39ff1	2070d8827074d65775843797d97a3d69e8052f47
master (alpha/development 2027.1)	modified	source/appModules/hxmail.py	8b3778d9b510473286004aaf4c2649d9b3e4e80b	170bd89278e23f463a06ca3c7533c9b8c702d1c1
master (alpha/development 2027.1)	modified	source/appModules/instantbird.py	db10ae6dc0286ea68cb368c210d2c0e830a6fc7b	0ee36a592536929398882c2fd586889406e08468
master (alpha/development 2027.1)	modified	source/appModules/itunes.py	b55c641546aa13a0f31a6c96575913dd75711192	8f82a9c90a5f6102dd5b7d6c308aebedea973ffe
master (alpha/development 2027.1)	modified	source/appModules/javaw.py	eb0b856e7a4b60c64417c2aab36ce71c08c6b26b	73f67f760fc4781f244f32affcd6cef2e8278200
master (alpha/development 2027.1)	modified	source/appModules/kindle.py	0ac658c0b1eeb19f8ac24fb7caf5fba814eee81b	f9780248b084c9f71c404616d37eb2293345518f
master (alpha/development 2027.1)	modified	source/appModules/lockapp.py	7d3ce54b6857a42ef9cbfa7493baaf33f03195d4	0bbede6b5c452daffd820edabdd320b371d5bfb6
master (alpha/development 2027.1)	modified	source/appModules/logonui.py	b959b803666347a7ee9de246e4bf4c905112fc60	31be7134612972b64e160e89cbed879e35477d11
master (alpha/development 2027.1)	modified	source/appModules/loudtalks.py	8853c7ab512c3ecbfb6de8460d1b6b43ecd7ee6f	652989b94ddb16157eb8178d52ba61df66ced9ff
master (alpha/development 2027.1)	modified	source/appModules/lync.py	9c2732c5d9d8b0797b2723693b9f191603da0ae4	afd2001ef5f11c8159fba9639ad614c82171a1b4
master (alpha/development 2027.1)	modified	source/appModules/microsoftedge.py	28e6f7bba94a9e351593cd7b0b18e3611b7a29cb	7356c531018ce7681bd7681a5c8df253476a45ea
master (alpha/development 2027.1)	modified	source/appModules/miranda32.py	73babeb89fd3122181ab84f380f2e7f052e60dbc	85cf786dabd4aa4a11f66df4a7161c035c9c5126
master (alpha/development 2027.1)	modified	source/appModules/mirc.py	33e3dda197b6b2cc8c5145cb50c1ad9a28aaf89c	ac08d643be805c57ceca04125284f32b56b979f6
master (alpha/development 2027.1)	modified	source/appModules/mmc.py	4e3d7cc0255f5367ef26163fe61d5a699b402593	f5a52bfed8af0b0fab4cbcdf033dce4abace0737
master (alpha/development 2027.1)	modified	source/appModules/msedgewebview2.py	fd5c8123dbb481e479f6443c1795985854afcac1	a314c656430271160763912899f291111d55a6d2
master (alpha/development 2027.1)	modified	source/appModules/msimn.py	ba67961afc70a87c5356afcd0869084ec8636ed2	6f96b48849d6e5ac407673d4a40656337889f964
master (alpha/development 2027.1)	modified	source/appModules/msnmsgr.py	0dd15cc5eb910e2a73082f39f67960c13a1b74d5	11ed5f95f49de6dd9eb02607e90a13bf15401f28
master (alpha/development 2027.1)	modified	source/appModules/nlnotes.py	6625db10e9b455a71390004f08fedc4c869c0df3	3bdeef52263cdb088fc7c6045d845faf1c6d65da
master (alpha/development 2027.1)	modified	source/appModules/notepad.py	872b46d89d9dc2af89a964813c228d82ffbbefc7	6d51e850f27aa2a824e446f977078cfee6611167
master (alpha/development 2027.1)	modified	source/appModules/notepadPlusPlus.py	bafb9abf360e2e7bbe1e690cb2097e6e4b0d05f6	5b0aa50a7f3a9a8d4f1314324f21b3f40871eb7a
master (alpha/development 2027.1)	modified	source/appModules/nvda.py	723de9f6c739abff12fd681c987484ffe8051953	d7b8e5c462c00340aa080d89ef195083306c1fc4
master (alpha/development 2027.1)	modified	source/appModules/openwith.py	b83de26c7619b54ef80b4254f4f154e5283ded70	6a7d37f4f681cc9650e5bf69ff9e7c8c99b20f03
master (alpha/development 2027.1)	modified	source/appModules/outlook.py	09e46f828f7ba005fd30261313345afeb1bbc8e3	0b422de56d5ded4792a69fbf12ffe7d528cbddd7
master (alpha/development 2027.1)	modified	source/appModules/poedit.py	a7e19d889087f2f40ec6fca00160cbe5dcf4df5d	357ee666eac4437afdb3a200047ccdb466f07ef3
master (alpha/development 2027.1)	modified	source/appModules/powerpnt.py	9244f84c3ccca9ca5bc2c2bb3cb859b611f840e8	c0e9025e317d60e85d0e55e894efa23b965c723c
master (alpha/development 2027.1)	modified	source/appModules/putty.py	41e505b94d701e5c3c71a727653b16d8f072318a	3b37d326d11b94416820938189c726d58ee344fc
master (alpha/development 2027.1)	modified	source/appModules/searchui.py	68385de169af1c5e48817d8ec24a101aab8e6623	22236e9c0d0b866e5f5df734a2738e7535c3c2a3
master (alpha/development 2027.1)	modified	source/appModules/securecrt.py	5bce1059aa7c134f05c598dd8ab4f894c18b2d61	63d805c863106d91a7cd2cd367473ba83e5b650b
master (alpha/development 2027.1)	modified	source/appModules/shellexperiencehost.py	a7aafca0cf41e20c1bfb61873968a143bd71d0d0	763864b38de4bf26cee869765919edb002eb29fa
master (alpha/development 2027.1)	modified	source/appModules/soffice.py	2c6ded0416732a5d9565d293c4761406f3a96ebf	54eb443befa512c9b578d6f7c86544e1e682ab91
master (alpha/development 2027.1)	modified	source/appModules/spotify.py	da975707ef05875ee538f958aa8604c87afa09e7	4abb0e3cb81b227cf7af167471ac80c9b1ad44a8
master (alpha/development 2027.1)	modified	source/appModules/symphony.py	3ab10889fa06515a8f3ecd66293d409c59c32f26	14609c6bc2421484d44d109be1e183cc2bde5669
master (alpha/development 2027.1)	modified	source/appModules/systemsettings.py	7f067f7bf5ffae8036ee79ac2042679386e3b9e2	78daaf1987a2d6ca68d27083e864e938b8936bb7
master (alpha/development 2027.1)	modified	source/appModules/taskmgr.py	01cfefc89abd849bb0f3716b09accbe990362533	87b44c00345ae46d08e08b24a3a429279fe90a14
master (alpha/development 2027.1)	modified	source/appModules/thunderbird.py	62c30a98567e9812b5431a9b79b3677d6e41a644	8f2bb2d159386c7325f3a54b8899475dc46eb7a2
master (alpha/development 2027.1)	modified	source/appModules/totalcmd.py	2d00510ad1c7fc7d1a2d55b831e9c7b43a03a67e	d1090893a1085847cb8011e5f2f9e76e7e25c5f2
master (alpha/development 2027.1)	modified	source/appModules/ttermpro.py	2fce5f37a15a283a77996e7c33f030f0f8330242	c821eaf6fbd02fc27f8677da4f13d7b910f9585f
master (alpha/development 2027.1)	modified	source/appModules/tween.py	bcd96b855538603ab0d5e3ff1ae02d96ffb921e0	5e72fa9bae03d1f93e13b86b6d40bfb8a60af0c8
master (alpha/development 2027.1)	modified	source/appModules/utorrent.py	1dfbe9f61d5659374cddfaba0e38a98bd25082db	c8845aa59337ae31b6468f932940678de794072b
master (alpha/development 2027.1)	modified	source/appModules/vipmud.py	d0e54c18d10cfd0d628c72e7579ad96edc9e94fd	5b29b0406c9686b3bb829b37bc77306c53fbf988
master (alpha/development 2027.1)	modified	source/appModules/voiceaccess.py	5823a8e07b289fa413a1ae00407a6e9f3a095160	e2be72533d4c528b40ed2dd3ada9231ce609c270
master (alpha/development 2027.1)	modified	source/appModules/winamp.py	8043510376402557bba4d6246dc39afcc3292c0b	9342e2c1f2793cec348de961d88b83148654c3b0
master (alpha/development 2027.1)	modified	source/appModules/windowsinternal_composableshell_experiences_textinput_inputapp.py	0416fc267b1557f7093848ac5a26ec013d3309d4	bb150e13ec5e2cb1f89bb3c171341d20dd0c6885
master (alpha/development 2027.1)	modified	source/appModules/winword.py	4d7a083c482766bdf4063648c2645f16aca0a325	0f2f376f4fdf595131b29db2e4b912a488edb317
master (alpha/development 2027.1)	modified	source/appModules/wlmail.py	c0894bb7290b116fd275103340c31d5cd2e2feeb	6c49a27f194b8e6ec8a6fd50d4aef7622e0ef8b5
master (alpha/development 2027.1)	modified	source/appModules/wwahost.py	22c566a75fe5356dfd9b0e4b532aa681a27ffdfd	0f1a59d318dd5b05743502ab09d90c0b5717d07d
master (alpha/development 2027.1)	modified	source/appModules/zoom.py	27dfe56039db61d5479cfb670f3d0f0552a252c5	75f91346f4fdfe08782292485c66941c2a9fb88d
master (alpha/development 2027.1)	modified	source/argsParsing.py	59fe786512900c1766b716c9b5196c6d6dc0a535	a518bc3474899a2bcdfe75e04992e6d46b647b84
master (alpha/development 2027.1)	modified	source/aria.py	4069fcdec51dbe8641b5b18366edb25e22bc068b	9f07a66cab29044d005f75b10430ee25fd510845
master (alpha/development 2027.1)	modified	source/audio/soundSplit.py	3270c3e12570ee651bed974c5e0dc83f0db03d19	3012d7e2f62a4430ea8a60956274a19273d45384
master (alpha/development 2027.1)	modified	source/audioDucking.py	23d4d59c0f0ab116364ae7881f124eb07fc6fda4	6458af94ad64d95379819df18921dff46747b0e1
master (alpha/development 2027.1)	modified	source/autoSettingsUtils/driverSetting.py	08a4c7f2d4d80e791e79e139ec94578945a873c0	4f145baefc306faa4a1d11360713405ca2a561f4
master (alpha/development 2027.1)	modified	source/autoSettingsUtils/utils.py	d8c2f8a0b1a6b7b1acfded6a80ba7ab628b80281	5181dba0efaf86c9eb585d948c52684c3b6d410e
master (alpha/development 2027.1)	modified	source/baseObject.py	264c5a1166ad50b23e1bfc2767650b03e418c5df	0330f70685db17aaa1bfeaf0515012eeb69dedcd
master (alpha/development 2027.1)	modified	source/bdDetect.py	50c112ee6379357c5255ae061260931c93dd5b0f	78b8e3c04defa16754e9fb73e0700490f5a79f6d
master (alpha/development 2027.1)	only-evolution	source/braille.py	5ccdface171624e98e1a0950876f23fa6f556172	-
master (alpha/development 2027.1)	only-official	source/braille/__init__.py	-	fe0bcb2671a9b26c55360a77a0c1920f554357ce
master (alpha/development 2027.1)	only-official	source/braille/brailleHandler.py	-	103285cff64b882a4938ba018f9563cb1569c12d
master (alpha/development 2027.1)	only-official	source/braille/buffers.py	-	ac6cb1d434c48ab3d11e9da6184888d2bc6aecca
master (alpha/development 2027.1)	only-official	source/braille/constants.py	-	4ffa0c50d337eb559725d4ea7d147fbc0c8687b4
master (alpha/development 2027.1)	only-official	source/braille/display/__init__.py	-	decfe05cec36f0aefac02c655eb6707bae6bf33a
master (alpha/development 2027.1)	only-official	source/braille/display/driver.py	-	164c59c261fb45c75dfdd29103940d7881fdfed9
master (alpha/development 2027.1)	only-official	source/braille/display/gesture.py	-	be73e46c8a5ae2b742e196cd0287927f1adc6c47
master (alpha/development 2027.1)	only-official	source/braille/extensions.py	-	271894da54e7dba01461ab7c2d96dbe38b70167a
master (alpha/development 2027.1)	only-official	source/braille/formatting.py	-	3dde9b8f788c4584bd28536624135e7d2fd8e6a9
master (alpha/development 2027.1)	only-official	source/braille/input/__init__.py	-	ba9d168edfe39f255d6ebed81d25dfbe563910b4
master (alpha/development 2027.1)	only-official	source/braille/input/constants.py	-	08e20803a055673a6147265b3f7dff4cfacc2ee2
master (alpha/development 2027.1)	only-official	source/braille/input/gesture.py	-	f995b5e6de9c5fb4c56dc11bf89b4f1012163392
master (alpha/development 2027.1)	only-official	source/braille/input/inputHandler.py	-	6c85c448bb7435f31719eeca8dd82b5f8a79faad
master (alpha/development 2027.1)	only-official	source/braille/labels.py	-	d909dd91abe21c2906565282dfb913c49b3a4e4f
master (alpha/development 2027.1)	only-official	source/braille/regions/NVDAObject.py	-	4c57eeed1a51f09672bec2556f0ecf422fd1c444
master (alpha/development 2027.1)	only-official	source/braille/regions/__init__.py	-	153447b5fa3cfa2bec80aec3703d23a520043722
master (alpha/development 2027.1)	only-official	source/braille/regions/_routing.py	-	e293ce05b608b0741dc2d6566fefd4362a961982
master (alpha/development 2027.1)	only-official	source/braille/regions/base.py	-	d14df4634a8c7e9c32ce277b03b888d7feef2d7e
master (alpha/development 2027.1)	only-official	source/braille/regions/focus.py	-	400e70037343a3be4d8ed6f4f32fd208d3b74758
master (alpha/development 2027.1)	only-official	source/braille/regions/properties.py	-	f77774d0e0640fb1f1f62629289cf5c27313db33
master (alpha/development 2027.1)	only-official	source/braille/regions/textInfo.py	-	0c859b05d2ddb0f617dddac2890f491c52a02118
master (alpha/development 2027.1)	modified	source/brailleDisplayDrivers/albatross/__init__.py	7566b3269f9e17b7b7a15814c8659da5f1bf69a6	f693cd8def8465435af0fbdfa3adcb661d592251
master (alpha/development 2027.1)	modified	source/brailleDisplayDrivers/albatross/_threading.py	d9fad82fa967695add1a323e3e867ae62df02bbb	ac6a2619f566b6f0755cd42704bbb6eb808cd110
master (alpha/development 2027.1)	modified	source/brailleDisplayDrivers/albatross/constants.py	64dc8d67edfbf5172d22d59bbfc0d3bbbda8c642	17cd40aefdea53fe6161df1c2b3d5d69d4f33e33
master (alpha/development 2027.1)	modified	source/brailleDisplayDrivers/albatross/driver.py	8b22c2aed27fe30b0fe1eb8c53c495776b6a0bff	c49623c109b6e6c83e54a1ada33488e7af887dd1
master (alpha/development 2027.1)	modified	source/brailleDisplayDrivers/albatross/gestures.py	eefbee383c389641bee19693c8f22cf3ebc3dad8	e0776cdc6f2d0db7b423800321973d84867f019f
master (alpha/development 2027.1)	modified	source/brailleDisplayDrivers/alva.py	73f8aaf63bebc9d1e6c89788167152e7d4dd4f04	8194a772c5f2470a520854a90c2652c06c410343
master (alpha/development 2027.1)	modified	source/brailleDisplayDrivers/baum.py	0f2d6aa6e47d68a2296a93b294bacf4094519895	edcb3583fb731b2c0a58f688cec81266f8f9879c
master (alpha/development 2027.1)	modified	source/brailleDisplayDrivers/brailleNote.py	3d843cf8e3d319263efb3ea824372d10de6d1a4e	98de17ce07c0a378f7206b442490a8e14f1779ba
master (alpha/development 2027.1)	modified	source/brailleDisplayDrivers/brailliantB.py	e7fdd639888664f919b78c48055d70a1197d688f	6613abad1780946cfff587dfd0c1a909b09a97d1
master (alpha/development 2027.1)	modified	source/brailleDisplayDrivers/brltty.py	b015779c1646f4f9e9d8fb7ee9d42c8e9fe81107	77c8c291496b5b4b521163fa9219f195c00acc1e
master (alpha/development 2027.1)	modified	source/brailleDisplayDrivers/dotPad/__init__.py	4ff59ea5b3beecd0f1834fca9140cd32391fe54f	9f6d46039ef6737d78076a9b048ab98cfc27c05b
master (alpha/development 2027.1)	modified	source/brailleDisplayDrivers/dotPad/defs.py	b535eb2b885b1eb0f8b67f4cf467cd29e6800fa9	f9871353c8fc037ec26a7cdbe03be457ba3e01d7
master (alpha/development 2027.1)	modified	source/brailleDisplayDrivers/dotPad/driver.py	c0ab8d4df5695ca00a4ee83e10e06d280731e368	68ea95f121ead8e70a90931a83f16839d729f5e9
master (alpha/development 2027.1)	modified	source/brailleDisplayDrivers/ecoBraille.py	b7c0547df16ef3b637e93098222691712786a3e8	0eeffcf3adde423d35138215442dcd3773a51774
master (alpha/development 2027.1)	modified	source/brailleDisplayDrivers/eurobraille/__init__.py	12dfbf8d52a35030e4b542ac73740222d4322222	7e9ca34514b3df9bab85ecfaee7ba23d04c4270e
master (alpha/development 2027.1)	modified	source/brailleDisplayDrivers/eurobraille/constants.py	0def92e5f21e589e2927aaa17b4bcb7bcab98f3e	2f1ecd14319eae0782533878212d686b5bcd7a4a
master (alpha/development 2027.1)	modified	source/brailleDisplayDrivers/eurobraille/driver.py	d63edc25746f8834e7f1d17ff2e5ec2d77a57208	2406e50c36cbf891ca54b1bfd1818dda47727ad8
master (alpha/development 2027.1)	modified	source/brailleDisplayDrivers/eurobraille/gestures.py	b02e307cb8bd30281622ed03afcb9e790a4c1bad	e53464d30712e93846d153c021717ed95fc8585c
master (alpha/development 2027.1)	modified	source/brailleDisplayDrivers/freedomScientific.py	5511d700b4d9e652f17580728b9dc90fd03687a3	1f3a547b6bc9b315c70b135e8b53979ffba66350
master (alpha/development 2027.1)	modified	source/brailleDisplayDrivers/handyTech.py	ecba0ec6446276b8d1ef38266d0120f2aa3768f6	0d6968b8f4966ea4b7addca4639c3108683a2bb1
master (alpha/development 2027.1)	modified	source/brailleDisplayDrivers/hedoMobilLine.py	bfabded9a316ec38f3685bd0d9654eee2590ce65	6438f7cde81e2b6d7e06d2c91b13f154f6649bed
master (alpha/development 2027.1)	modified	source/brailleDisplayDrivers/hedoProfiLine.py	f085f76803769779ae47e01a3dee93693c7aa734	e1bb5ddc250c2ba7a39e5f0925efb47c395df69f
master (alpha/development 2027.1)	modified	source/brailleDisplayDrivers/hidBrailleStandard.py	f74e4e84dc0f0320dec490a10c108fa043e02741	f145354462a0f15e4f97b28b75fbd5eb638c1d5f
master (alpha/development 2027.1)	modified	source/brailleDisplayDrivers/hims.py	25bd648bebd95fa169de2e99d5b67c6d07811c59	18bebd4b5ae886e15a8ac28945fedd247752873b
master (alpha/development 2027.1)	modified	source/brailleDisplayDrivers/lilli.py	b930e014bd9fada004442170990098b9d88954e3	4aa7248dce00df9efed58ea7bb6444f7c5f9476a
master (alpha/development 2027.1)	modified	source/brailleDisplayDrivers/nattiqbraille.py	9088ed5c0806f7711b286f35c7e6b423742d90a7	360dc2b276efa5d0a6d8b519327f375ef99ab90e
master (alpha/development 2027.1)	modified	source/brailleDisplayDrivers/nlseReaderZoomax.py	f3ea28dd6100e093afcdb05e8d4521c0648b9497	a3c1e5989feca1d3ed049321f0ad77ff992fdbdd
master (alpha/development 2027.1)	modified	source/brailleDisplayDrivers/noBraille.py	420950782db406e7b1c638f366f2096b1c1501f4	6cc32d603c856e7bd662f7217787a05953452aad
master (alpha/development 2027.1)	modified	source/brailleDisplayDrivers/papenmeier.py	2bd13ac49b2803e92ceba57dd696fbdd5bbd683f	f2f1a4d211e76e350f31c71131bde8a9d4af444d
master (alpha/development 2027.1)	modified	source/brailleDisplayDrivers/papenmeier_serial.py	bef1b1ec43c9d3f3e96ac00e4e9d34f3ac879575	3b398df849b131e9d18841bc402b5efec04a613f
master (alpha/development 2027.1)	modified	source/brailleDisplayDrivers/seika.py	a4e5ede2a828173d95db66cf27e8a6dcfc191584	899f2f4b3323bc3c0b40b22a33f13f50f6d6e2a1
master (alpha/development 2027.1)	modified	source/brailleDisplayDrivers/seikantk.py	92a454163b6992c3b7b53e51ca51e3fb5bb8c76b	9d7b60da9865e439733804804abf13389bcd2e07
master (alpha/development 2027.1)	modified	source/brailleDisplayDrivers/superBrl.py	beef924445f609d49b5dfb5a39b1a51f8970547d	cfc01e4ae9185df8805313a4908b267e8de5e3ed
master (alpha/development 2027.1)	modified	source/brailleInput.py	4b7fedb34c92fbab62018bcb508bb464cae40d2d	543bf4e9da5869d8a3a4c72e26d5628e8154d54d
master (alpha/development 2027.1)	modified	source/brailleTables/__init__.py	9ffba1444df660137c9735fd00ba07086db1f3d2	dfbf9a2b6a5ce3708c7a7586e9c8c964503ff4bc
master (alpha/development 2027.1)	modified	source/brailleViewer/__init__.py	b1df1ca5df981e7d4a1d05e1df1e93a84c772dc0	082f689bd4e54831006c69f666d32fb26fe32ec2
master (alpha/development 2027.1)	modified	source/brailleViewer/brailleViewerGui.py	93c07a921227898b41cffb19faa58ad9851ab136	fc6451bb9703ba1871ff7f63819746f91a968b9d
master (alpha/development 2027.1)	modified	source/brailleViewer/brailleViewerInputGesture.py	84a415175712659fcb3332f102487c8e1f4f77c0	8f761a72c5a47d9b2d976dcdf5c3ebc28e7695b7
master (alpha/development 2027.1)	modified	source/browseMode.py	a8cb791068be3e1f97a02b39ce21a804992a3a94	e3ef5bbd30ffb68f6773909402609c45a018a41f
master (alpha/development 2027.1)	modified	source/buildVersion.py	e0e9af5909cb96bd5bba2bdd6d615ac2af52f1ee	c2611471805829793da14ebc259610995e72bd8f
master (alpha/development 2027.1)	modified	source/builtin.dic	6306995032776219a52db19336b81b5f313b3c47	78e30608dd1e81e3ae91509f12eb177d0f3d138c
master (alpha/development 2027.1)	modified	source/characterProcessing.py	238c4da5b19113ecab0dd6330dd77757500bc1fc	850995544f6f6f0e7c19ca5ce4e77626786c37a3
master (alpha/development 2027.1)	modified	source/colors.py	830187f390d7ec3864d651ea1e72a04434ff7765	223c3082a7f474307d7d3a8516666f0a2cc9a6bc
master (alpha/development 2027.1)	modified	source/comHelper.py	a6748a09f90d06db5ce84b253f1d8182a2223091	d02370941c392d4a1121507d6dcfdc748ed6773b
master (alpha/development 2027.1)	modified	source/comInterfaces_sconscript	92ce5c7a1937c7954e5f551836fbfe9e6571c9e7	a584cd1852bb5558d261cbfc44404aea1b61cf39
master (alpha/development 2027.1)	modified	source/compoundDocuments.py	c2fe19ee9aa0b9a15e264ad5f76a69fc40a06c85	b96d494715766459472273b6ca985f5f0182d9e6
master (alpha/development 2027.1)	modified	source/config/__init__.py	b3ae0cab8f2d3e16134c5ae20b10ae796e8f7e6a	c83a6eacca79658ed7da572f3b07ce09ee99200d
master (alpha/development 2027.1)	modified	source/config/aggregatedSection.py	ce3abc040a19d6af1704bbe8eacea5221b146f35	1b0609b8f5f86bafa64511d4aa57e1f16782506a
master (alpha/development 2027.1)	modified	source/config/configFlags.py	9a8d93a35755d3e8872c1cfac3fef38731fb6c8d	5050f03185e86327a67d636a68f2fcf49672f3e2
master (alpha/development 2027.1)	only-official	source/config/configSections.py	-	dbe06a55ecbe13c4e7d2bf7ff828c5051015225f
master (alpha/development 2027.1)	modified	source/config/configSpec.py	1c058c3335c26ba79a9f7bc784942d4fa0c80217	47e49c239023cc853d97106231546cfd998c6068
master (alpha/development 2027.1)	modified	source/config/featureFlag.py	a3b0a2930e97c7650cba5a13c304497bfee59eab	a01d439af303c3917848b315784c37099a1ea243
master (alpha/development 2027.1)	modified	source/config/featureFlagEnums.py	5bcb1db1fdb0a7ae3e4f641e108eadf5b3b878bd	fcac086e2b7b87f3300103c01f9c36275dc96938
master (alpha/development 2027.1)	modified	source/config/profileUpgradeSteps.py	cade8ddc09005450e203e10343673df0e535d1b5	73732be15cc297db1c60bcf49368b753c781f71d
master (alpha/development 2027.1)	modified	source/config/profileUpgrader.py	16c44583e6db2030417c57b9a1ecfc2c7934dac1	cb9326d8376f09fc2cfef845e0d584d75d565e21
master (alpha/development 2027.1)	modified	source/config/registry.py	1ff385f6d2a023b714a4f68298e177ffcfc6b8ce	ecea431d727f3bd058cf26addfdf97451f7e7cd2
master (alpha/development 2027.1)	modified	source/contentRecog/__init__.py	39975b16e5e1ec480ea3280155cbd39308d4e61f	1358e73cef491d5a6fdd87866fa229cb64d8644a
master (alpha/development 2027.1)	only-official	source/contentRecog/_wgcCapture.py	-	0820b774d0ad5c6e52810f0799e5bf7a173a9ba0
master (alpha/development 2027.1)	modified	source/contentRecog/recogUi.py	86042fac9fe5243d36b95e5497ff6014f2006028	ccdd3967c7c60ccc944d31894efdd73b6fce6e0e
master (alpha/development 2027.1)	modified	source/contentRecog/uwpOcr.py	0610d5fbbf79b69bbb7ce282e532600ec5e7e48b	4994b1a05b570296a09243c508bfc83f4702e42b
master (alpha/development 2027.1)	modified	source/controlTypes/__init__.py	63015645f0aeb57b27a9a70b0a156352179c6a62	09bea49b303e30e987038914760a49278375a76c
master (alpha/development 2027.1)	modified	source/controlTypes/deprecatedAliases.py	c09dc47dacb78f5244f39c1d71fea33d69ddcc29	34bde1e25d9c129e4c87fd41f7db1f37e7071c63
master (alpha/development 2027.1)	modified	source/controlTypes/descriptionFrom.py	091e0be47b0ab8148141c633d292646f1894babc	8be7ddaea5ca3c314b4f4aaf7a5a2087433a67a4
master (alpha/development 2027.1)	modified	source/controlTypes/formatFields.py	a12f32cabf36fcc729484c7926d811a1660c7a51	ba68306807aa79b7a2c650d5cb888a2b3b775cc6
master (alpha/development 2027.1)	modified	source/controlTypes/isCurrent.py	cd580ad1551751c779cf56f2f10979d5e020cc6b	7cd97cc140565dde3f2016051ebd0772c2f52a51
master (alpha/development 2027.1)	modified	source/controlTypes/processAndLabelStates.py	79a5b2acaa204daf4ff71072a206d6b59307a321	aedebf024ca143e524891929855ad4db70806fd6
master (alpha/development 2027.1)	modified	source/controlTypes/role.py	46edcb8606a3c58ea3069896c898889d10c807ce	22b0fcb3ff1296b535346fb7c727ed892879f5d3
master (alpha/development 2027.1)	modified	source/controlTypes/roleAndStateSpecialCases.py	6b3895f675daff51ea037fb88522ea45ab2148ba	2f65d0cbea9085c701f88aa759c20321b3243639
master (alpha/development 2027.1)	modified	source/controlTypes/state.py	337675621dbb32928a6f991905072167757e395e	ad73a488f75ecf5e40d73eb77cd158962259f160
master (alpha/development 2027.1)	modified	source/core.py	f1ad8084a6f8d71a951a8acb7cc84ed5c8d33344	4aada9508e2fc1f202d510a788fdb6e75a49f650
master (alpha/development 2027.1)	modified	source/cursorManager.py	4f4231dcc798f8b16511de8a4d4a41a619d01a5d	54750f0232b71730eb59e27ee3267ff7a02f761e
master (alpha/development 2027.1)	modified	source/diffHandler.py	8ff2f1357b4f5ae496ae45604559d00c7b16171a	9a3aef3130294794fc5f62e0d4c85900df0f41a8
master (alpha/development 2027.1)	modified	source/displayModel.py	fde2cb0110e319bccf2afb8d40fbe59317358902	c68ad927479b458b2a011d68d947f959c9e17259
master (alpha/development 2027.1)	modified	source/documentBase.py	c0714fdf6d0494336c2cc5eaac7e89004198ce10	1f48f328fff0a7442797b559c392448bdf020bf2
master (alpha/development 2027.1)	modified	source/documentNavigation/paragraphHelper.py	2b811f3d05d400bdae08953c85b65cc8a37223d5	88f706595b0ee0c7f6596a26fdadfb005ca9eea8
master (alpha/development 2027.1)	modified	source/documentNavigation/sentenceHelper.py	88bb4dee81386942aa055de4468cb440a155e072	bfae0e3641b8ee37ac9e835ecd38c4c14106922f
master (alpha/development 2027.1)	modified	source/documentationUtils.py	7de600a62b9dcf6aad3440b1877663e7ee69d999	ced4cbb19472167e92d7696f42ceebabf6f67609
master (alpha/development 2027.1)	modified	source/driverHandler.py	93a14ab066fe944809ab217aacff073c4c19b78e	1cd5e20634c66243485d4b9c7100ad392bac0fbd
master (alpha/development 2027.1)	modified	source/easeOfAccess.py	c9c5ea7fe335263fecebdb88d22010eee5f82db5	039ff8b533873d42ca7528c19ee69660ccc62a1d
master (alpha/development 2027.1)	modified	source/editableText.py	3ca47189cc9c89483c8e3cf895a5f813545647dc	2c8d4efde7d17490cd0df6200fc371373023fb9c
master (alpha/development 2027.1)	modified	source/eventHandler.py	39e29456d82c05b996307b6d859c158bdc14c530	38d809a0a6282ce9136936c0636a8606c3c47da1
master (alpha/development 2027.1)	modified	source/extensionPoints/__init__.py	54908b611de27e5618d917eb9b80c280151a1195	c99fc46ca64b6f245cacad77a3250f70b9554ab2
master (alpha/development 2027.1)	modified	source/extensionPoints/util.py	5b6f9b3b20160a63725dfb96a2d54080c8ecf8fc	8c93dcf33e52d98ef2d414446c58afc8d70100bc
master (alpha/development 2027.1)	modified	source/fileUtils.py	867b1894db3d17a449eb52c94c28925aa91367ff	d8ee18b35c68d08b4fb2f5c216850019836083e3
master (alpha/development 2027.1)	modified	source/fonts/__init__.py	1511e2f78a44b032f1b66f12838c498b4a888e13	86932a5a8e553a77a733dec6b80f0ad095d617b5
master (alpha/development 2027.1)	modified	source/ftdi2/__init__.py	9ad01849ba0c7c27f8d6232e566d42c6610a0b78	30a960b34cbf552884e4e65889bb859bc8cd9a5a
master (alpha/development 2027.1)	modified	source/globalCommands.py	b72aed630417d944c461eb1b6619c16126b86647	e3bb3088a95fd6501dc26f569fd996b1a0ae6a04
master (alpha/development 2027.1)	modified	source/globalPluginHandler.py	689ebaa106e9481541569aae87ef813232322cd0	f4e3b34429829c1f4e3f945b0b64970d1f192b6a
master (alpha/development 2027.1)	modified	source/globalVars.py	7f569bd20f711191eaeb78bd189358b78b9835d4	3ab20a1762a4bf5f41d67b416718d70b4c723bda
master (alpha/development 2027.1)	modified	source/gui/_SetURLDialog.py	adbe865b06e0843292f94efa9ce72b143ac7a37c	8d7abdd1879ba54563ee924a135b57e6421829f4
master (alpha/development 2027.1)	modified	source/gui/__init__.py	14fbd16e7ad88c677dc473cf7620bd7326d0bb09	20df42bd506ad5d97c8f7e07a725b42b52e13b8f
master (alpha/development 2027.1)	modified	source/gui/addonGui.py	d48d120a67662b625e279753366347c604c0f853	c45839e22ed67539ed5b1b10d0a16dd8c9375b8a
master (alpha/development 2027.1)	modified	source/gui/addonStoreGui/__init__.py	3a16080b210adf61af29bedb483e87caea3e8e05	ca5cf7409b2021f0f1d63ceb0b14554c261306c2
master (alpha/development 2027.1)	modified	source/gui/addonStoreGui/controls/actions.py	f9000c80645fc1ab370ec723dc93d734fce5d69e	be061c446ac45e5f661f35e6760588be561bcb31
master (alpha/development 2027.1)	modified	source/gui/addonStoreGui/controls/addonList.py	614fdb298397c45203b6bd3045d25e003de7e42f	371cae65285f205131b471d3bcb150a43869ae11
master (alpha/development 2027.1)	modified	source/gui/addonStoreGui/controls/details.py	d0bc53e250dee8a027ff69dd088af37ab4dffb5a	4ba8b75b6b043918d04bea3b5e9df99b37f35a50
master (alpha/development 2027.1)	modified	source/gui/addonStoreGui/controls/messageDialogs.py	df833fb0ddb9f43723258874eff57817b0a8375c	bee031a86a3ba59480416c59f4e61beaef248e47
master (alpha/development 2027.1)	modified	source/gui/addonStoreGui/controls/storeDialog.py	437aaae6f57374aa344e8ba136056d2176398db5	0dbf0b935530c1c0a546aeeb635fa7420a7aa74e
master (alpha/development 2027.1)	modified	source/gui/addonStoreGui/viewModels/action.py	1bf4c7694aa22185b0221bdb4f8a407d58b0c210	da2ca33f484efe77eb3e92c31221c758ad197701
master (alpha/development 2027.1)	modified	source/gui/addonStoreGui/viewModels/addonList.py	6ea032f9c1ac27e05af14212fbac90610e001d27	0474a7d8ceffaa51c89d1e227af2380309813dbf
master (alpha/development 2027.1)	modified	source/gui/addonStoreGui/viewModels/store.py	5572acbc49d8db32ff1c02c82535a4e2ed2d3a38	3b481d632f408a6b2d5b4645681b06c6fcce9237
master (alpha/development 2027.1)	modified	source/gui/blockAction.py	008ade69abfa7676c16fe3e6d7e1e1787d9fec1b	8bb036128d3acc7df58bcc76e7b054a6bfda5ace
master (alpha/development 2027.1)	modified	source/gui/configManagement.py	29e4b3fe4d795ced8f3e78341748b550b49a75d0	e5120a0d06a2a0005da0ad0fa3c914e64a03301c
master (alpha/development 2027.1)	modified	source/gui/configProfiles.py	8e33c8b7aa048e940b8f0b283c19bc62469a8a36	d4713c51d70a36d6e960bcfce7ae162840f5fe32
master (alpha/development 2027.1)	modified	source/gui/contextHelp.py	1594fbc92ca69ccbac1fe9058193729172be1187	32c12e7f3b8783aa479d4c70e61b15d7f8f445fa
master (alpha/development 2027.1)	modified	source/gui/dpiScalingHelper.py	6683656dc6aa74ae4dc2fead060e07ee59c277c4	fb59bbdefe23074717f4856dd8556221994809da
master (alpha/development 2027.1)	modified	source/gui/exit.py	9818e3033ff47e7283a7048766f33d6dec10f4d3	bbd3d116e25ec3f60b3ff9028aa0d0145f369b7a
master (alpha/development 2027.1)	modified	source/gui/guiHelper.py	600060930cf2d4454fc95a11d00d2606652fd142	7ec5fcdd3209e554d289f02a4f3dba1a4605ae65
master (alpha/development 2027.1)	modified	source/gui/inputGestures.py	8227e9712a6b8f596c8d16da20e3b5dcebe96275	131ada46a7117a4ba12a0d119d90dbd3b4a41dce
master (alpha/development 2027.1)	modified	source/gui/installerGui.py	16154d530e4347060489c682aaafdca951a26626	f9c49d49a9a99f15804713399002af105788393c
master (alpha/development 2027.1)	modified	source/gui/logViewer.py	7e7b973a3fed7500bb74d7771aacea0557f4d123	6edfeb8900084b59f521af7041bb225d689759c3
master (alpha/development 2027.1)	modified	source/gui/message.py	6f12aeb7105ce2dc2bbaf9bbdf8e6588624d1425	6096e58696f89a9eb77cd19e6303611f88dd7a21
master (alpha/development 2027.1)	modified	source/gui/nvdaControls.py	9256d895f0b0b7a93a88b9a1c90665ba0d3244ee	bce5acb131576b8fd126590974645a6959b36708
master (alpha/development 2027.1)	modified	source/gui/settingsDialogs.py	7bd0939d3b44e3e5683d1dad968f08968606a17f	6c0b4e3342ae1d1a410820c62c897ad256b7fca0
master (alpha/development 2027.1)	modified	source/gui/speechDict.py	5a46cf7d4b8ef520c8d712e3d2179d9ba5f0b432	ba6a73da78775ce51953badd424cf07feef68f45
master (alpha/development 2027.1)	modified	source/gui/startupDialogs.py	123bd57654063c9d0ebc16eb6880307a2f7581e7	7dd98d142d8a10b99f2208c5736ca2658c82f172
master (alpha/development 2027.1)	modified	source/hidpi.py	3c6f7287ab2e90379b78e8a8811388913754de14	1febc7d00d87b40cf0f30fbbf48efcd3c37a508f
master (alpha/development 2027.1)	modified	source/hwIo/__init__.py	47c3989c97d4edaf8b59c2dd40137b1ea8fc746e	4a87c6799719e88b94df77f56fd94f45564d5075
master (alpha/development 2027.1)	modified	source/hwIo/base.py	d95005969a95c09f015d29451bf1e8c214eebf00	48b5a8acd73de9feb772fe46a6d738540e089ff1
master (alpha/development 2027.1)	only-official	source/hwIo/ble/__init__.py	-	de034406f29631a5ed5aedb5c7201563869bb9b1
master (alpha/development 2027.1)	only-official	source/hwIo/ble/_io.py	-	05dc05109e0b5c938f78c8bfe9f37e47e2fe4246
master (alpha/development 2027.1)	only-official	source/hwIo/ble/_scanner.py	-	cbbc90bdf19d098f66dd9c3c869b72e037ffbfb5
master (alpha/development 2027.1)	modified	source/hwIo/hid.py	46ae41c3b623378caada47f739da04962abc86c9	6dbaa3d71d6b311b6a7438a09728955157187ec3
master (alpha/development 2027.1)	modified	source/hwIo/ioThread.py	fbcc13f624e4a0d407131c1520a1f4342436ba42	93d44d472af1746258214cd678ce10c9d5d5a193
master (alpha/development 2027.1)	modified	source/hwPortUtils.py	83a84f2aa3aac057b8bfe91d93ebdcca5c134010	1d6605c3adf20acabfeb2c58f0cb45d0eb0c2e34
master (alpha/development 2027.1)	modified	source/inputCore.py	c5f19b956381f5a6e95e251f232eb325fc2a82a6	f1f857adde4669866af8e28be1b2fb1128b7f2ef
master (alpha/development 2027.1)	modified	source/installer.py	e214ad2a280eab17c174396e4f570689b684735b	c61b722304be0301cbe56e4dfad9cfc0ee7c4f8a
master (alpha/development 2027.1)	modified	source/jobObject.py	b81217f0cd4ee0e9ecbce73ee8f3eb6c80de9924	8fef7df7173947c4ec38392e97564d904cdb07bf
master (alpha/development 2027.1)	modified	source/keyCommandsDoc.py	dfdb30705f57fc6119628899230d504d0682568a	99509476fcb9fa4cc91e45ea0e3847aeb13e91b9
master (alpha/development 2027.1)	modified	source/keyboardHandler.py	93c2fdee4fec068a5457890582934a9e659f607f	e078e774330084b4ab58719cf5e8ad944de9f842
master (alpha/development 2027.1)	modified	source/l10nUtil.py	ca9e31d1264a08ca2b80464fd9ec18804d1e6c8b	bd708e151ba4cb09383a5ef0979d762a57b9733b
master (alpha/development 2027.1)	modified	source/languageHandler.py	54de6ddb79dc36b64da7910a757911b111e77682	9fde624da97b93ebd539279237b423abe3a0e31e
master (alpha/development 2027.1)	modified	source/locationHelper.py	9fe381e55ccbecda86f8599eb485fbe68cffa391	c2a58bdaec361657e0d972250328e3eec2b19c08
master (alpha/development 2027.1)	modified	source/logHandler.py	228c7e9f95af9dfb3e390aec58b1addb32bbc955	8fc1ec4b3c4b450ef5ebda67af2952e4e29da460
master (alpha/development 2027.1)	modified	source/louisHelper.py	d59b6730b60811d638269fc430b7b950f0775a19	9728773c4e333d7345653b7a375d72304b6eee82
master (alpha/development 2027.1)	modified	source/markdownTranslate.py	a95f2962334764816db308a6f1497456bdf0875a	f726882d4cb3ec332094304523cd78c354299e03
master (alpha/development 2027.1)	modified	source/mathPres/MathCAT/MathCAT.py	a6c97306e21f40f6b1e1d8c5ac048a7e0b3487d4	f669c2512feabe57c6b59937c4c3c113dbd0ec20
master (alpha/development 2027.1)	only-official	source/mathPres/MathCAT/_navNodeMapping.py	-	f350ab4e9bfe5e2cc5c05afa8b8c9bf107e42270
master (alpha/development 2027.1)	modified	source/mathPres/MathCAT/localization.py	a2cf968925b6e0f37df608b4df8ade9b1f07ed0f	5a5df9bd6cef5fbab2eae56caae3a142cb9f3b25
master (alpha/development 2027.1)	modified	source/mathPres/MathCAT/preferences.py	8d9f86ed026003494ea10226e5f6d2ddb6a9fe05	3be48a83a6ef89aa0a56ae9c5b31e9bad641ffa6
master (alpha/development 2027.1)	modified	source/mathPres/MathCAT/rulesUtils.py	e7fe20cd6fb1522cfdf900550ca56e977da1a0fc	eece23c50ac7c58e4ef84fcbb456b7d5bd2d1d0a
master (alpha/development 2027.1)	modified	source/mathPres/MathCAT/speech.py	89fece557d5cae0e0b3f1ff6ae79b33acd15bc5c	04cea533b42b074ee3996493674c6b46fc24f3d9
master (alpha/development 2027.1)	modified	source/mathPres/__init__.py	bb54f277c494c58c6ca30abd52a3eeb831423b02	cecf7e602f6ab78b55fbf70a1f1c78bf1cbae125
master (alpha/development 2027.1)	only-official	source/mathPres/_mathMlNode.py	-	b6c078912251b1d4401321d7779c2b034f688db6
master (alpha/development 2027.1)	modified	source/mathType.py	ce99d30a5966e5044b640b5ffe879d2da9c85473	dfcf92390e3b0d8a9d5f0e3d01c5026c6d30e49e
master (alpha/development 2027.1)	modified	source/md2html.py	6f96e3c0c0c1eaac702521e3f5328aa37bfbdcd6	52e8935fa6b4e5cdd72500e987c89809a351345a
master (alpha/development 2027.1)	modified	source/message.html	396aa3ef1ebfabfee8f2df35f45c9ce7fa4cb014	71263a75413ac26b5aa20e4bab66989218c2c33f
master (alpha/development 2027.1)	modified	source/monkeyPatches/__init__.py	199d15638d4285a08972f55b09efebe1a3bd3237	831bec0c31fd55fd7c6d2c2fa6113d80a0e601df
master (alpha/development 2027.1)	modified	source/monkeyPatches/comtypesMonkeyPatches.py	c85aab471fc9158b411e3ee6fb3b265f80d92d90	e93b842f3798a1c4977228e351d76610cdee8d8a
master (alpha/development 2027.1)	modified	source/mouseHandler.py	a213d8120bc8be4458edcffc4d60245176b36517	9a0afde3567c2ab839263d843a5085415bfa8228
master (alpha/development 2027.1)	modified	source/nvda.pyw	a062b761ab0af50dff9345a21e7219198f41ef0d	caeb8eeb8bddbbcaac1d4f6d0458d5f1b9d8849c
master (alpha/development 2027.1)	modified	source/nvda_slave.pyw	f64581b1d010921db0c8297ed16e090e79a475c3	38cdaee972975c304a9eb763056a9dc131b23814
master (alpha/development 2027.1)	modified	source/nvwave.py	263c2f1483c5ae6eea4e4bc44e87985692003dec	9234b0fa6a12ea01e22d1988a2331ae7610560a5
master (alpha/development 2027.1)	modified	source/objbase.py	6643505116c5ae48ec88d341060f5189cb1bd2b0	7357e4b4c9c5a4a1d7a583664271de8d3e8f1035
master (alpha/development 2027.1)	modified	source/objidl.py	71d2fa9e72e44cb54b50593128de4fd91c569c9f	dc7698731cee65fe9cef4bf675a812e2abf5da68
master (alpha/development 2027.1)	modified	source/oleTypes.py	3d5c22fdfb281a25a5df77b263feb039ffd0525a	bd828beb0c436ad67d1ce9b2dd4e1329d16a1f45
master (alpha/development 2027.1)	modified	source/oleacc.py	1c6168d70125db10373befb10b2e4c8690cc4783	15d03b07020e9267393165cdd8ea6b2d5408aff8
master (alpha/development 2027.1)	modified	source/pythonConsole.py	5bee38c5df8d0e33b26f0e61b62dd0bc3dda8a4a	98b9eda43ee9d373f77a4b85c7178a40fe7b4116
master (alpha/development 2027.1)	modified	source/queueHandler.py	835dcf0a58feed355344813878dba3bab55d3543	60e89cfb7f51adee11da04ab05dcf97aaf9f17e6
master (alpha/development 2027.1)	modified	source/review.py	636fe28d3a739f59bd656c39577f14241afebef9	6ca4a794c8b4cfef8c460b71558d57ca8d252d29
master (alpha/development 2027.1)	modified	source/screenBitmap.py	da079b2bc2386a985058500c4a7bd6c5e3bc4aea	81c81d944c391774c9d7c5acd3428fea8b03684f
master (alpha/development 2027.1)	modified	source/screenCurtain/__init__.py	b9e6cfce045e66962e54913bacba34a8f26f4eb8	1320157f90079796cedbe29e282222d53a19af15
master (alpha/development 2027.1)	modified	source/screenCurtain/_screenCurtain.py	331303f48c3565dbb52330e69a8b16a544743b14	e9acca8500c900deca9539a275c07be74cad9989
master (alpha/development 2027.1)	modified	source/screenExplorer.py	ca2c3cd22e9987bc35e3ee5ad5a1f8a906aaa5e0	ea2260980ea6c67adac2c92f916d393e5b5cb111
master (alpha/development 2027.1)	modified	source/scriptHandler.py	417a958bf11a0a07571921f4bffc917816f3ff9b	8312112e9ea990eed21ace26e70f94a9db0a2b22
master (alpha/development 2027.1)	modified	source/setup.py	efdeba68640ea750a8d230f20f0d24a570e5d473	02c356d2d3e784193e5140d38fd234ebdd10aa55
master (alpha/development 2027.1)	modified	source/shellapi.py	1660e6b949926be4cd1f7d005b6006b049487827	fc7c5e070c153a6ecc8722da704fb89f3924f096
master (alpha/development 2027.1)	modified	source/shlobj.py	b3cffc64a3554965cde0ed9c3aed0acacdda7e47	c39c580b69eb82242599d7f5ff28f51f59943d0d
master (alpha/development 2027.1)	modified	source/speech/__init__.py	478091f7f84619ed5df393be8d539d9e79284be1	d82fc5ca844315db47dc0732f243f00a5b3a557a
master (alpha/development 2027.1)	modified	source/speech/commands.py	4715548ceb652dca8175ee32b31b896eef83ff20	af27cebb828af366cbe9182a621a2cebd37c64a7
master (alpha/development 2027.1)	modified	source/speech/extensions.py	240c5094350641d4c04bf1787c8665eb7c7e82c1	8bc601cbcc28ea0ee0ebffabea2f015e51b4cc1b
master (alpha/development 2027.1)	modified	source/speech/languageHandling.py	6571406acfe5230cafbfe9de7f842116f32a189e	de5ee34b101189f2017b017ae75875b458229667
master (alpha/development 2027.1)	modified	source/speech/manager.py	2f2507f1d4554350660c6ca2b7401e0814ce8dfb	d6da8a675b3a43d0d38e5540a8c69d7e4870ad2f
master (alpha/development 2027.1)	modified	source/speech/sayAll.py	b688ffd40bac3f9aad1d741dd02f0084ef4fbc43	e2836df9fb029228e17b57b08cd06f3ac6e7620b
master (alpha/development 2027.1)	modified	source/speech/shortcutKeys.py	6dfeb6b9cc7ddbf6b046620908b470f5bc3800aa	b3861f472f350a65276f1363b8385268ce5e4803
master (alpha/development 2027.1)	modified	source/speech/speech.py	3b3135af71b5a0e006fcccca43f7cbacbb7c4285	e6d9a402326e736f5fb6e25186ddffd732458dde
master (alpha/development 2027.1)	modified	source/speech/speechWithoutPauses.py	a86523d60cb296d0b28a362dc3395263d39b8115	3c3b823931b4b04c70abe17bd4255e3e0b2a40eb
master (alpha/development 2027.1)	modified	source/speech/types.py	c6feb412870ff966633b7d57a7d5185680d521ff	8bc84c2265b2eee30fb56bcce4d8d42fde3deddc
master (alpha/development 2027.1)	modified	source/speechDictHandler/__init__.py	17aa9156aea77ab28c9569a7c8dddb910798e4f4	288a585dd0c58f134fa1f7608fc897a4e02abc53
master (alpha/development 2027.1)	modified	source/speechDictHandler/definitions.py	ed3bdd836c911fc7001e38063a241538909f9bad	5c4abe755280c9385bbceea45477b72099cd5789
master (alpha/development 2027.1)	modified	source/speechDictHandler/dictFormatUpgrade.py	6d0775332711ed5517bc9be5f96df91cfa78fed9	45ebc3c14371098d24ae36fd3bc7477e2b7322a6
master (alpha/development 2027.1)	modified	source/speechDictHandler/types.py	7d7ff3aa4fc0e9ee23546b1436a969f4784bc7f4	b3a84033b38ab327023114af70b5416b89422ba7
master (alpha/development 2027.1)	modified	source/speechViewer.py	e4a62860438952e986fdb8d58ebf789929cc2111	c5bba2fbcacba3b7bfdd329eaae9279990d0884c
master (alpha/development 2027.1)	modified	source/speechXml.py	c9efa69103df2e1f35c2df11df5bd68ca792d2dc	a1b45e347fda8c94529ce988fa075d380bfef901
master (alpha/development 2027.1)	modified	source/synthDriverHandler.py	b00f7f05bd0494b2dfee454e04e1cd498135aad3	2834808f401b38fee3a3b489f5b82edcc7f4ab74
master (alpha/development 2027.1)	modified	source/synthDrivers/_espeak.py	63c8e649229e7c2afbe499168066e8d6d80b578f	f8db2ffe793cf3338e629a2ca186e5021be63829
master (alpha/development 2027.1)	modified	source/synthDrivers/_sonic.py	619160003470a2b519af45953e64d20c77996f7e	0c595af662e8ed07f43df392f531212c99c996c4
master (alpha/development 2027.1)	modified	source/synthDrivers/espeak.py	0615f8bb06f77ae3d6e85f3f34eaf8194b456362	dc5181a6302df702e5f07c4ad312c183caa60409
master (alpha/development 2027.1)	modified	source/synthDrivers/oneCore.py	f2c1e8bf3d2885e898a427b9ff641b34e5637b00	b8080572564cf389dd1d4f79b74e80b10421c3e3
master (alpha/development 2027.1)	modified	source/synthDrivers/sapi4_32.py	a5f33a2dfe81fdb7196bb7759e8ad39326312d56	0044b796d561ead013c552940d8a14c54db7db5d
master (alpha/development 2027.1)	modified	source/synthDrivers/sapi5.py	d13c2423b22a455b7829fe263716cf5a8870aa43	2a925cda46dcb6b7faa28a19dc3719de30904ab3
master (alpha/development 2027.1)	modified	source/synthDrivers/sapi5_32.py	206e5ecf236802883450302a723bcc614fca2d37	3ae59014097cab6fa882cf7d19c20e0342c07ef4
master (alpha/development 2027.1)	modified	source/synthDrivers/silence.py	d1ab694494e8175bed7000e07c3f7d280931fb68	d692f12828e2a64fc8abc1a93c6551e9afb1e3e5
master (alpha/development 2027.1)	modified	source/synthSettingsRing.py	770982bc94d4b3654e7e176c7af9e48ef3f9c631	fac96b550e4904fe942d87a882e3359ce778cfec
master (alpha/development 2027.1)	modified	source/systemUtils.py	9662ea4b3af0a1a7a68b3ed3eb6bca796ffff580	b89084409c09a66ddc68ace271102a1e11a1d34e
master (alpha/development 2027.1)	modified	source/tableUtils.py	1d930d1350219028d017cf834dedfeea937f2f64	36561b381e23da073e64b2300106011791297e49
master (alpha/development 2027.1)	modified	source/tactile/__init__.py	6f7576eaa7dca81f1678e7a7ace4b23e6abd9b4f	9a40e0f7aee8df4d5f97774051892e6f7bf1887d
master (alpha/development 2027.1)	modified	source/tactile/braille.py	15eb41a8306bebbd1b12bf48294fd50f18debb7a	c74f93e80620f8203998e2926bc683982f80f5d0
master (alpha/development 2027.1)	modified	source/textInfos/__init__.py	9d42276ac8056c9a387268b15ae42d8051a0e4cb	8cf5627240a1016a357af622f6739dbaa18d9790
master (alpha/development 2027.1)	modified	source/textInfos/offsets.py	1def339c7b4183fb1476af896fb86ca3aaed8369	65901f8086fdc4e65cd26f04013419379e9c73f3
master (alpha/development 2027.1)	modified	source/textUtils/__init__.py	9086060fb190ef60bb988716608efb7ff0b2e334	2b52add710ead8f7228eb95ad9c408579eeb5f31
master (alpha/development 2027.1)	only-official	source/textUtils/_braille.py	-	4e2c9e18751166ea7db2facce761ae2d94687217
master (alpha/development 2027.1)	only-official	source/textUtils/_wordSeg/__init__.py	-	6c93742e8cd414cafbc179a16b65e158a8494022
master (alpha/development 2027.1)	only-official	source/textUtils/_wordSeg/wordSegStrategy.py	-	fcaed1a8581b7580ddf7cd4af2ff537807c9fc9a
master (alpha/development 2027.1)	only-official	source/textUtils/_wordSeg/wordSegUtils.py	-	d150d8d92c1e9d9f03a11746fa1db820cafd88a7
master (alpha/development 2027.1)	only-official	source/textUtils/_wordSeg/wordSegmenter.py	-	fe46a2e186867cd351df1c8a3dbcaa1ca25bcd4a
master (alpha/development 2027.1)	only-official	source/textUtils/hyphenation.py	-	9639404e624da7fb182ab9418866eb41835d4a3f
master (alpha/development 2027.1)	only-official	source/textUtils/icu.py	-	644ba1c98fabfac66e2e5dd85a2444dca72823aa
master (alpha/development 2027.1)	only-official	source/textUtils/segFlag.py	-	ceb42757fb95ebc4e98f23cd3be38e0e525c75cf
master (alpha/development 2027.1)	modified	source/textUtils/uniscribe.py	908084999219aadfb827af0a8c8dbf0fef37eca1	eda03a71140aaeb5673e458fc399c664f12f5dad
master (alpha/development 2027.1)	modified	source/tones.py	69a0d4700a3f3c620f2d3115c0861e0a641a6db4	4346165e6971007da38c1d20f27ed39a928e3bc8
master (alpha/development 2027.1)	modified	source/touchHandler.py	7fa75113afb058cf4f0e167e1a9c25f9766bf148	68c5fdb6afbf908f5618cc25241978e1568b924a
master (alpha/development 2027.1)	modified	source/touchTracker.py	45394ee5c5ebbba15244241da4c4c19cea04ef48	b44ccd23f4b1ffc0361142ba1338893bb5f97312
master (alpha/development 2027.1)	modified	source/treeInterceptorHandler.py	872710bc185618703d90a9f7dd2afcde57350c6c	f27274940f281c37389962d8c56019c7d5dc37d8
master (alpha/development 2027.1)	modified	source/ui.py	7ee9f3b5f283d0cca0f074f78e624815e4b7bf8e	4470243e3b88c771a02f2310cefe68a116a5e57e
master (alpha/development 2027.1)	modified	source/updateCheck.py	24b6450d34b063d80f14fcd2744c5c1bb0e61112	de493e0c495eb6a451ce4c7bd314ac6bf3cc9629
master (alpha/development 2027.1)	modified	source/utils/_crashHandler.py	6b4365847b69535f8ec25763059e8311c3f4fd80	4ce7badb7f94e32841d94981359ccdd8f84235b2
master (alpha/development 2027.1)	modified	source/utils/_deprecate.py	7691b5089ab2c3acbb2d041ec9079ce269bd3af2	b5e01ac21d66037f76967eb7df549eac31459cf7
master (alpha/development 2027.1)	modified	source/utils/blockUntilConditionMet.py	18a3c6ba9e38344b6fea03de57b574a37f2f6a16	e25b30fe34d613b57885e715437921e2aafd73b4
master (alpha/development 2027.1)	modified	source/utils/caseInsensitiveCollections.py	d1726a67fea208182a0d57e7bfd8f63e89a49c2b	de07f894b07b887577716c2746cde5d724a5e2bb
master (alpha/development 2027.1)	modified	source/utils/debounce.py	1892d5307ba243ebe2a4db106235038129f28c57	cdd45802bf988c0e7a268273ff98b029abc445be
master (alpha/development 2027.1)	modified	source/utils/displayString.py	474527229d744eae947ed50adc52cb1152f14b64	4328648a5ca37f2a6fd15419fb88d1e87cac109d
master (alpha/development 2027.1)	modified	source/utils/localisation.py	816b5cb2ab5c887c4034beb887d072caf5ca9a5b	79a5e60da1fd203f449865e0f32390cf9570bfba
master (alpha/development 2027.1)	modified	source/utils/raii.py	cd2111e0fa4effd7fd53a2ecb0ea5be42fc6c6e6	9b0b644201027fbe3553ceb680e3820b16cc4733
master (alpha/development 2027.1)	modified	source/utils/schedule.py	f4ee2a3a36fd77a638be700c845e4e31cf0ead1d	7a9d6ad759ba12d1df49768862ac4412e25e54a6
master (alpha/development 2027.1)	modified	source/utils/security.py	90feedb092859b7decb2fd126c07ab1f512b4c82	86e6141eb5ddf59b9e93c1dde1928e501b5e675b
master (alpha/development 2027.1)	modified	source/utils/urlUtils.py	eee0a51e1ae240411ab08f28462462105c017abb	a15128813244dbb7a39dc483144647989d5887e9
master (alpha/development 2027.1)	modified	source/versionInfo.py	e504ce0cc7fdf27090d3bb07593397e775b07bd0	9bf3a9c0b91b5a3caa48af5d50472ba45ffbac8e
master (alpha/development 2027.1)	modified	source/virtualBuffers/MSHTML.py	b754815b38467b2f54e8b44d8116139f532e2fb8	855b444e1e6a2f14582ed2310cbcdac4f720f39a
master (alpha/development 2027.1)	modified	source/virtualBuffers/__init__.py	eaa5abf9edbd1e920ad67d3dc1c71815ac67041e	e788ee6065855e263e7580fbb67f5781f0120578
master (alpha/development 2027.1)	modified	source/virtualBuffers/adobeAcrobat.py	25ac3200bd04c46aeba8adc625b80f878320a383	c8ccd8d7aec5ae0a8a856bec37ba2b4a5f691050
master (alpha/development 2027.1)	modified	source/virtualBuffers/gecko_ia2.py	390e8783be36f3580ebdece2e604710ed2652757	854a8b435079e6937efe84a72dfe5c8fe14518ff
master (alpha/development 2027.1)	modified	source/virtualBuffers/lotusNotes.py	405222dd667fd4d24ddc891d0f344bd9f5ab4d45	72bf95020e95a0304bdcf740ae5e57fd897da24e
master (alpha/development 2027.1)	modified	source/virtualBuffers/webKit.py	7e8231763ebdaebfb53fb90ba3134418f710af3d	3b46db80c67ce33bebedb217bceac3063e6aa0a3
master (alpha/development 2027.1)	modified	source/vision/__init__.py	22944bc02613050c108108afcbdb9a00c2f21fd8	8cf9219bd8ea93e72227306685cc269e638094e0
master (alpha/development 2027.1)	modified	source/vision/providerBase.py	1e9ead86d3a9eb5fd85b87b58eeffaa5ba5847fd	e3b13674867779d9c66cafd5033fa227878d44e4
master (alpha/development 2027.1)	modified	source/vision/providerInfo.py	eaafc5aacaf1ba9e54ea8946c272574b858b11bf	51be609400da4fe48df0620b9f4916d24edc6604
master (alpha/development 2027.1)	modified	source/vision/util.py	9644cc9d9a5372ccf6fff649f80b0f62131c83a0	5028f1dbedfbfbc90c199f0b32b5890ab1b458ed
master (alpha/development 2027.1)	modified	source/vision/visionHandler.py	e3aa82d6941d93e5adeaaa4dd9f63fa04f3676c4	fbb4ddde9ca47bdc411c1587a675d122d3ce6c0c
master (alpha/development 2027.1)	modified	source/vision/visionHandlerExtensionPoints.py	6a0c9ba592a6eecf1633c588d541ee58a0fec108	e047ce9258e09dd456c7fda13f5756f93e963bee
master (alpha/development 2027.1)	modified	source/visionEnhancementProviders/NVDAHighlighter.py	4e90020ac1d598081ab6bdb6b8951d47ad8dd056	f878bde1f61c31a543913d046f3ee09335e08ce2
master (alpha/development 2027.1)	modified	source/visionEnhancementProviders/_exampleProvider_autoGui.py	df99fdc7101479940e1e4eecf2581024aeaee7dd	d066a3f7f63acd435d16f51acf9b8aa6101610ce
master (alpha/development 2027.1)	modified	source/vkCodes.py	63c801c0a562b6dc4ad978052765c5df96a3d6f0	9de13d192fc7fe445049844e058f071d02f32e29
master (alpha/development 2027.1)	modified	source/wasapi.py	a11e4baa9978e1f97b552f95d1ef9b6fc5ffb742	1836072d3ecfbddcfdbe12e78947217401827baa
master (alpha/development 2027.1)	modified	source/watchdog.py	c9f55be5b702d47798042435837416abff31b13a	f61dbe93355340e80c0798d7e4fde55ecf90abc5
master (alpha/development 2027.1)	modified	source/winAPI/_displayTracking.py	3a1f587bbd0ed2228cfef65ad76301c71203fac6	59ce073f3c5cae762e1094f58e67514d54fc010a
master (alpha/development 2027.1)	modified	source/winAPI/_powerTracking.py	e4f66b887b14d540fef03ae2326ce50346eb1534	0e76e71e833d5911598793f4066b73d26f7a9a81
master (alpha/development 2027.1)	modified	source/winAPI/_wtsApi32.py	775931618c9136a85270b20d06c2a539d1d3f089	2ac343660988a60d7eb9a41d9e6bb3b219d83322
master (alpha/development 2027.1)	modified	source/winAPI/constants.py	e748a4942834741835c932fd99150a2fbbe2262a	5a228a82192491ce7d883802dff3f618f6df5a92
master (alpha/development 2027.1)	modified	source/winAPI/dpiAwareness.py	74e7b4590509ef31b6e9c096d7c10913827814af	65c75fc3ec14d7388710207a90226c638242b20e
master (alpha/development 2027.1)	modified	source/winAPI/messageWindow.py	762fba24b290331355c263cb6017b2ed1b3ffa21	3c4c40b30b2228b3554125b08d8c43162fe09bba
master (alpha/development 2027.1)	modified	source/winAPI/secureDesktop.py	4e5d39fb911186dfcf1c1f8a003c0c1e4828d8ce	36612f8c060870bcbbf89279a05fc52522099baf
master (alpha/development 2027.1)	modified	source/winAPI/sessionTracking.py	aaa691a9fb40a5d565ffd9c69c3e0ccd53379640	99a0545e5a87647c06a0a9f4384f03370529bb10
master (alpha/development 2027.1)	modified	source/winAPI/winUser/functions.py	b849507fcfdfc78f914cc9cee04bf95eb92e7622	ce67a21fb2657c7705df15df2422024784c58038
master (alpha/development 2027.1)	modified	source/winBindings/advapi32.py	7b156e1072dad78e69902e31ddc4daaa6525dfac	2bb6363573aa85b1a9233d78898b1d1298a8167b
master (alpha/development 2027.1)	modified	source/winBindings/crypt32.py	eb83637f67256f3a3e348d8281b66e7a9d0e6c3f	63bd4bad85279f410c9d956d843cedffe01abb55
master (alpha/development 2027.1)	modified	source/winBindings/dbgHelp.py	b41b016aca126751330ac134dd074ee940ff8600	e93f558afa52bfe585b0f411ac2fbb9aea7be4ca
master (alpha/development 2027.1)	modified	source/winBindings/gdi32.py	06c40472abe19b561119800bbabc6e7b5cdfc4f8	f5d3b913e2d44ca6a57a5aa457698fb4f89f5bbf
master (alpha/development 2027.1)	modified	source/winBindings/gdiplus.py	a9b5b81eb9d71ab5ceda96956b99eb617d95a4ac	97606d27f3542fbca6ccb64feee63854c5e87ab4
master (alpha/development 2027.1)	modified	source/winBindings/hid.py	93c9ad255fd4ab9d4edd7d1203ee36aafc0441ee	e73c9a1717895c2c3edf4c9b4f212813921147d0
master (alpha/development 2027.1)	only-official	source/winBindings/icu.py	-	2ec8b138c96f2dfa6c33469ab6f08e7ac45eeabf
master (alpha/development 2027.1)	modified	source/winBindings/jobapi2.py	6c2ac4743ef9ce1d56ca46be6bc49b6c1a51b43f	4434e200f432c6fbb56c77eb6999f6f24ad1ad7a
master (alpha/development 2027.1)	modified	source/winBindings/kernel32.py	9832131d46e581aa95bec1766dca27a3d511cb2c	44bc1a2f64ed7428d4992e2e52afc6b0743be67b
master (alpha/development 2027.1)	modified	source/winBindings/magnification.py	29b33845ca41f9e30edb459865bb298b89e99cca	cbfa59699b0fce2482807fc215ab66f43d232381
master (alpha/development 2027.1)	modified	source/winBindings/mshtml.py	88702861ee1808710d7528f993b5c3193a8c3a36	990d23562b36443f25771307395845aeac11d0b5
master (alpha/development 2027.1)	modified	source/winBindings/ole32.py	5409dc9ddfeb5b508fb061a5d483ca9ce6db39bf	60e57078023e05b6fb6209761280df5d078cd9ad
master (alpha/development 2027.1)	modified	source/winBindings/oleacc.py	3259f547adc63c31d5dad44d5aa20d2425da224c	0ec00e9539058b6eb796688d58f61e0a61ae56e2
master (alpha/development 2027.1)	modified	source/winBindings/oleaut32.py	a596c528426d1952a9a5616f3c73530f769b2b80	30aa36cbec47a384f0e8672c8ef3945854f0eca5
master (alpha/development 2027.1)	modified	source/winBindings/rpcrt4.py	ea121652756daae0c30a898d695c4242d421408c	4a69c52a17b1c13d8bddcc7b357679e9e41a52d2
master (alpha/development 2027.1)	modified	source/winBindings/sas.py	e32406e15aefe790995500a6fc3d6a4191058623	d3f41575a4936e86487b11050c50c5abb7bc13ea
master (alpha/development 2027.1)	modified	source/winBindings/setupapi.py	1ecb7c343d48aad0b4fd68bdda46438046dbec11	eb97a9eda673d1ce5aa7fd175e2d09181bb21664
master (alpha/development 2027.1)	modified	source/winBindings/shcore.py	14daa064e0f5ec7b8756d6f182e49b54e637d243	3055eef7259bf1e3c17bbe2969446da77cda1403
master (alpha/development 2027.1)	modified	source/winBindings/shell32.py	6d22b27f587995a6a5c40fcc10ac3047ef7188d4	8081e45849469284409ac26be96baec8b492fbf4
master (alpha/development 2027.1)	modified	source/winBindings/shlwapi.py	378765c028816b3d621f28817b7d62aef5bd4006	7e625652eeae9ee6531272b5aac6a8609ac8a9f7
master (alpha/development 2027.1)	modified	source/winBindings/urlmon.py	f53efd704db7f6b85b3a97007496d0dc13aaad24	087ce2d1ec22d1552b8bb449c7b3081d596ffa14
master (alpha/development 2027.1)	modified	source/winBindings/user32.py	ea4a9773e93193525c96331d1b6c86b9611ee1b2	448d4247b744962b0ec9262f9372202d0b55c656
master (alpha/development 2027.1)	modified	source/winBindings/version.py	110f385de63037de8d7031cce82311bd98ad0cf2	43f1e3e150f90addaaacb65610bc08d44b2bc56e
master (alpha/development 2027.1)	modified	source/winBindings/winmm.py	f0d814f80fe11c224dba36147a4ba2722e3e2b7a	0538a41319f69d1a52755a5ddac5840bd748dad7
master (alpha/development 2027.1)	only-official	source/winBindings/winusb.py	-	ddd899d5e7fdc5e491cfd984c0922fa3d95e2620
master (alpha/development 2027.1)	modified	source/winBindings/wtsapi32.py	8208a385463924b20d3ec022297834f3b030887b	d33bbbc066930f3055fc99e7b133bd23f06784fe
master (alpha/development 2027.1)	modified	source/winConsoleHandler.py	648c488253b30a418a8acd4425364c58079cd3a6	70d23123281e785a0758757226e96e30dc41a4b8
master (alpha/development 2027.1)	modified	source/winGDI.py	8c7e51bcfdeeef098a65d36309567cd9a0b8922d	d4e84ef5245194dad0b28ba4735785089988c602
master (alpha/development 2027.1)	modified	source/winInputHook.py	dccfb54c5d67d859c461e78d4969717258f3627a	3f1bb1c721de31260d21b6df7c6a782dec30fbb8
master (alpha/development 2027.1)	modified	source/winKernel.py	c6347433fffe4894a43b02a1beee830d502501e3	265335ae5218b8940ed873359a9b89660193bc08
master (alpha/development 2027.1)	modified	source/winUser.py	af1bb8f9f0fad8457a0eafe934475e2a681c8220	3ac21120da41a9585c5a902323d1250d76f87d80
master (alpha/development 2027.1)	modified	source/winVersion.py	140f0d6eb34c68d8688e915cf353945292f10e15	025db0a1565c288542bd500de2ddb1412a635e87
master (alpha/development 2027.1)	modified	source/wincon.py	1f49bada876cdb4c8e61c2f36ba42990733959bc	fab0243a0b810eec90fd22a33d580f8682da644f
master (alpha/development 2027.1)	modified	source/windowUtils.py	abbd37b230d3cdb8d8cbb97ee0a8a036c98efc91	e63328075f9efa4e730edd7f912b628010bb8361
master (alpha/development 2027.1)	modified	tests/checkPot.py	4344fcc9fe23139f8facef30f0958adf1ebf8d4b	035419d5045ef18b75b0eea4890a81cae68fe5d3
master (alpha/development 2027.1)	modified	tests/manual/nvdaUI/addonStore.md	bbcb50c0086f35fe4d498474ba9e46dde99062ad	eb5a62c332e5f0a8de4db9cf3549e7b45169e881
master (alpha/development 2027.1)	modified	tests/system/libraries/AssertsLib.py	676342a8de368b80a525d1558502491c70fae7a8	6708b4599ac995cfe04edeb897567d48c831acc3
master (alpha/development 2027.1)	modified	tests/system/libraries/ChromeLib.py	a8ffe8d66ec8934ae8c0c9abc63c1132ed98e5b7	af23ae0c08e081037b640f40edb06b5eec734b0b
master (alpha/development 2027.1)	modified	tests/system/libraries/NotepadLib.py	b79dd0e30bc731837012ec400a5e37682a0d7072	81eee0d8ec1b7da298faec1ade15d34b3aaf4796
master (alpha/development 2027.1)	modified	tests/system/libraries/NvdaLib.py	c86aa2bfb7d62eb1fcd397b72b281e43bffe09ed	6fa805da8ec19283d0ea58d45f2d24c454d2f01d
master (alpha/development 2027.1)	modified	tests/system/libraries/SystemTestSpy/__init__.py	28e6a5e22548796dd445f317571e59bc5b8eea7e	4fd5700d5e95936d4eca8f7e5668bf7283a90ff5
master (alpha/development 2027.1)	modified	tests/system/libraries/SystemTestSpy/blockUntilConditionMet.py	c4565be5c16cc2166e2bf4ac9b125f8a23622669	fe95d527e9ef9c7106ba48e51f7004b9a188f747
master (alpha/development 2027.1)	modified	tests/system/libraries/SystemTestSpy/configManager.py	fda1830f67d266779affab131da8669b63266a37	669f3b00b75cb01611b154997a8b52b8227c5c71
master (alpha/development 2027.1)	modified	tests/system/libraries/SystemTestSpy/speechSpyGlobalPlugin.py	ea251d30326cfdf48d3d9a18c39746abb43362d7	48b6bfaa889050e9e0a8ce7efd684d7c98f783bd
master (alpha/development 2027.1)	modified	tests/system/libraries/SystemTestSpy/speechSpySynthDriver.py	cadc0067bcf51d7b56e78ef5988005e8a0d544f0	994865f480671d1037ff8e2526063e5df74592a3
master (alpha/development 2027.1)	modified	tests/system/libraries/SystemTestSpy/windows.py	57270e0c9f6c5fa78a28d963b9248ab0d8f12974	5fd2295f28cee85efa9baa012d502e346d459144
master (alpha/development 2027.1)	modified	tests/system/libraries/VSCodeLib.py	2d986a46d984eb67b7c01c1848e5ed81b2d95ed8	66564164fc93fba9e84cc3e705917e7151cb1b50
master (alpha/development 2027.1)	modified	tests/system/libraries/WindowsLib.py	a20457b12f918e13bed6a293c3873acf979ef14b	538864c2adc83b916e9c2b79a73d0546d59a3594
master (alpha/development 2027.1)	only-official	tests/system/nvdaSettingsFiles/browseableMessage-gestures.ini	-	ee6182804195cddbd5ae24415ba1e78b605261ea
master (alpha/development 2027.1)	modified	tests/system/robot/NVDAInstaller.py	9b457bdafb9c62f223bc9b4a6f23911cf978c9f2	a9969ec1084f1eec3f21310093ac02e1c2624f7c
master (alpha/development 2027.1)	modified	tests/system/robot/NVDASettings.py	d64614ac47274b4d06195c9b9f55aa6fa6e5955a	5b4a1ea445a867bdc9a284c4785e82285035ba5a
master (alpha/development 2027.1)	only-official	tests/system/robot/browseableMessageTests.py	-	28642cac556feb562e036710f24986164d567d7b
master (alpha/development 2027.1)	only-official	tests/system/robot/browseableMessageTests.robot	-	eecbdbb82100db01074b8f9e5d099781d8e8e97e
master (alpha/development 2027.1)	modified	tests/system/robot/chromeTests.py	0a223521dfd1c88722a8cae842cf68e6c16736c8	9ec9898c4915c57495761946bded60a4c27fc15a
master (alpha/development 2027.1)	modified	tests/system/robot/chromeTests.robot	46f5b1bcd079be75cb7acff46228c3d8ad1b01ac	87c4dcd02113352ae0baea702d750db94881bb0b
master (alpha/development 2027.1)	only-official	tests/system/robot/l10nTests.py	-	27345bfe4bc2111a646e17fa23bbfd87b830627b
master (alpha/development 2027.1)	only-official	tests/system/robot/l10nTests.robot	-	ef2e9a294a708ea1e8bc7c57685ecb1be88b7051
master (alpha/development 2027.1)	modified	tests/system/robot/startupShutdownNVDA.py	8c674c5d9199176dab1ca5576baf032320f428f3	9190b18070a7dd109500aabb42853f63830f1090
master (alpha/development 2027.1)	modified	tests/system/robot/symbolPronunciationTests.py	49f60cabbacede271d72a4b978861ce8d4977ef6	fb9df063aaba760fd18d38df4150b2918a916166
master (alpha/development 2027.1)	modified	tests/system/robot/vscodeTests.py	e38f580fc03954babfd09de09087bad9fd1334db	7a799e1aa8de793eec7529ce234a1ae29a63c5b9
master (alpha/development 2027.1)	modified	tests/unit/__init__.py	c5626f4fb177d7c6fc6798051a22cadc83629889	955ea10b4d07a16142503d09af91c3edf68a8137
master (alpha/development 2027.1)	only-official	tests/unit/brailleDisplayDrivers/__init__.py	-	19e039a3adf224e9043f8156326b2b98bb28fe70
master (alpha/development 2027.1)	only-official	tests/unit/brailleDisplayDrivers/test_dotPad.py	-	e1f24d30b6b3ee7306fae4e420778e20f50f75b2
master (alpha/development 2027.1)	modified	tests/unit/contentRecog/test_contentRecog.py	b62ac1407def112e278fa1aa2aa324d1598a3791	8770b1a8524e30d9f1dd90b221dd58312d368d91
master (alpha/development 2027.1)	only-official	tests/unit/contentRecog/test_recogUi.py	-	6ef34a2a0b683be432370314689cf4dd2697b456
master (alpha/development 2027.1)	modified	tests/unit/contentRecog/test_uwpOcr.py	9f84169b8a6ab9b298766fa389df160c9bea5988	87dfd84a97c195c195cc9b416cc2c6e2c6db761a
master (alpha/development 2027.1)	modified	tests/unit/extensionPointTestHelpers.py	91da7979cc4db2e4e3501aedb2648d56edb3b565	3604d791cb2768a0e0e487ac08e03b085f853518
master (alpha/development 2027.1)	modified	tests/unit/objectProvider.py	43e93821f4e1bc5a2d328b826ca9e00d680552ba	5509b929196054083d8cbcb2f314ee50084e0f45
master (alpha/development 2027.1)	modified	tests/unit/test_NVDAObjects_UIA.py	4422b4fbc1bb95704e4daba8a866717cfbfd5560	6a4c9a7d694be8ec31539e18f9daaa1a865bd77b
master (alpha/development 2027.1)	modified	tests/unit/test_SpeechWithoutPauses.py	484d05c58ad40b339250181445cef884eb29244a	d73fbac34a022c0798b53a1fcaff63a0e593cdd3
master (alpha/development 2027.1)	modified	tests/unit/test_UIAHandler.py	2a8139ec5ffbaaaa5901d7c70dab1008471d66d5	40ccdb25b0777302c09583cbf1d3e5be586b8a58
master (alpha/development 2027.1)	modified	tests/unit/test_UIARemoteOps/test_highLevel/test_bool.py	c6e84105fd880f6253b393eb439b3693ef9e7629	6c57cb93bd108ce432583c737c114301dd72ac8b
master (alpha/development 2027.1)	only-official	tests/unit/test_UIARemoteOps/test_highLevel/test_cacheRequest.py	-	e6ec4746d6a507b54f556c44ae8c4045cfde22dd
master (alpha/development 2027.1)	modified	tests/unit/test_UIARemoteOps/test_highLevel/test_element.py	d6b211092a582be64e43db92ba8557f2d9a1726b	168d6fa073fa99eba7579dc76e5f5372731ed290
master (alpha/development 2027.1)	modified	tests/unit/test_UIARemoteOps/test_highLevel/test_errorHandling.py	9ed5c8c004339fad9b2805664d60d9bbcbabbc8e	bdb01abb7ac55c65f2b4dc031bee79e31b2e2e5d
master (alpha/development 2027.1)	modified	tests/unit/test_UIARemoteOps/test_highLevel/test_float.py	0f8f301650edbca60384a24ea9b4581a59d18eeb	2a0fac7e7912298413a24a5c44a9993b04dd2dbe
master (alpha/development 2027.1)	modified	tests/unit/test_UIARemoteOps/test_highLevel/test_if.py	ed9d6bd4d39ca2d6c07852dab062b989b01f6546	f87c6228052177cc15b2afaf3589d5a0dac053ae
master (alpha/development 2027.1)	modified	tests/unit/test_UIARemoteOps/test_highLevel/test_instructionLimit.py	7822859b6c840dc34d6447ee70042b7f4ce21db2	35298823e5e82d594d57696db17ecd56a937284f
master (alpha/development 2027.1)	modified	tests/unit/test_UIARemoteOps/test_highLevel/test_int.py	2c82244e3d90adead0ff75c4fdfff76d9f78b0be	b8414e82c740b2fd719c665de2fa5d51856f39bd
master (alpha/development 2027.1)	modified	tests/unit/test_UIARemoteOps/test_highLevel/test_iterable.py	e3ab26eed475289367a420f0f6f4e792a56575ff	5d9641e83c98300df7114e951edf288ed8b4192e
master (alpha/development 2027.1)	modified	tests/unit/test_UIARemoteOps/test_highLevel/test_numericComparison.py	9ea2dd106ce1b21e170f0bdb1846bb2b805d3aa0	0920c5e9a90cafa7da95a4f9e08d3684e0a2a399
master (alpha/development 2027.1)	modified	tests/unit/test_UIARemoteOps/test_highLevel/test_string.py	de8636929eab1ee2af088b72a8e538d1ec8526c1	ee929191155899c261bf9d25651497b16018b42a
master (alpha/development 2027.1)	modified	tests/unit/test_UIARemoteOps/test_highLevel/test_while.py	1182d78f1f97c3190c35ce46497a6efb28e1c6c5	8f73a62c5321948aa2282e4b4aa57ee77f2b5e13
master (alpha/development 2027.1)	modified	tests/unit/test_addonHandler/test_addonsState.py	bdbed8a753116aa9381770c3ba0566f1aaf8ad05	c0cb485672f715dff98b24a07b85a522aea9fe61
master (alpha/development 2027.1)	modified	tests/unit/test_addonStoreNetwork.py	73dc6ada5d160748c12506fdba164552dc5a8b5d	f831f5458cbfd9da048a8edbb99ceb316aef9f49
master (alpha/development 2027.1)	modified	tests/unit/test_addonVersionCheck.py	cb7dd7cbcbcd13a929237b6ef0d74bac5dc25336	e9888daa8759d1287aa879f32d451fe22e4e09cc
master (alpha/development 2027.1)	modified	tests/unit/test_appModules/test_foobar2000.py	4f6e4b6429625b17f0426dc030f28a199173306c	a77507770d4f1ac04501c61ec304bd92846fd03a
master (alpha/development 2027.1)	modified	tests/unit/test_baseObject.py	2af2892ea26bbf6c11592f981969198cb0dc981a	253b901c4f25bc924bb98efccc5d6fffec5b0279
master (alpha/development 2027.1)	modified	tests/unit/test_bdDetect.py	478f7b6a15e6f66c19ef0a9a559cb2f2d8aa52a6	100a0b04ea7199dda87e3ee7b4628bbda94fcab2
master (alpha/development 2027.1)	modified	tests/unit/test_braille/test_brailleDisplayDrivers.py	2e2a9f883c3eeb5a9c7b1fa1b9e4526d3f56a0d9	7df2a57a9b67c80e49a9d8a3f4823f75690cd07a
master (alpha/development 2027.1)	modified	tests/unit/test_braille/test_calculateWindowRowBufferOffsets.py	dbfb1fad614c9a457171fd6aae8e759e3d90a315	7d9b22f6ca654ca69972e2b4bc4bea38d8511ed9
master (alpha/development 2027.1)	modified	tests/unit/test_braille/test_displayTextForGestureIdentifier.py	0db7f6cad8dd023adee87eb24e15049cd179dd08	b52a301d057e01c1ae8ab0ce16279eb2a33e00f0
master (alpha/development 2027.1)	modified	tests/unit/test_braille/test_focusContextPresentation.py	e3117d94945b229c8bc1fd0eff7a07ab230dc26d	c6d6b419f723a7da3998a8f606a95513a843ff08
master (alpha/development 2027.1)	modified	tests/unit/test_braille/test_handlerExtensionPoints.py	3a4927e68949abed512c4c526772eade1c37dbc5	6859b660bd4c912c023122a3f827c922a91cc075
master (alpha/development 2027.1)	modified	tests/unit/test_braille/test_normalizeCellArraySize.py	6fb22d654e2391e567bd6ed9f0ef8a692be90dcf	e3a6438639239d8f5046b87172227f1ac4be774e
master (alpha/development 2027.1)	only-official	tests/unit/test_braille/test_publicSurface.py	-	cd586a5c9552c14c821110f92cb544b2ad6a572c
master (alpha/development 2027.1)	only-official	tests/unit/test_braille/test_regionLanguageIndexes.py	-	6654e071d579bc300c89b3e697e4e153c2883a10
master (alpha/development 2027.1)	modified	tests/unit/test_braille/test_routing.py	32fff42b58d6d5d9e1b89ddf2fbb588b6d08afa2	93735de8072c8c748736333ae1afcc38c346fe6f
master (alpha/development 2027.1)	only-evolution	tests/unit/test_braille/test_secureDesktop.py	76853a0c22d362d94c205012b706243c35128d3f	-
master (alpha/development 2027.1)	only-official	tests/unit/test_braille/test_windowBrailleCells.py	-	04c192794449f8aa22e8ab660b3261ae14e4c38a
master (alpha/development 2027.1)	modified	tests/unit/test_brailleTables.py	44b1310a9cefb8bc36cc18c0ad8e4cac0a8d75e1	038e6a2af59bfe5425342811be050f2908473444
master (alpha/development 2027.1)	only-official	tests/unit/test_browseModeSentenceDispatch.py	-	aedf4fa90bdb7f93332ac6f9979414ed4bd3facd
master (alpha/development 2027.1)	modified	tests/unit/test_characterProcessing.py	639cc3ac0b6ce7aac8effd20ddd44892c47182ee	c1ee60f11bd3ea84cb5edfd0ab27e803c7f61657
master (alpha/development 2027.1)	modified	tests/unit/test_checkPot/__init__.py	2c9d7e247f37f35de4f330162e18c58c5847f327	df98d58cd8142c12e616236d68cb42df4616d5f0
master (alpha/development 2027.1)	modified	tests/unit/test_compoundDocuments.py	90fc274a13de1b9976237320fb744da610b07129	cdad20f4d90c785cb2189070c8703863ac1eb227
master (alpha/development 2027.1)	modified	tests/unit/test_config.py	a76c0a7ce02e689c0d3f2aa2dba21030b435e300	bb39b91defe8192dec9b903dd934270defacadf7
master (alpha/development 2027.1)	modified	tests/unit/test_controlTypes.py	f0c6aed4f54179e72ca55f914df1c70c677e931d	4750a6ffbeec7318675656d73bed322ccb95491b
master (alpha/development 2027.1)	modified	tests/unit/test_cursorManager.py	6247dc6867067f653e5888a95e292bfe400012c1	435c08c766d3ccca80e0bcc8765549d62e9202f2
master (alpha/development 2027.1)	modified	tests/unit/test_excel.py	6ac39921cee148ccc423dd4d0843f67fad96d2c1	5676daa0f5bac07c055d55317bd089ed444260c7
master (alpha/development 2027.1)	modified	tests/unit/test_extensionPoints.py	9c13c9e90dbfe3d90e12d89caae99988eae2ce95	3332c832c92bfbf3635e2aaf27e6e4813cf572f8
master (alpha/development 2027.1)	modified	tests/unit/test_globalCommands.py	60d35ee6ded756375939635c71bab700977d1583	ee770de7c691f7856501b45f6891b2c71cef7ba3
master (alpha/development 2027.1)	modified	tests/unit/test_hwIo.py	dc9fb19cfb76a3fca78aa912e27707be8c92c280	b4ff2f6e08cf480f899d79bdb2dd0de5e49299a8
master (alpha/development 2027.1)	only-official	tests/unit/test_hwIo_ble.py	-	0952461ddb348d8bd2686127abd2e691ba464c14
master (alpha/development 2027.1)	modified	tests/unit/test_inputCore.py	e18f669f735de96d4d00f6a3dd09456b4a4d33ef	9e7abb4f95fd4a6abb48d32761f9264031f95e91
master (alpha/development 2027.1)	modified	tests/unit/test_installer.py	2d4bf6688dde9079250ac92661b26302d3a3c10a	01ebdaec66c65fc88942c97028ffcbec6937747a
master (alpha/development 2027.1)	modified	tests/unit/test_javaAccessBridge.py	b70a312dc7c4a845c956143cef627b7a0aa18d79	df764a9acce120242909ba4970b1fc33ff40466b
master (alpha/development 2027.1)	modified	tests/unit/test_l10nUtil.py	148227411078a9ebb0d1cbb6ccc16bc8eda75dc3	06a2ac842f62d1b99bc26bc18d29181adcc96585
master (alpha/development 2027.1)	modified	tests/unit/test_languageHandler.py	e503f702418be67702433be1574384bb705b6862	d520fe00a5b659131dfa0024de56e1a7d9883cae
master (alpha/development 2027.1)	modified	tests/unit/test_locationHelper.py	a08e8e8ac4c6dec3a01ba214b21efaf5693facd1	6db4d6043a6640a9e830df3ef0aab01e0ba1553c
master (alpha/development 2027.1)	modified	tests/unit/test_louisHelper.py	c98844356de2c5259cf3edf88039d26301e174f7	04839783c8e3df143125c44bf4744b090ceae690
master (alpha/development 2027.1)	modified	tests/unit/test_magnifier/test_focusManager.py	d8d49b7e3b0084e6d3bcba0f32ddf78186b812aa	d62ed6e75d31fd9ac9832d4651fac91cdea233a5
master (alpha/development 2027.1)	modified	tests/unit/test_magnifier/test_fullscreenMagnifier.py	b4833d5e3d4c526900bb7f4980b28c9a87cc0976	1933bbb6bfbb9269112f61ed031a3f00de6d9286
master (alpha/development 2027.1)	modified	tests/unit/test_magnifier/test_magnifier.py	70606ef4c16bbb86ac086d619b69e9c97f4c5e3f	94a8a5d57485b51bdedcfea0346b34162f097bcb
master (alpha/development 2027.1)	modified	tests/unit/test_magnifier/test_magnifierCommands.py	c1b5e2de56b821e84f060fa5f37ceaab039c8d2a	5d375d984f227adba6bb7a80a47bc227e8e4f2a5
master (alpha/development 2027.1)	modified	tests/unit/test_magnifier/test_mouseHook.py	56f2c42daae5ed5309ba3b75d2d853d51258773f	b45f0fa57bfb203f338bb29870c954595c556d29
master (alpha/development 2027.1)	modified	tests/unit/test_magnifier/test_spotlightManager.py	e62fe60f2058205082a825d9ec0fca78824e4e10	6817f039e38c9b4608f03da89afe72d7093c910b
master (alpha/development 2027.1)	modified	tests/unit/test_markdownTranslate.py	3cf76a8a0da0420f6465cf01087243d8208db1cc	ae574b57b3064e7b74ff5f3e11932f7da407a5e4
master (alpha/development 2027.1)	only-official	tests/unit/test_mathPres/__init__.py	-	2cc7ad678f070a239c7eda5c6a7de14dd02cfbe3
master (alpha/development 2027.1)	only-official	tests/unit/test_mathPres/test_mathCatNavNodeMapping.py	-	c8fef122544d2c0c4a506f1c9cf78cadaa62865c
master (alpha/development 2027.1)	modified	tests/unit/test_messageDialog.py	a1fbf00737b8938e0682d39ed65d581763b5cfcc	87177060df7ddb8fd47a3c256c375332c47e57b8
master (alpha/development 2027.1)	modified	tests/unit/test_nvwave.py	492d509322efdc9fdab883852a1f7024394d4958	98159a1b9c51ae1010110c3dbac429ef803c30de
master (alpha/development 2027.1)	modified	tests/unit/test_orderedWinEventLimiter.py	6fb76a7702b0df7aa8082cd50df5915a2034127e	4b5f4090c4ae03c4919727eb834bd08605860f2d
master (alpha/development 2027.1)	modified	tests/unit/test_paragraphHelper.py	f77661577a8696ee7d5aa6c9fc2ecbd9b1fa60a2	3b2abef5a8abfda778ab80a690594e37b21736eb
master (alpha/development 2027.1)	modified	tests/unit/test_remote/test_bridge.py	d283a3ef6f8a24935bd351857b1824421733d678	18ec5b72853fdcf24b6732576e074d8303610542
master (alpha/development 2027.1)	modified	tests/unit/test_remote/test_localMachine.py	da4a5bfeade10f61009b6296c855f1237aca46f6	97fbea92a062e42979e0ea2852b3009204916663
master (alpha/development 2027.1)	modified	tests/unit/test_remote/test_remoteClient.py	e5df9c471796e637950d2476fb25c52639277055	228ea7e3224c17c2fd06a382314ed64359b25ee6
master (alpha/development 2027.1)	modified	tests/unit/test_remote/test_serializer.py	d105a2245a05a7c37bb6578e4708ea35dc3aa02f	5119f894867430a042b17ba293f51aa9f91d5713
master (alpha/development 2027.1)	modified	tests/unit/test_remote/test_transport.py	a263088eadb30fefbb550a0eea250ba6cd1a4e23	3c4a4cec992a733e65e58cde388fd85f62cbfe6b
master (alpha/development 2027.1)	only-evolution	tests/unit/test_remotePythonConsole.py	5f311ea90ae2d1e4680067d80d43f6f10c74649e	-
master (alpha/development 2027.1)	modified	tests/unit/test_scriptHandler.py	e4b06e34ef7bfab3f58a0a4dad4299aaae6b88b4	818efe205c081089fa92e0fcb9ff6465996b08d1
master (alpha/development 2027.1)	modified	tests/unit/test_sentenceHelper.py	00ebcca64ab089d9af7f57563b9c5964e67012cc	cac8d60840cfcbb0fe463f83fa66bc5ae8453faa
master (alpha/development 2027.1)	modified	tests/unit/test_speech.py	b685d2545477b64dc36fda34a4ac3dee42c2d734	b6d901357e082baad97b3d7e5209c82d17bf19fe
master (alpha/development 2027.1)	modified	tests/unit/test_speechDictHandler.py	230ca2817cc686d2636572e8ee479b652def3438	d343b28bb2c6a3d80e015758128d49e73494820b
master (alpha/development 2027.1)	modified	tests/unit/test_speechManager/__init__.py	9dcc6688c366f278aa703b0e172cd1c2bcd87cd1	b7166c8013be9ef082fd6eca4576ca98ab8e2be7
master (alpha/development 2027.1)	modified	tests/unit/test_speechManager/speechManagerTestHarness.py	3ebcb61748322379c69c75c4862e4a0a441e21f0	86ff2217b56d208f13bd60efa17380a0cde10ac8
master (alpha/development 2027.1)	modified	tests/unit/test_speechShortcutKeys.py	ef540b0078c924ff922b6fbef8b73e930c4879c9	9e09ea6577793ab4a2f30e248bedb8f29f4e7957
master (alpha/development 2027.1)	modified	tests/unit/test_speechXml.py	9802a4956ce0589aac7f4e843aff8e6b2c2fd396	c1b9e9af6b7c06ddaf64de84d32b2e7915bca9dd
master (alpha/development 2027.1)	modified	tests/unit/test_synthDriverHandler.py	9702f41906b9259ef0c6a707678e575294b61862	e7ece7a126381ac3f457aabfe45bc57cd983fea6
master (alpha/development 2027.1)	modified	tests/unit/test_synthDrivers/test_espeak.py	14899732733105fdc70f0eff2969090a6a39d53e	982a7fc55043598ac6198db591c75c7a7a275be8
master (alpha/development 2027.1)	modified	tests/unit/test_textInfos.py	5ada05ff6ab4a8bd513cb90e4e0fa88de16d5dd6	0cdee9ffbe6154ebe8afe9ebef57e8a457822457
master (alpha/development 2027.1)	only-evolution	tests/unit/test_textUtils.py	6993ac7d962b7302483daa65da5f328ccbc2a1db	-
master (alpha/development 2027.1)	only-official	tests/unit/test_textUtils/__init__.py	-	f4281be9a9840276a3c2cc1a1d71537a85309cf6
master (alpha/development 2027.1)	only-official	tests/unit/test_textUtils/test_backendComparison.py	-	c99175edb75b6ce00e6f74dbea84de1e011fd445
master (alpha/development 2027.1)	only-official	tests/unit/test_textUtils/test_hyphenation.py	-	b7700f1f3d6863bc10a78619cbb56211ac30b74f
master (alpha/development 2027.1)	only-official	tests/unit/test_textUtils/test_offsetConverters.py	-	6993ac7d962b7302483daa65da5f328ccbc2a1db
master (alpha/development 2027.1)	only-official	tests/unit/test_textUtils/test_sentenceSegIcu.py	-	68923fc06bf77092b2e2fd9d1768b60168d98383
master (alpha/development 2027.1)	only-official	tests/unit/test_textUtils/test_wordSeg.py	-	115b790f95ea4c09d29e329d4f9e109d9653f933
master (alpha/development 2027.1)	only-official	tests/unit/test_textUtils/test_wordSegIcu.py	-	0d0c30b66519edd0694bcdea4e38f65f013cb08e
master (alpha/development 2027.1)	modified	tests/unit/test_tones.py	a403963bb7d707952c0f37645ff73e5794067abd	dfccd9d2181a72c4ad389bea4d1ac80f29a88bd8
master (alpha/development 2027.1)	modified	tests/unit/test_util/test_blockUntilConditionMet.py	1a9234ea72b119beb1bfe3b686f992f2db98a464	bead439379793df3316bbb79e0324e8a7e2ed266
master (alpha/development 2027.1)	modified	tests/unit/test_util/test_displayString.py	ab24cf17a66912004391173979c646519556b1c4	766accb05a7c66a79710f6b1c9ef1037e4ec762e
master (alpha/development 2027.1)	modified	tests/unit/test_util/test_localisation.py	09a53ae449089a649ed9b9b6333186c8fb579f14	e00dde5ee453bae96683aa72dc702a5afbbfc9ad
master (alpha/development 2027.1)	modified	tests/unit/test_util/test_schedule.py	90f0e7a7229f410be039196b9c16d3e5b8a5d6de	a7f6cc0951fec681e4680f3d127343dfe22bf9cb
master (alpha/development 2027.1)	modified	tests/unit/test_util/test_security.py	94b86ad0beaecaa7a310805e3116e1db831244fb	822332d9b8a6f577794a7a3557c438ba8d46cfeb
master (alpha/development 2027.1)	modified	tests/unit/test_util/test_urlUtils.py	a5132ffc9d97931922ae152f1040cab6764e01d2	858043f05dc826d3e482945463fb8f021313ec26
master (alpha/development 2027.1)	modified	tests/unit/test_visionEnhancementProviders/test_magnificationAPI.py	ec86c753e01f3da6cd3e4e26118da8e1cd93efe3	c90ca167b5193915c16058acf291a473c2211c41
master (alpha/development 2027.1)	modified	tests/unit/test_winAPI/test_displayTracking.py	da6f12cfaed265fb89f5423486c6a7b07d2f3fd8	6e56ef52f15481be7072975754ee1c3b126986fc
master (alpha/development 2027.1)	modified	tests/unit/test_winAPI/test_powerTracking.py	a1632648cc5ab866b73405314a049411bb7d1cb6	a8e534eccb7084c83db6e6d5f332c18600414f90
master (alpha/development 2027.1)	only-evolution	tests/unit/test_winConsoleUIA.py	c2d53eaf32d33913dacb2f12608c03f161421748	-
master (alpha/development 2027.1)	modified	tests/unit/test_winVersion.py	4dbe9e983b217aca04b2cefb3e590add40c41818	32789f2dc35bfa4f40849a966cea06a138c0ef10
master (alpha/development 2027.1)	modified	tests/unit/textProvider.py	8e072f047ae59882b414d1ad0c5b54a6d797abdf	0bd2413a7377ea0bd587e6d631207fa277980a03
master (alpha/development 2027.1)	modified	user_docs/en/changes.md	c05d7ce042473b77d40799238c77e6504d583c80	3992a1ffa878cbb095e58278dc9f9d385ec928a6
master (alpha/development 2027.1)	modified	user_docs/en/userGuide.md	d6b75f586bdc7008b0caaf2b6ba3f56c4c5d1e69	fbf995f779d5b6f07643ace284d601e83d266315
master (alpha/development 2027.1)	modified	uv.lock	9210c958818df868206b7c5329d37fcaf734bacd	70dcdd1da5fe9f4af11ab8d99606779b18c33bd8
