status	path	final_mode	final_type	final_sha	upstream_mode	upstream_type	upstream_sha
identical	.editorconfig	100644	blob	fe116578832b1f7a16af241fdc8e88de76200543	100644	blob	fe116578832b1f7a16af241fdc8e88de76200543
identical	.git-blame-ignore-revs	100644	blob	4f64f714048b8b97ee73b0dc9cb6ff993a68d25d	100644	blob	4f64f714048b8b97ee73b0dc9cb6ff993a68d25d
identical	.gitattributes	100644	blob	386b9e88c90100a4f60b926e5317bdad2f166214	100644	blob	386b9e88c90100a4f60b926e5317bdad2f166214
identical	.github/CODEOWNERS	100644	blob	785fb96e83a28547caeb17a17a96700c2068a232	100644	blob	785fb96e83a28547caeb17a17a96700c2068a232
identical	.github/CONTRIBUTING.md	100644	blob	da845bd45a7a3d720e7bddd20987228c6032eb08	100644	blob	da845bd45a7a3d720e7bddd20987228c6032eb08
identical	.github/FUNDING.yml	100644	blob	2d08ce6403399ecfc21a8ff07187e1a09bc6432f	100644	blob	2d08ce6403399ecfc21a8ff07187e1a09bc6432f
identical	.github/ISSUE_TEMPLATE/01-bug_report.yaml	100644	blob	04e2cf390be854c28c7d77782166e315c3a62bdf	100644	blob	04e2cf390be854c28c7d77782166e315c3a62bdf
identical	.github/ISSUE_TEMPLATE/02-feature_request.yaml	100644	blob	b285b2640e10d51616b43c6152976209edcdc312	100644	blob	b285b2640e10d51616b43c6152976209edcdc312
identical	.github/ISSUE_TEMPLATE/03-special_case_issue.yaml	100644	blob	47c9900d735f2070b4f50f6a239b08a1cf9e5ecb	100644	blob	47c9900d735f2070b4f50f6a239b08a1cf9e5ecb
identical	.github/ISSUE_TEMPLATE/04-developer_facing_changes.yaml	100644	blob	52192367a197384ef3459cd4752da95983630dc0	100644	blob	52192367a197384ef3459cd4752da95983630dc0
identical	.github/ISSUE_TEMPLATE/05-addon_integration_request.yaml	100644	blob	be462763f1b0669e199e7c8277fde0c62147894d	100644	blob	be462763f1b0669e199e7c8277fde0c62147894d
identical	.github/ISSUE_TEMPLATE/06-adr_major_project.yaml	100644	blob	f434fa48e63be8d4bd429315efddd1471ae384c0	100644	blob	f434fa48e63be8d4bd429315efddd1471ae384c0
identical	.github/ISSUE_TEMPLATE/11-bug_report.md	100644	blob	48ca45eaf45fc77314f067465f031c16af0ca611	100644	blob	48ca45eaf45fc77314f067465f031c16af0ca611
identical	.github/ISSUE_TEMPLATE/12-feature_request.md	100644	blob	d4c05a59374a182a8f487fd70dc5c61b98b5769c	100644	blob	d4c05a59374a182a8f487fd70dc5c61b98b5769c
identical	.github/ISSUE_TEMPLATE/13-special_case_issue.md	100644	blob	e12e6dccd455747439e9c6ecfde13ab2c8cb9b9e	100644	blob	e12e6dccd455747439e9c6ecfde13ab2c8cb9b9e
identical	.github/ISSUE_TEMPLATE/14-developer_facing_changes.md	100644	blob	61ccbf06264dcad083aeefead7a3f7d3224f25e8	100644	blob	61ccbf06264dcad083aeefead7a3f7d3224f25e8
identical	.github/ISSUE_TEMPLATE/15-addon_integration_request.md	100644	blob	da6d55fbe5e9bb3f22b1c774c5c98fdd4449be68	100644	blob	da6d55fbe5e9bb3f22b1c774c5c98fdd4449be68
identical	.github/ISSUE_TEMPLATE/16-adr_major_project.md	100644	blob	ce746b06b691371f54e8b4052c01592819233d73	100644	blob	ce746b06b691371f54e8b4052c01592819233d73
identical	.github/ISSUE_TEMPLATE/config.yml	100644	blob	3ba13e0cec6cbbfd462e9ebf529dd2093148cd69	100644	blob	3ba13e0cec6cbbfd462e9ebf529dd2093148cd69
identical	.github/PULL_REQUEST_TEMPLATE.md	100644	blob	87177cec525b1752ff7d7c1e7697b1407281e217	100644	blob	87177cec525b1752ff7d7c1e7697b1407281e217
identical	.github/PULL_REQUEST_TEMPLATE/revert.md	100644	blob	b4856f7a2ddd1436f399c62401743e1913281cf9	100644	blob	b4856f7a2ddd1436f399c62401743e1913281cf9
identical	.github/instructions/cpp.instructions.md	100644	blob	c30a8c14141870272505159470c21437d45c88c6	100644	blob	c30a8c14141870272505159470c21437d45c88c6
identical	.github/instructions/python.instructions.md	100644	blob	0cdcefe600cabce4e5f15088a975982bdbc3bb64	100644	blob	0cdcefe600cabce4e5f15088a975982bdbc3bb64
identical	.github/instructions/review.instructions.md	100644	blob	c203bff1b68ff7524c62d9d2f07b7e46099eed05	100644	blob	c203bff1b68ff7524c62d9d2f07b7e46099eed05
identical	.github/instructions/userGuide.instructions.md	100644	blob	b7cc22182cadfca8ebc4d388d973fad4e3cf374c	100644	blob	b7cc22182cadfca8ebc4d388d973fad4e3cf374c
identical	.github/workflows/add-new-language.yml	100644	blob	f088ecfdbedc2c6e70fa3ba9fd3f5bc651db1d70	100644	blob	f088ecfdbedc2c6e70fa3ba9fd3f5bc651db1d70
identical	.github/workflows/assign-milestone-on-close.yml	100644	blob	c52b302b6033de5deec0d91c300da05829ab1472	100644	blob	c52b302b6033de5deec0d91c300da05829ab1472
identical	.github/workflows/autofix.yml	100644	blob	536df35961bbfdacef93b053230766b494df85e2	100644	blob	536df35961bbfdacef93b053230766b494df85e2
identical	.github/workflows/clearCaches.yml	100644	blob	039c28961eb0b36441547ca67aed3de2d26aedfd	100644	blob	039c28961eb0b36441547ca67aed3de2d26aedfd
identical	.github/workflows/codeql.yml	100644	blob	6f3256c6599ce3023176d7ea2b8f839a401e7f07	100644	blob	6f3256c6599ce3023176d7ea2b8f839a401e7f07
identical	.github/workflows/fetch-crowdin-translations.yml	100644	blob	13a3d8e48ab5b54deebc2c298e66f5dfc098dd2a	100644	blob	13a3d8e48ab5b54deebc2c298e66f5dfc098dd2a
identical	.github/workflows/monitor-localisation-file-changes.yml	100644	blob	7584668c57cf30b131d3e3fe84139e18d68bd394	100644	blob	7584668c57cf30b131d3e3fe84139e18d68bd394
identical	.github/workflows/prekAutoUpdate.yml	100644	blob	098bd18ebc5b0d30826a593b89eb6ac95d13d37e	100644	blob	098bd18ebc5b0d30826a593b89eb6ac95d13d37e
identical	.github/workflows/regenerate_english_userDocs_translation_source.yml	100644	blob	df32270936b491342ff5a0a83eb4b3a9deef6e76	100644	blob	df32270936b491342ff5a0a83eb4b3a9deef6e76
identical	.github/workflows/testAndPublish.yml	100644	blob	85190b07ef10878fd9fba2bb7b8945f960c36e51	100644	blob	85190b07ef10878fd9fba2bb7b8945f960c36e51
identical	.gitignore	100644	blob	1981646f2beebb553499b012d81dff23f1c8bfdd	100644	blob	1981646f2beebb553499b012d81dff23f1c8bfdd
identical	.gitmodules	100644	blob	9791fec7baf7d6abaac0cf76e5cac0db329ff7ab	100644	blob	9791fec7baf7d6abaac0cf76e5cac0db329ff7ab
identical	.markdownlint-cli2.jsonc	100644	blob	950f3a11ba0b56c957ea7d07083d09194683c306	100644	blob	950f3a11ba0b56c957ea7d07083d09194683c306
identical	.markdownlint.jsonc	100644	blob	64db4635da0f7c11758ee667d832543427b72dcb	100644	blob	64db4635da0f7c11758ee667d832543427b72dcb
identical	.pre-commit-config.yaml	100644	blob	c1c311963a0fb5cea2c506639e494c191d00a62f	100644	blob	c1c311963a0fb5cea2c506639e494c191d00a62f
identical	.python-versions	100644	blob	05c2197512e8084559661bdda4b0426de8f9e0b0	100644	blob	05c2197512e8084559661bdda4b0426de8f9e0b0
identical	.vscode	160000	commit	22faeb775256e4e8fa9ba2d650da1666489ceaaf	160000	commit	22faeb775256e4e8fa9ba2d650da1666489ceaaf
identical	.vsconfig	100644	blob	0aa167227ffabec55c08e89ea770758b1739307b	100644	blob	0aa167227ffabec55c08e89ea770758b1739307b
identical	CODE_OF_CONDUCT.md	100644	blob	e9af174b4ece886d3966fe13e9324e1695560358	100644	blob	e9af174b4ece886d3966fe13e9324e1695560358
identical	appx/appx_images/nvda_150x150.png	100644	blob	90ef87f73a36c0c850e4cec61796ad23f5b0fb17	100644	blob	90ef87f73a36c0c850e4cec61796ad23f5b0fb17
identical	appx/appx_images/nvda_44x44.png	100644	blob	b6e5670e8f08c5f6e3273fbc5ebb2fdf41f44c50	100644	blob	b6e5670e8f08c5f6e3273fbc5ebb2fdf41f44c50
identical	appx/manifest.xml.subst	100644	blob	485c0d20427890afbe17f455e2d250c254148827	100644	blob	485c0d20427890afbe17f455e2d250c254148827
identical	appx/sconscript	100644	blob	f081abc07acb9a6224a4eba74ec10e379d6ab1c7	100644	blob	f081abc07acb9a6224a4eba74ec10e379d6ab1c7
identical	ci/README.md	100644	blob	183cbf1e0b4b17622467c74571a3c77b72349bfc	100644	blob	183cbf1e0b4b17622467c74571a3c77b72349bfc
identical	ci/scripts/buildSymbolStore.ps1	100644	blob	1636c86dfd8647099f41a24c8b71a9d341fd4922	100644	blob	1636c86dfd8647099f41a24c8b71a9d341fd4922
identical	ci/scripts/checkAndCommitTranslations.ps1	100644	blob	141324a1aa77a65bdac08ad21c6398362c9747ae	100644	blob	141324a1aa77a65bdac08ad21c6398362c9747ae
identical	ci/scripts/crowdinSync.py	100644	blob	13dd434670919c2a1fc6f2ef058ead3430ecb560	100644	blob	13dd434670919c2a1fc6f2ef058ead3430ecb560
identical	ci/scripts/installNVDA.ps1	100644	blob	dc5436eb5c511b963ee1a0b8066fbb4b7321ee98	100644	blob	dc5436eb5c511b963ee1a0b8066fbb4b7321ee98
identical	ci/scripts/mozillaSyms.py	100644	blob	49058eadf0190572229b33d5b91cf9771706d983	100644	blob	49058eadf0190572229b33d5b91cf9771706d983
modified	ci/scripts/setBuildVersionVars.ps1	100644	blob	c6452b84902b14d0347cccfafd7588349085f13d	100644	blob	f4e3fead863b8380fd0e6bb73848ef42878805ef
identical	ci/scripts/setSconsArgs.ps1	100644	blob	bace13d26272dffa0912c1a3f02f96e7cd285c45	100644	blob	bace13d26272dffa0912c1a3f02f96e7cd285c45
identical	ci/scripts/sign.ps1	100644	blob	6f012a0969f2023a93990fe4c6c7458cb372937b	100644	blob	6f012a0969f2023a93990fe4c6c7458cb372937b
identical	ci/scripts/submitWinGet.ps1	100644	blob	9eab5f7f470c00f4389f87a4a6590b1b135ea279	100644	blob	9eab5f7f470c00f4389f87a4a6590b1b135ea279
identical	ci/scripts/tests/beforeTests.ps1	100644	blob	be1dd793476602d4c33d8f1502c77ed54ff560ef	100644	blob	be1dd793476602d4c33d8f1502c77ed54ff560ef
identical	ci/scripts/tests/licenseCheck.ps1	100644	blob	c92d1b36ce7ad6063b07b9801299d708b9c080f9	100644	blob	c92d1b36ce7ad6063b07b9801299d708b9c080f9
identical	ci/scripts/tests/systemTests.ps1	100644	blob	9d2bfae43f158903fe4770b49b9c60441d49c999	100644	blob	9d2bfae43f158903fe4770b49b9c60441d49c999
identical	ci/scripts/tests/translationCheck.ps1	100644	blob	10aff6150e5d3639cc68604db5b3caf538ad1cce	100644	blob	10aff6150e5d3639cc68604db5b3caf538ad1cce
identical	ci/scripts/tests/typeCheckPyright.ps1	100644	blob	ca4bd6ab8bdb5b337fc032bad77a5f1ef373572f	100644	blob	ca4bd6ab8bdb5b337fc032bad77a5f1ef373572f
identical	ci/scripts/tests/typeCheckTy.ps1	100644	blob	531b3daacc9c9a8b1f74ce690cc0568d3a7ffd18	100644	blob	531b3daacc9c9a8b1f74ce690cc0568d3a7ffd18
identical	ci/scripts/tests/unitTests.ps1	100644	blob	282e66648355fba0b981b9511a3ad8cef0122ea7	100644	blob	282e66648355fba0b981b9511a3ad8cef0122ea7
identical	cldrDict_sconscript	100644	blob	80fc6a82a67c2d48ae9434ee3319fbd9a52c7ce0	100644	blob	80fc6a82a67c2d48ae9434ee3319fbd9a52c7ce0
identical	contributors.txt	100644	blob	ce4ffcedd0895518a32ccf8d01566993f5a127f5	100644	blob	ce4ffcedd0895518a32ccf8d01566993f5a127f5
identical	copying.txt	100644	blob	014d8f7e9f95474cfa4e2705dee0486acf262700	100644	blob	014d8f7e9f95474cfa4e2705dee0486acf262700
identical	ensureuv.ps1	100644	blob	5832de517a0862de6269d2ca427b802b4969533e	100644	blob	5832de517a0862de6269d2ca427b802b4969533e
identical	extras/controllerClient/examples/example_c.c	100644	blob	3a01318c7f30e5266086c9830f877319e48faa50	100644	blob	3a01318c7f30e5266086c9830f877319e48faa50
identical	extras/controllerClient/examples/example_csharp/.gitignore	100644	blob	19d951d3ee22188b19bbebb662ed8fd7ba265110	100644	blob	19d951d3ee22188b19bbebb662ed8fd7ba265110
identical	extras/controllerClient/examples/example_csharp/NVAccess.NVDA.csproj	100644	blob	59146aabf5879a5220b855db7c00b64e9a7126ba	100644	blob	59146aabf5879a5220b855db7c00b64e9a7126ba
identical	extras/controllerClient/examples/example_csharp/NVDA.cs	100644	blob	d00a5da8603ce23fe5c3abc3c346cbe92f15adf3	100644	blob	d00a5da8603ce23fe5c3abc3c346cbe92f15adf3
identical	extras/controllerClient/examples/example_csharp/Program.cs	100644	blob	c11a1abac30d780f50d5acf465afe8ccec05776e	100644	blob	c11a1abac30d780f50d5acf465afe8ccec05776e
identical	extras/controllerClient/examples/example_csharp/SpeechPriority.cs	100644	blob	5647e739561072e2ed943ac298e3dc99f1f49f45	100644	blob	5647e739561072e2ed943ac298e3dc99f1f49f45
identical	extras/controllerClient/examples/example_csharp/SymbolLevel.cs	100644	blob	8d7d74d50e36408e78217d7ea723580ba1c54412	100644	blob	8d7d74d50e36408e78217d7ea723580ba1c54412
identical	extras/controllerClient/examples/example_python.py	100644	blob	b6abedaea71b5e6e779985ac5633f24c5a2fe04e	100644	blob	b6abedaea71b5e6e779985ac5633f24c5a2fe04e
identical	extras/controllerClient/examples/example_rust/.gitignore	100644	blob	a9d37c560c6ab8d4afbf47eda643e8c42e857716	100644	blob	a9d37c560c6ab8d4afbf47eda643e8c42e857716
identical	extras/controllerClient/examples/example_rust/build.rs	100644	blob	d2e615994d203988b30552f7603421fca544a9c9	100644	blob	d2e615994d203988b30552f7603421fca544a9c9
identical	extras/controllerClient/examples/example_rust/cargo.toml	100644	blob	b93a60f24f67c8abd9855a737a5a309392d7428f	100644	blob	b93a60f24f67c8abd9855a737a5a309392d7428f
identical	extras/controllerClient/examples/example_rust/examples/example_rust.rs	100644	blob	058cc1a39ecf2d4b5a522239747516312c25ec30	100644	blob	058cc1a39ecf2d4b5a522239747516312c25ec30
identical	extras/controllerClient/examples/example_rust/readme.md	100644	blob	1c55b83b105ea5bc65a989d95cc3714d545295b6	100644	blob	1c55b83b105ea5bc65a989d95cc3714d545295b6
identical	extras/controllerClient/examples/example_rust/src/bindgen.rs	100644	blob	067ba08842a0776f7837f08c311ffabf9d67e60f	100644	blob	067ba08842a0776f7837f08c311ffabf9d67e60f
identical	extras/controllerClient/examples/example_rust/src/lib.rs	100644	blob	eae3fbbcbb8fbd61cb7301dc25b49e3e037c7689	100644	blob	eae3fbbcbb8fbd61cb7301dc25b49e3e037c7689
identical	extras/controllerClient/license.txt	100644	blob	602bfc94635ddf8f1bf2b00419a85ead645a5b67	100644	blob	602bfc94635ddf8f1bf2b00419a85ead645a5b67
identical	extras/controllerClient/readme.md	100644	blob	a4b6c5784e9a415dfef19aa96145281af3ec15e4	100644	blob	a4b6c5784e9a415dfef19aa96145281af3ec15e4
identical	include/cppjieba	160000	commit	9408c1d08facc6e324dc90260e8cb20ecceebf70	160000	commit	9408c1d08facc6e324dc90260e8cb20ecceebf70
identical	include/detours	160000	commit	9764cebcb1a75940e68fa83d6730ffaf0f669401	160000	commit	9764cebcb1a75940e68fa83d6730ffaf0f669401
identical	include/espeak	160000	commit	56f2e9c730e2438787103168c0412c80c25d014e	160000	commit	56f2e9c730e2438787103168c0412c80c25d014e
identical	include/espeak.md	100644	blob	395b550ed593821180be18d3922074ab8ccc287e	100644	blob	395b550ed593821180be18d3922074ab8ccc287e
identical	include/ia2	160000	commit	c9ae003d9c85eb707716928de97e055f5b77189c	160000	commit	c9ae003d9c85eb707716928de97e055f5b77189c
identical	include/javaAccessBridge32	160000	commit	0cc5c9d0da3506eec03300d5118fd1db1097d903	160000	commit	0cc5c9d0da3506eec03300d5118fd1db1097d903
identical	include/liblouis	160000	commit	2e775aca674cd2910e272eed7736acceb4c2e4a2	160000	commit	2e775aca674cd2910e272eed7736acceb4c2e4a2
identical	include/nsis	160000	commit	f8571bbe74ff34e4f754e26855fc4a6b3340a9f5	160000	commit	f8571bbe74ff34e4f754e26855fc4a6b3340a9f5
identical	include/nvda-cldr	160000	commit	98f615984e19cfe94909ee414986e146982c2a79	160000	commit	98f615984e19cfe94909ee414986e146982c2a79
identical	include/nvda-mathcat	160000	commit	808cbe3e7dc407dba927e38e171c85a1348f2c8e	160000	commit	808cbe3e7dc407dba927e38e171c85a1348f2c8e
identical	include/readme.md	100644	blob	b7840c273858fe031212d6863e9dc451df559a3f	100644	blob	b7840c273858fe031212d6863e9dc451df559a3f
identical	include/sonic	160000	commit	b93885dcb70aae50c6f76b0fe4e0868f029a077e	160000	commit	b93885dcb70aae50c6f76b0fe4e0868f029a077e
identical	include/w3c-aria-practices	160000	commit	84b921a0c6646d2ddabaa94d918e165a1093daeb	160000	commit	84b921a0c6646d2ddabaa94d918e165a1093daeb
identical	include/wil	160000	commit	7cf41936c5b4ab79daf0d9437211380dc69fa958	160000	commit	7cf41936c5b4ab79daf0d9437211380dc69fa958
identical	launcher/nvdaLauncher.nsi	100644	blob	370afdef010501e75926f5d22abf9fde1fc41fa4	100644	blob	370afdef010501e75926f5d22abf9fde1fc41fa4
identical	miscDeps	160000	commit	67c2e36deb524eff89d202e807d00c8d98f2a5b3	160000	commit	67c2e36deb524eff89d202e807d00c8d98f2a5b3
identical	nvdaHelper/COMProxy.manifest.subst	100644	blob	fea9df931372d1fc3af68a52efc654b359d5ba71	100644	blob	fea9df931372d1fc3af68a52efc654b359d5ba71
identical	nvdaHelper/Doxyfile	100755	blob	a0a92813622ab01854762fa27939676e1344fab0	100755	blob	a0a92813622ab01854762fa27939676e1344fab0
identical	nvdaHelper/ISimpleDOM_sconscript	100644	blob	1a52a31ef4c406b741aa9e378dbccce9c4bc334b	100644	blob	1a52a31ef4c406b741aa9e378dbccce9c4bc334b
identical	nvdaHelper/UIARemote/lowLevel.cpp	100644	blob	7f7ec61a34243361a03ca9ecc6c58ca1e9df16e3	100644	blob	7f7ec61a34243361a03ca9ecc6c58ca1e9df16e3
identical	nvdaHelper/UIARemote/sconscript	100644	blob	f52a9b1e426172fd60514081d68877bffed28724	100644	blob	f52a9b1e426172fd60514081d68877bffed28724
identical	nvdaHelper/acrobatAccess_sconscript	100644	blob	2c587e393aa7aa208a72ed3a095d0b724a53cbb4	100644	blob	2c587e393aa7aa208a72ed3a095d0b724a53cbb4
identical	nvdaHelper/archBuild_sconscript	100644	blob	ebc72bf46de75eb572ce4a11cde7a569490126de	100644	blob	ebc72bf46de75eb572ce4a11cde7a569490126de
identical	nvdaHelper/client/client.cpp	100644	blob	8a71d2b23ac4161452b234052433572c5f32cfa3	100644	blob	8a71d2b23ac4161452b234052433572c5f32cfa3
identical	nvdaHelper/client/nvdaControllerClient.def	100644	blob	c9fed355de052ab7e1b4c414cf5120e6d54e2392	100644	blob	c9fed355de052ab7e1b4c414cf5120e6d54e2392
identical	nvdaHelper/client/sconscript	100644	blob	c4378fffa85c074334ab20514e7ec4545d80615f	100644	blob	c4378fffa85c074334ab20514e7ec4545d80615f
identical	nvdaHelper/common/COMUtils.h	100644	blob	1b029f40d98c634297ec85d1de4c10134203d142	100644	blob	1b029f40d98c634297ec85d1de4c10134203d142
identical	nvdaHelper/common/PerfTimer.cpp	100644	blob	4d754188cef06efe0471c8b0716ee7dd4fc3cfac	100644	blob	4d754188cef06efe0471c8b0716ee7dd4fc3cfac
identical	nvdaHelper/common/PerfTimer.h	100644	blob	531c180b026713feeb7619cb30726d38ed695638	100644	blob	531c180b026713feeb7619cb30726d38ed695638
identical	nvdaHelper/common/apiHook.cpp	100644	blob	e684b596963698c0236c0c2ba01b02b54181172f	100644	blob	e684b596963698c0236c0c2ba01b02b54181172f
identical	nvdaHelper/common/apiHook.h	100644	blob	7f62f7082363ced10e88971f8e4976cddd95f0da	100644	blob	7f62f7082363ced10e88971f8e4976cddd95f0da
identical	nvdaHelper/common/ia2utils.cpp	100644	blob	7cbee847fedaa6119aaef485a48faaa15e62fa54	100644	blob	7cbee847fedaa6119aaef485a48faaa15e62fa54
identical	nvdaHelper/common/ia2utils.h	100644	blob	ab0375d1439c818a11c1b7a856c28a4d2198bcaf	100644	blob	ab0375d1439c818a11c1b7a856c28a4d2198bcaf
identical	nvdaHelper/common/libraryLoader.h	100644	blob	6c44927a58619dd237286051f51bf789a7351e5f	100644	blob	6c44927a58619dd237286051f51bf789a7351e5f
identical	nvdaHelper/common/lock.h	100644	blob	440a60e959269a45c088e631d23fe52b659a2778	100644	blob	440a60e959269a45c088e631d23fe52b659a2778
identical	nvdaHelper/common/log.h	100644	blob	5956be8b2842d92760f3296aad1b9d2734e72a68	100644	blob	5956be8b2842d92760f3296aad1b9d2734e72a68
identical	nvdaHelper/common/winIPCUtils.cpp	100644	blob	b7a0bb354e2a79972cfeb86afc8f37bdd9235b91	100644	blob	b7a0bb354e2a79972cfeb86afc8f37bdd9235b91
identical	nvdaHelper/common/winIPCUtils.h	100644	blob	7cc60cfac9fd6f7e81a35593c5c32a37ddeb2380	100644	blob	7cc60cfac9fd6f7e81a35593c5c32a37ddeb2380
identical	nvdaHelper/common/xml.h	100644	blob	81ab555f14f0d6f856ed1e103b253730e48a17e9	100644	blob	81ab555f14f0d6f856ed1e103b253730e48a17e9
identical	nvdaHelper/cppjieba/cppjieba.cpp	100644	blob	b68955d0c8e5999dd3d1bd48414e7653f96e9498	100644	blob	b68955d0c8e5999dd3d1bd48414e7653f96e9498
identical	nvdaHelper/cppjieba/cppjieba.def	100644	blob	fca4a152027432464fc767782a80bf6ac86f2558	100644	blob	fca4a152027432464fc767782a80bf6ac86f2558
identical	nvdaHelper/cppjieba/cppjieba.h	100644	blob	1ac92e41b96f8b8e9a5df661f6338504acb34052	100644	blob	1ac92e41b96f8b8e9a5df661f6338504acb34052
identical	nvdaHelper/cppjieba/sconscript	100644	blob	db68f807f6d30c7de26ec9a911b57f48033b3d28	100644	blob	db68f807f6d30c7de26ec9a911b57f48033b3d28
identical	nvdaHelper/detours/sconscript	100644	blob	4430151c448f562a44023bef7f06fe02b5bbe81b	100644	blob	4430151c448f562a44023bef7f06fe02b5bbe81b
identical	nvdaHelper/espeak/config.h	100644	blob	65564f5939b055916e18459744d470b7d0ab8fc4	100644	blob	65564f5939b055916e18459744d470b7d0ab8fc4
identical	nvdaHelper/espeak/sconscript	100644	blob	18838e53c78d78d2826b80286772066656f24fdc	100644	blob	18838e53c78d78d2826b80286772066656f24fdc
identical	nvdaHelper/espeak/sonic.def	100644	blob	1952706d0adc2aaffdfc0c8a903719f4c373c997	100644	blob	1952706d0adc2aaffdfc0c8a903719f4c373c997
identical	nvdaHelper/ia2_sconscript	100644	blob	174bbf38e94610e70cc828d224ef4465f0c6add8	100644	blob	174bbf38e94610e70cc828d224ef4465f0c6add8
identical	nvdaHelper/interfaces/displayModel/displayModel.acf	100644	blob	fb1cdf050222e58a834f2e595a00a47327e97446	100644	blob	fb1cdf050222e58a834f2e595a00a47327e97446
identical	nvdaHelper/interfaces/displayModel/displayModel.idl	100644	blob	5e0755e270eaffa140f48c7e0b8e4a2b7a94d379	100644	blob	5e0755e270eaffa140f48c7e0b8e4a2b7a94d379
identical	nvdaHelper/interfaces/nvdaController/nvdaController.acf	100644	blob	99f6ab7b13e3ae3852389a68d175a264e9086ac9	100644	blob	99f6ab7b13e3ae3852389a68d175a264e9086ac9
identical	nvdaHelper/interfaces/nvdaController/nvdaController.idl	100644	blob	462396950b552169bfc684392a7cf29743d65d08	100644	blob	462396950b552169bfc684392a7cf29743d65d08
identical	nvdaHelper/interfaces/nvdaControllerInternal/nvdaControllerInternal.acf	100644	blob	33d6d0b98c5025efd5f1439d6edef109c9ad65cd	100644	blob	33d6d0b98c5025efd5f1439d6edef109c9ad65cd
identical	nvdaHelper/interfaces/nvdaControllerInternal/nvdaControllerInternal.idl	100644	blob	9a9a28feab124eb360a521ec000a71c0b8a8ca02	100644	blob	9a9a28feab124eb360a521ec000a71c0b8a8ca02
identical	nvdaHelper/interfaces/nvdaInProcUtils/nvdaInProcUtils.acf	100644	blob	76601c4d85a770e63ed6eb0da31ab1ebe0269784	100644	blob	76601c4d85a770e63ed6eb0da31ab1ebe0269784
identical	nvdaHelper/interfaces/nvdaInProcUtils/nvdaInProcUtils.idl	100644	blob	65216272edb52e5062fcd6ed6f15bca9a73939ce	100644	blob	65216272edb52e5062fcd6ed6f15bca9a73939ce
identical	nvdaHelper/interfaces/vbuf/vbuf.acf	100644	blob	57b02b3a8dd52154d03cc2b6431360b1b13d0774	100644	blob	57b02b3a8dd52154d03cc2b6431360b1b13d0774
identical	nvdaHelper/interfaces/vbuf/vbuf.idl	100755	blob	996fe861eb8c04e8c8c9264a700f39c03c5653dc	100755	blob	996fe861eb8c04e8c8c9264a700f39c03c5653dc
identical	nvdaHelper/javaAccessBridge/sconscript	100644	blob	9c66c4be3735c0ac3b6aafc29a9609fa68601ec0	100644	blob	9c66c4be3735c0ac3b6aafc29a9609fa68601ec0
identical	nvdaHelper/liblouis/config.h	100644	blob	526bf980ca9e15dad680dbf956dc814b067c6b4b	100644	blob	526bf980ca9e15dad680dbf956dc814b067c6b4b
identical	nvdaHelper/liblouis/sconscript	100644	blob	dc7c2fe1d30570e02ac84851dc6241b25dea3fc0	100644	blob	dc7c2fe1d30570e02ac84851dc6241b25dea3fc0
identical	nvdaHelper/liblouis/strings.h	100644	blob	5d85020d2f145bd114c676f1653ffea0e7a48e37	100644	blob	5d85020d2f145bd114c676f1653ffea0e7a48e37
identical	nvdaHelper/local/UIAEventLimiter/api.cpp	100644	blob	cdc1ff6485a67bb9e8d28d5e8db1fb9816c931a8	100644	blob	cdc1ff6485a67bb9e8d28d5e8db1fb9816c931a8
identical	nvdaHelper/local/UIAEventLimiter/eventRecord.h	100644	blob	a70276288749465cc39f41d137b5a9193a74f132	100644	blob	a70276288749465cc39f41d137b5a9193a74f132
identical	nvdaHelper/local/UIAEventLimiter/rateLimitedEventHandler.cpp	100644	blob	bec9dbc0b4401b99b857adc0e6bd9f2421cce991	100644	blob	bec9dbc0b4401b99b857adc0e6bd9f2421cce991
identical	nvdaHelper/local/UIAEventLimiter/rateLimitedEventHandler.h	100644	blob	8b3401a1c9ce69003d42893e358b74dbf63f822a	100644	blob	8b3401a1c9ce69003d42893e358b74dbf63f822a
identical	nvdaHelper/local/UIAEventLimiter/utils.cpp	100644	blob	ae43af60fa187b220ac04e1aeefb234ed63dfb57	100644	blob	ae43af60fa187b220ac04e1aeefb234ed63dfb57
identical	nvdaHelper/local/UIAEventLimiter/utils.h	100644	blob	e20be160f936dba4eb203de03f5e3b5537863d16	100644	blob	e20be160f936dba4eb203de03f5e3b5537863d16
identical	nvdaHelper/local/UIAUtils.cpp	100644	blob	336826debd4d22c126a89e317643546d97665f22	100644	blob	336826debd4d22c126a89e317643546d97665f22
identical	nvdaHelper/local/UIAUtils.h	100644	blob	03f2e7a8261bb014c2593ab8153df7c6e1db7e50	100644	blob	03f2e7a8261bb014c2593ab8153df7c6e1db7e50
identical	nvdaHelper/local/beeps.cpp	100644	blob	7a528baa5b5e46d163819e0e8ac38f09f61480e5	100644	blob	7a528baa5b5e46d163819e0e8ac38f09f61480e5
identical	nvdaHelper/local/beeps.h	100644	blob	e53cbb4a351b95ddbd1779765ec1084b13c60898	100644	blob	e53cbb4a351b95ddbd1779765ec1084b13c60898
identical	nvdaHelper/local/crashDump.cpp	100644	blob	f6be675289948df4406d558f42223fe953c40586	100644	blob	f6be675289948df4406d558f42223fe953c40586
identical	nvdaHelper/local/dllImportTableHooks.cpp	100644	blob	15cda0ad3a3a76aa010abf727434046270fa088a	100644	blob	15cda0ad3a3a76aa010abf727434046270fa088a
identical	nvdaHelper/local/dllImportTableHooks.h	100644	blob	5825ac05fdb806a01324516998c1175624894003	100644	blob	5825ac05fdb806a01324516998c1175624894003
identical	nvdaHelper/local/mixer.cpp	100644	blob	7020d1d359083d68e4218aff503cbc3ed43df32c	100644	blob	7020d1d359083d68e4218aff503cbc3ed43df32c
identical	nvdaHelper/local/nvdaController.cpp	100644	blob	acfb9324ab2b58ea625c695531ed1422acd9047b	100644	blob	acfb9324ab2b58ea625c695531ed1422acd9047b
identical	nvdaHelper/local/nvdaControllerInternal.cpp	100644	blob	a2c6a241fa62c33928bce9d929ab343f1ff3701b	100644	blob	a2c6a241fa62c33928bce9d929ab343f1ff3701b
identical	nvdaHelper/local/nvdaHelperLocal.cpp	100644	blob	a11cb7fc81a36e34c0d4512c3de78f4a34491df8	100644	blob	a11cb7fc81a36e34c0d4512c3de78f4a34491df8
identical	nvdaHelper/local/nvdaHelperLocal.def	100644	blob	671f42638e75bc5d7b2fac5f159cad4eedb213d9	100644	blob	671f42638e75bc5d7b2fac5f159cad4eedb213d9
identical	nvdaHelper/local/nvdaHelperLocal.h	100755	blob	962852c9fe63da672b80f12f0f3bf99233db6405	100755	blob	962852c9fe63da672b80f12f0f3bf99233db6405
identical	nvdaHelper/local/oleUtils.cpp	100644	blob	da139de48819b7a5425dd8c0a5bcafd3346b832f	100644	blob	da139de48819b7a5425dd8c0a5bcafd3346b832f
identical	nvdaHelper/local/remoteAccess.cpp	100644	blob	d305191d2bce93ad977f253ac8009381d9003a65	100644	blob	d305191d2bce93ad977f253ac8009381d9003a65
identical	nvdaHelper/local/rpcSrv.cpp	100644	blob	3b8a2f5988769a331f1b685ab82bca0eb4547e87	100644	blob	3b8a2f5988769a331f1b685ab82bca0eb4547e87
identical	nvdaHelper/local/rpcSrv.h	100644	blob	d1cb670b4542a7c83822e142f40d0e1f7dedbd2e	100644	blob	d1cb670b4542a7c83822e142f40d0e1f7dedbd2e
identical	nvdaHelper/local/sconscript	100644	blob	d043948506e61199211652b19e62bef54cf04d44	100644	blob	d043948506e61199211652b19e62bef54cf04d44
identical	nvdaHelper/local/screenCurtain.cpp	100644	blob	040b8c45f80ae533397f945e5d291ca6397df8d4	100644	blob	040b8c45f80ae533397f945e5d291ca6397df8d4
identical	nvdaHelper/local/silenceDetect.h	100644	blob	d74eec87c242c1386aeb1ecd82e68f5394b60cf3	100644	blob	d74eec87c242c1386aeb1ecd82e68f5394b60cf3
identical	nvdaHelper/local/textUtils.cpp	100644	blob	b9804d1d22e8b721401e317b7ae978cde4e9a9f3	100644	blob	b9804d1d22e8b721401e317b7ae978cde4e9a9f3
identical	nvdaHelper/local/wasapi.cpp	100644	blob	6162ef8ed32f291940fca081d0a67fac8fd0d8dd	100644	blob	6162ef8ed32f291940fca081d0a67fac8fd0d8dd
identical	nvdaHelper/localWin10/oneCoreSpeech.cpp	100644	blob	a4c5c950e6678025c6d50d101269922b0d9fa609	100644	blob	a4c5c950e6678025c6d50d101269922b0d9fa609
identical	nvdaHelper/localWin10/oneCoreSpeech.h	100644	blob	5db6d181281bb7b820757d22db8b89b5169248d2	100644	blob	5db6d181281bb7b820757d22db8b89b5169248d2
identical	nvdaHelper/localWin10/sconscript	100644	blob	894582eca20a93fc79e5741bd70c77a4f92a42fe	100644	blob	894582eca20a93fc79e5741bd70c77a4f92a42fe
identical	nvdaHelper/localWin10/uwpOcr.cpp	100644	blob	d71078dfd1674141182cff3ff788d345ec0da144	100644	blob	d71078dfd1674141182cff3ff788d345ec0da144
identical	nvdaHelper/localWin10/uwpOcr.h	100644	blob	a4a6f683a80d4e166a117cd8e6552d951f6d4f60	100644	blob	a4a6f683a80d4e166a117cd8e6552d951f6d4f60
identical	nvdaHelper/localWin10/wgcCapture.cpp	100644	blob	c64724b47841cf388559673082149de9ca0440bb	100644	blob	c64724b47841cf388559673082149de9ca0440bb
identical	nvdaHelper/localWin10/wgcCapture.h	100644	blob	6722712f661d8694a0383e2cb5289407287fca94	100644	blob	6722712f661d8694a0383e2cb5289407287fca94
identical	nvdaHelper/nvda.rc.subst	100644	blob	52fc9031bf236ce0fae874dc90e717d55880e3e8	100644	blob	52fc9031bf236ce0fae874dc90e717d55880e3e8
identical	nvdaHelper/readme.md	100644	blob	d4fa02ccca021cde77666bcb62089ae6aaadc62f	100644	blob	d4fa02ccca021cde77666bcb62089ae6aaadc62f
identical	nvdaHelper/remote/COMProxyRegistration.cpp	100644	blob	7c35541ab6d231c5bbcebbeab42dcb71c7a1fc17	100644	blob	7c35541ab6d231c5bbcebbeab42dcb71c7a1fc17
identical	nvdaHelper/remote/COMProxyRegistration.h	100644	blob	48ca8fdb9eabc14dd169797e7c5100147e12bd19	100644	blob	48ca8fdb9eabc14dd169797e7c5100147e12bd19
identical	nvdaHelper/remote/IA2Support.cpp	100755	blob	c5a5896c0474d49e5e3d61821bf7edc0e46df89d	100755	blob	c5a5896c0474d49e5e3d61821bf7edc0e46df89d
identical	nvdaHelper/remote/IA2Support.h	100755	blob	95cc3ab75e15c22c81a718c3ae40f7bd1aa41bf1	100755	blob	95cc3ab75e15c22c81a718c3ae40f7bd1aa41bf1
identical	nvdaHelper/remote/WinWord/Constants.h	100644	blob	a82cd80c2d25e075e248ca94a747877ca57a358a	100644	blob	a82cd80c2d25e075e248ca94a747877ca57a358a
identical	nvdaHelper/remote/WinWord/Fields.cpp	100644	blob	6980bd4c780be8ee9b4a52f7ffc137f85bd4ffd4	100644	blob	6980bd4c780be8ee9b4a52f7ffc137f85bd4ffd4
identical	nvdaHelper/remote/WinWord/Fields.h	100644	blob	35cc7d169a28eedef4890e5f7da55a85f910c125	100644	blob	35cc7d169a28eedef4890e5f7da55a85f910c125
identical	nvdaHelper/remote/displayModel.cpp	100644	blob	4c91cc38355d7ace93f0dc572fc39c0fe3e9eeaf	100644	blob	4c91cc38355d7ace93f0dc572fc39c0fe3e9eeaf
identical	nvdaHelper/remote/displayModel.h	100644	blob	229c33781a49b3678b63491a18e6f20e59a4da41	100644	blob	229c33781a49b3678b63491a18e6f20e59a4da41
identical	nvdaHelper/remote/displayModelRemote.cpp	100644	blob	006f02361a95ef58ec2f4d3ceaa1dac0d46227de	100644	blob	006f02361a95ef58ec2f4d3ceaa1dac0d46227de
identical	nvdaHelper/remote/dllmain.h	100644	blob	bda2b0c143755da41feb2def6584a500dfc36475	100644	blob	bda2b0c143755da41feb2def6584a500dfc36475
identical	nvdaHelper/remote/excel.cpp	100644	blob	e07e85327853f00393d6ef4197b3752077584036	100644	blob	e07e85327853f00393d6ef4197b3752077584036
identical	nvdaHelper/remote/excel/Constants.h	100644	blob	d88e7f88b832dd253e1f418d52ed720e697e7db2	100644	blob	d88e7f88b832dd253e1f418d52ed720e697e7db2
identical	nvdaHelper/remote/gdiHooks.cpp	100644	blob	3c74b63c1f5a9cf3707e286e13f1c3e530a202d1	100644	blob	3c74b63c1f5a9cf3707e286e13f1c3e530a202d1
identical	nvdaHelper/remote/gdiHooks.h	100644	blob	4a29b3b2340d953f536bfa587b2733fa9f4b1a74	100644	blob	4a29b3b2340d953f536bfa587b2733fa9f4b1a74
identical	nvdaHelper/remote/ia2LiveRegions.cpp	100644	blob	ef52a610ab1b77afef64c1b71bb34546b4e3b172	100644	blob	ef52a610ab1b77afef64c1b71bb34546b4e3b172
identical	nvdaHelper/remote/ia2LiveRegions.h	100644	blob	da566c332183b31b8ab0d02d05fdeae1306e8710	100644	blob	da566c332183b31b8ab0d02d05fdeae1306e8710
identical	nvdaHelper/remote/ime.cpp	100644	blob	ceea426312c72e8a14617bb01f98ee8cdae0dd76	100644	blob	ceea426312c72e8a14617bb01f98ee8cdae0dd76
identical	nvdaHelper/remote/ime.h	100644	blob	83026d5cd41e7d61eef64da5ce4efc5890b6e693	100644	blob	83026d5cd41e7d61eef64da5ce4efc5890b6e693
identical	nvdaHelper/remote/inProcess.cpp	100755	blob	27d0d7f39b0ab91594b51e0a796e6af66b65dd8c	100755	blob	27d0d7f39b0ab91594b51e0a796e6af66b65dd8c
identical	nvdaHelper/remote/inProcess.h	100644	blob	e69e6ac6907be7516776d244fc166313d561973b	100644	blob	e69e6ac6907be7516776d244fc166313d561973b
identical	nvdaHelper/remote/injection.cpp	100644	blob	68930eef3875c9f6ecea339a55ccdd4cdf87e184	100644	blob	68930eef3875c9f6ecea339a55ccdd4cdf87e184
identical	nvdaHelper/remote/inputLangChange.cpp	100755	blob	306dfbaf9e620731dbd1d6041b57cd6c0de6f4b0	100755	blob	306dfbaf9e620731dbd1d6041b57cd6c0de6f4b0
identical	nvdaHelper/remote/inputLangChange.h	100755	blob	5f05be24cabf06c724292fb37a64c4e61e6c5198	100755	blob	5f05be24cabf06c724292fb37a64c4e61e6c5198
identical	nvdaHelper/remote/log.cpp	100644	blob	c02e476e683dc6d5e9a6621b1593c1cd19183ef0	100644	blob	c02e476e683dc6d5e9a6621b1593c1cd19183ef0
identical	nvdaHelper/remote/nvdaController.cpp	100644	blob	0719e23baf9e5808446bbe645a8f38d0b97f4a56	100644	blob	0719e23baf9e5808446bbe645a8f38d0b97f4a56
identical	nvdaHelper/remote/nvdaHelperRemote.def	100644	blob	a69c823c1057c777b4a00ad14127354ed2249a42	100644	blob	a69c823c1057c777b4a00ad14127354ed2249a42
identical	nvdaHelper/remote/nvdaHelperRemote.h	100755	blob	7c4e8f0b5279e63b98346b02c48808a1fb84ddd7	100755	blob	7c4e8f0b5279e63b98346b02c48808a1fb84ddd7
identical	nvdaHelper/remote/outlook.cpp	100644	blob	02dcb81bc25fc64143f056c0b401390b41e4ea2c	100644	blob	02dcb81bc25fc64143f056c0b401390b41e4ea2c
identical	nvdaHelper/remote/rpcSrv.cpp	100755	blob	e018b68a25dcf2accccf9f32c09c79f91c261a89	100755	blob	e018b68a25dcf2accccf9f32c09c79f91c261a89
identical	nvdaHelper/remote/rpcSrv.h	100644	blob	d2580b47cf319286df4cb19cb762b65699251fab	100644	blob	d2580b47cf319286df4cb19cb762b65699251fab
identical	nvdaHelper/remote/sconscript	100644	blob	7b039e86f3e6360a1eb1a125cf8134acb36e8c34	100644	blob	7b039e86f3e6360a1eb1a125cf8134acb36e8c34
identical	nvdaHelper/remote/sysListView32.cpp	100644	blob	3913c9c30a464366422805d0d43be3c8ad76bbe6	100644	blob	3913c9c30a464366422805d0d43be3c8ad76bbe6
identical	nvdaHelper/remote/textFromIAccessible.cpp	100644	blob	4bb1c628ccc84edb9c142555a3257e9d0c9e6804	100644	blob	4bb1c628ccc84edb9c142555a3257e9d0c9e6804
identical	nvdaHelper/remote/textFromIAccessible.h	100644	blob	cd06176c2927e84098598e230d565483989c63b4	100644	blob	cd06176c2927e84098598e230d565483989c63b4
identical	nvdaHelper/remote/tsf.cpp	100644	blob	537567638117a7e1c88112ca0e91915e4ab90fea	100644	blob	537567638117a7e1c88112ca0e91915e4ab90fea
identical	nvdaHelper/remote/tsf.h	100644	blob	876a0e4a185cf00a6d35f7438eaf0f1709d22bc3	100644	blob	876a0e4a185cf00a6d35f7438eaf0f1709d22bc3
identical	nvdaHelper/remote/typedCharacter.cpp	100755	blob	5314c84ad1bce43140f01e59bf0897df4300a430	100755	blob	5314c84ad1bce43140f01e59bf0897df4300a430
identical	nvdaHelper/remote/typedCharacter.h	100755	blob	c5822f57c1f7f032271a0f1fba8f045645166774	100755	blob	c5822f57c1f7f032271a0f1fba8f045645166774
identical	nvdaHelper/remote/vbufRemote.cpp	100755	blob	68b824a2ca6cf46449f5a02ccf026ccd1aa2f0e3	100755	blob	68b824a2ca6cf46449f5a02ccf026ccd1aa2f0e3
identical	nvdaHelper/remote/winword.cpp	100644	blob	ee1b6e2cd89dacce02dfad5f52c4db60448201c4	100644	blob	ee1b6e2cd89dacce02dfad5f52c4db60448201c4
identical	nvdaHelper/remote/winword.h	100644	blob	8f2770a494b7678654b2b73260edd359d9acfc4f	100644	blob	8f2770a494b7678654b2b73260edd359d9acfc4f
identical	nvdaHelper/remoteLoader/loader.cpp	100644	blob	eae56a95bdb18b454e175a8d80c9fd1c6987bc5d	100644	blob	eae56a95bdb18b454e175a8d80c9fd1c6987bc5d
identical	nvdaHelper/remoteLoader/sconscript	100644	blob	de3de067f04a7dc577f7dd7ee7604bb52cfaf644	100644	blob	de3de067f04a7dc577f7dd7ee7604bb52cfaf644
identical	nvdaHelper/sonic/sconscript	100644	blob	744837255747ecb9184e176ef0f244a3d3e2c0fc	100644	blob	744837255747ecb9184e176ef0f244a3d3e2c0fc
identical	nvdaHelper/sonic/sonic.def	100644	blob	1952706d0adc2aaffdfc0c8a903719f4c373c997	100644	blob	1952706d0adc2aaffdfc0c8a903719f4c373c997
identical	nvdaHelper/uwp/sconscript	100644	blob	338cec8aee8957517800cf70068b68361275c0e9	100644	blob	338cec8aee8957517800cf70068b68361275c0e9
identical	nvdaHelper/vbufBackends/adobeAcrobat/adobeAcrobat.cpp	100644	blob	84d93dbb76d51630dc76713fcfe07422218f8e2e	100644	blob	84d93dbb76d51630dc76713fcfe07422218f8e2e
identical	nvdaHelper/vbufBackends/adobeAcrobat/adobeAcrobat.h	100644	blob	fbbdddb80a7c52565d1d41a151628f3d6915d540	100644	blob	fbbdddb80a7c52565d1d41a151628f3d6915d540
identical	nvdaHelper/vbufBackends/adobeAcrobat/sconscript	100644	blob	719062d7ff416376ac2eb2f07ebfd7796b4b564c	100644	blob	719062d7ff416376ac2eb2f07ebfd7796b4b564c
identical	nvdaHelper/vbufBackends/gecko_ia2/gecko_ia2.cpp	100755	blob	4f8575bff70231bf78e2b7669e0c64a6d9254a17	100755	blob	4f8575bff70231bf78e2b7669e0c64a6d9254a17
identical	nvdaHelper/vbufBackends/gecko_ia2/gecko_ia2.h	100755	blob	0375f6ae7af03e28fc20c86c940b541854c64296	100755	blob	0375f6ae7af03e28fc20c86c940b541854c64296
identical	nvdaHelper/vbufBackends/gecko_ia2/sconscript	100644	blob	2ceac17759c6f49e5bb66ffc745df11dd539bcc5	100644	blob	2ceac17759c6f49e5bb66ffc745df11dd539bcc5
identical	nvdaHelper/vbufBackends/lotusNotesRichText/lotusNotesRichText.cpp	100644	blob	bb18c5fc05faaa2f0bbeba14de4cd0ef02fc82ff	100644	blob	bb18c5fc05faaa2f0bbeba14de4cd0ef02fc82ff
identical	nvdaHelper/vbufBackends/lotusNotesRichText/lotusNotesRichText.h	100644	blob	bd9d538471bba8de31ed239251487c86a07f0d2e	100644	blob	bd9d538471bba8de31ed239251487c86a07f0d2e
identical	nvdaHelper/vbufBackends/lotusNotesRichText/sconscript	100644	blob	d95b11ab8331d030db890a6784de6eb979eee08c	100644	blob	d95b11ab8331d030db890a6784de6eb979eee08c
identical	nvdaHelper/vbufBackends/mshtml/mshtml.cpp	100755	blob	358c4293d5210d0390e57eafce343ab2cf8474e6	100755	blob	358c4293d5210d0390e57eafce343ab2cf8474e6
identical	nvdaHelper/vbufBackends/mshtml/mshtml.h	100755	blob	d5904940171785db19e8d0a1e25ae6945014b165	100755	blob	d5904940171785db19e8d0a1e25ae6945014b165
identical	nvdaHelper/vbufBackends/mshtml/node.cpp	100755	blob	b5806c534232db64e9847a508221c39fba4f7afa	100755	blob	b5806c534232db64e9847a508221c39fba4f7afa
identical	nvdaHelper/vbufBackends/mshtml/node.h	100755	blob	ca780789d9612ae63a78098a4b5e89555e25a5dc	100755	blob	ca780789d9612ae63a78098a4b5e89555e25a5dc
identical	nvdaHelper/vbufBackends/mshtml/sconscript	100644	blob	a6f9bc5d212cac0f8f4eca1a5ae5b52b98bd3241	100644	blob	a6f9bc5d212cac0f8f4eca1a5ae5b52b98bd3241
identical	nvdaHelper/vbufBackends/webKit/sconscript	100644	blob	c95653c6885d73b88191703dae7644d87dffc294	100644	blob	c95653c6885d73b88191703dae7644d87dffc294
identical	nvdaHelper/vbufBackends/webKit/webKit.cpp	100644	blob	1abcbd891f985d45297d8533fafde4ac003d7a57	100644	blob	1abcbd891f985d45297d8533fafde4ac003d7a57
identical	nvdaHelper/vbufBackends/webKit/webKit.h	100644	blob	544743fb7c62edb3e7bb10cd0fdb883dad8400b3	100644	blob	544743fb7c62edb3e7bb10cd0fdb883dad8400b3
identical	nvdaHelper/vbufBase/backend.cpp	100644	blob	d02e8ec79bed88326167947a3c6eba291df6aa6c	100644	blob	d02e8ec79bed88326167947a3c6eba291df6aa6c
identical	nvdaHelper/vbufBase/backend.h	100644	blob	4835733c862bc94b5d1572cf06b39833b5280caf	100644	blob	4835733c862bc94b5d1572cf06b39833b5280caf
identical	nvdaHelper/vbufBase/sconscript	100644	blob	467dfa3c2af7babcc348e3bc51b069cfc7139ed2	100644	blob	467dfa3c2af7babcc348e3bc51b069cfc7139ed2
identical	nvdaHelper/vbufBase/storage.cpp	100644	blob	236c970c5e42a37d92506a0b58879fa6ceeebf11	100644	blob	236c970c5e42a37d92506a0b58879fa6ceeebf11
identical	nvdaHelper/vbufBase/storage.h	100644	blob	b0dd5bd31fffd72b4d94565ef672dac71ebac826	100644	blob	b0dd5bd31fffd72b4d94565ef672dac71ebac826
identical	nvdaHelper/vbufBase/utils.cpp	100644	blob	298eef32e40993f7073225164aaeecfb82548b47	100644	blob	298eef32e40993f7073225164aaeecfb82548b47
identical	nvdaHelper/vbufBase/utils.h	100644	blob	f023b9ae516ebcbdbd9250317e7788116c126ba8	100644	blob	f023b9ae516ebcbdbd9250317e7788116c126ba8
identical	projectDocs/.gitignore	100644	blob	eb76acc74de0acd7d86c4c38a6c042437a800105	100644	blob	eb76acc74de0acd7d86c4c38a6c042437a800105
identical	projectDocs/community/expertsList.md	100644	blob	6c9a81eae5cc0a670cc243c6acfff67444754f24	100644	blob	6c9a81eae5cc0a670cc243c6acfff67444754f24
identical	projectDocs/community/readme.md	100644	blob	6a7c6fa49c4fd42f46fcc421825382aed46f3dcb	100644	blob	6a7c6fa49c4fd42f46fcc421825382aed46f3dcb
identical	projectDocs/community/releaseProcess.md	100644	blob	4e4bbeb5d737180faadccc6626178ffd28a09116	100644	blob	4e4bbeb5d737180faadccc6626178ffd28a09116
identical	projectDocs/design/displayModel.md	100644	blob	53c27937c762b1e1d592239d9c39537df8d98d6c	100644	blob	53c27937c762b1e1d592239d9c39537df8d98d6c
identical	projectDocs/design/hidBrailleTechnicalNotes.md	100644	blob	1c480879e384b5a81d6e38d9b235c3229cf95740	100644	blob	1c480879e384b5a81d6e38d9b235c3229cf95740
identical	projectDocs/design/startupShutdown.md	100644	blob	afde542a7523e84f8ada32e557c24eeded871fd3	100644	blob	afde542a7523e84f8ada32e557c24eeded871fd3
identical	projectDocs/design/synthesizers.md	100644	blob	eef162f4cdb34b6d95e7838cf5c2305f69eb36ab	100644	blob	eef162f4cdb34b6d95e7838cf5c2305f69eb36ab
identical	projectDocs/design/technicalDesignOverview.md	100644	blob	31106c09ee87c1cf13df5b1ebcaa5d71f8063100	100644	blob	31106c09ee87c1cf13df5b1ebcaa5d71f8063100
identical	projectDocs/design/unreachableObjects.md	100644	blob	70d9612a2c902971da7299dcb4dff80ea1e74cdd	100644	blob	70d9612a2c902971da7299dcb4dff80ea1e74cdd
identical	projectDocs/dev/addons.md	100644	blob	37a642919e0ac9f71254f4286474ce2f4135da4b	100644	blob	37a642919e0ac9f71254f4286474ce2f4135da4b
identical	projectDocs/dev/buildSystemNotes.md	100644	blob	f0a4452e4050b3e45ffe88b9d0658858198105de	100644	blob	f0a4452e4050b3e45ffe88b9d0658858198105de
identical	projectDocs/dev/buildingDevDocumentation.md	100644	blob	835e1ee5b49af135f6b63dd162d3d7a65b9645ac	100644	blob	835e1ee5b49af135f6b63dd162d3d7a65b9645ac
identical	projectDocs/dev/buildingNVDA.md	100644	blob	7643ad76bb005d89771d4993499b5d7ae5fffdd5	100644	blob	7643ad76bb005d89771d4993499b5d7ae5fffdd5
identical	projectDocs/dev/codingStandards.md	100644	blob	e6c1d0be58cdc23230a33bc0cfb62f564901d920	100644	blob	e6c1d0be58cdc23230a33bc0cfb62f564901d920
identical	projectDocs/dev/contributing.md	100644	blob	2029913391c2b0dee5604cff6836798149d7844d	100644	blob	2029913391c2b0dee5604cff6836798149d7844d
identical	projectDocs/dev/copyrightHeaders.md	100644	blob	815db2a58d73473e01120ccad3f08edc17a9e28f	100644	blob	815db2a58d73473e01120ccad3f08edc17a9e28f
identical	projectDocs/dev/createDevEnvironment.md	100644	blob	fc0a0790470c617a0dea6a4030614117289060ee	100644	blob	fc0a0790470c617a0dea6a4030614117289060ee
identical	projectDocs/dev/deprecations.md	100644	blob	bb6917785f01fe96f61372e73763b8de2f4fcf90	100644	blob	bb6917785f01fe96f61372e73763b8de2f4fcf90
identical	projectDocs/dev/developerGuide/conf.py	100644	blob	19cf72a6e52a47e92219d91e18dd7a04ab605c05	100644	blob	19cf72a6e52a47e92219d91e18dd7a04ab605c05
identical	projectDocs/dev/developerGuide/developerGuide.md	100644	blob	5be0d21d05fde962c76db9fb9a96262c8f1bd674	100644	blob	5be0d21d05fde962c76db9fb9a96262c8f1bd674
identical	projectDocs/dev/developerGuide/index.rst	100644	blob	a69ba77befa1a416ee763057a72faef894ffc7ff	100644	blob	a69ba77befa1a416ee763057a72faef894ffc7ff
identical	projectDocs/dev/developerGuide/sconscript	100644	blob	c3f12b12d78cf61d44b77fa13eabad88349adc28	100644	blob	c3f12b12d78cf61d44b77fa13eabad88349adc28
identical	projectDocs/dev/featureFlags.md	100644	blob	556c532e86fcdf58731398d7a5b699e86de3f7c9	100644	blob	556c532e86fcdf58731398d7a5b699e86de3f7c9
only_final	projectDocs/dev/futureRcValidation.md	100644	blob	d3b0756349d5c1d79409219cb38502d3928715b2			
identical	projectDocs/dev/githubPullRequestTemplateExplanationAndExamples.md	100644	blob	4da4353f51fede0e764c6724f44da616f6dea9bd	100644	blob	4da4353f51fede0e764c6724f44da616f6dea9bd
identical	projectDocs/dev/proposingMajorChanges.md	100644	blob	8361dcd5dff649f7f6b2dcb893a92dda48e85e5b	100644	blob	8361dcd5dff649f7f6b2dcb893a92dda48e85e5b
identical	projectDocs/dev/readme.md	100644	blob	4a36865dc0b599f2d2367211c298bda4a932e445	100644	blob	4a36865dc0b599f2d2367211c298bda4a932e445
identical	projectDocs/dev/remoteDebugging.md	100644	blob	840b3282bd04515a1d4772da481648c84125c001	100644	blob	840b3282bd04515a1d4772da481648c84125c001
identical	projectDocs/dev/selfSignedBuild.md	100644	blob	8805d9b97ebe7cf97a115fdbf6a280e2a3e083ae	100644	blob	8805d9b97ebe7cf97a115fdbf6a280e2a3e083ae
identical	projectDocs/dev/userGuideStandards.md	100644	blob	710ce6aa8276d5cae37fcc6766ec45ca069c1094	100644	blob	710ce6aa8276d5cae37fcc6766ec45ca069c1094
identical	projectDocs/issues/githubIssueTemplateExplanationAndExamples.md	100644	blob	b8b9494084d1931ce2820add298ee0e42e9387cb	100644	blob	b8b9494084d1931ce2820add298ee0e42e9387cb
identical	projectDocs/issues/readme.md	100644	blob	3f606b94a5e5e2d0ffefd38c9fd3b4dd10dcb250	100644	blob	3f606b94a5e5e2d0ffefd38c9fd3b4dd10dcb250
identical	projectDocs/issues/securityAdvisoryTemplate.md	100644	blob	f88fd0b888af4a5327aa81fb9697045f9bf4a99d	100644	blob	f88fd0b888af4a5327aa81fb9697045f9bf4a99d
identical	projectDocs/issues/thirdPartyReporting.md	100644	blob	1905c2106dbb63d693b5e630b0416d46cd6ecd27	100644	blob	1905c2106dbb63d693b5e630b0416d46cd6ecd27
identical	projectDocs/issues/triage.md	100644	blob	7ef233bc65c28840530a23982872fb648e41f2a8	100644	blob	7ef233bc65c28840530a23982872fb648e41f2a8
identical	projectDocs/product_vision.md	100644	blob	ce2ec866830b30911b8df2cfd20116f27c1952eb	100644	blob	ce2ec866830b30911b8df2cfd20116f27c1952eb
identical	projectDocs/testing/automated.md	100644	blob	d0e6293c7e6de9facd5951811f9da7e22c12df69	100644	blob	d0e6293c7e6de9facd5951811f9da7e22c12df69
identical	projectDocs/testing/contributing.md	100644	blob	caa7b7ce8edec3e5e5067fec09b9a749bd1b0d4d	100644	blob	caa7b7ce8edec3e5e5067fec09b9a749bd1b0d4d
identical	projectDocs/testing/readme.md	100644	blob	f0479172b88530009806042af454334d0dcdd355	100644	blob	f0479172b88530009806042af454334d0dcdd355
identical	projectDocs/translating/admin.md	100644	blob	3a1e92f52d957ef019219197f4ac4cafbc8532da	100644	blob	3a1e92f52d957ef019219197f4ac4cafbc8532da
identical	projectDocs/translating/crowdin.md	100644	blob	5054a811372b88923156dbdcf36ac0faecccb1c0	100644	blob	5054a811372b88923156dbdcf36ac0faecccb1c0
identical	projectDocs/translating/github.md	100644	blob	f2b997a074f91c90a9525ea18cdbf5e113ab172d	100644	blob	f2b997a074f91c90a9525ea18cdbf5e113ab172d
identical	projectDocs/translating/readme.md	100644	blob	5f14f04376d383453d4ab66e260656c87094ac20	100644	blob	5f14f04376d383453d4ab66e260656c87094ac20
identical	pyproject.toml	100644	blob	0ccdd296aaf44f06c20af489bea63efa923c9113	100644	blob	0ccdd296aaf44f06c20af489bea63efa923c9113
identical	readme.md	100644	blob	e44cc0ee6d506fc5e81cb887b941ee08004bce76	100644	blob	e44cc0ee6d506fc5e81cb887b941ee08004bce76
identical	runcheckpot.bat	100644	blob	1ac64a0df222c29a496825ac006d637e241d073e	100644	blob	1ac64a0df222c29a496825ac006d637e241d073e
identical	runlicensecheck.bat	100644	blob	46a1ef3a4078bee3e8538412120323b9a66c2ed2	100644	blob	46a1ef3a4078bee3e8538412120323b9a66c2ed2
identical	runlint.bat	100644	blob	9b87eea3f5089a527446cfac81bcae4b656ea313	100644	blob	9b87eea3f5089a527446cfac81bcae4b656ea313
identical	runnvda.bat	100644	blob	cde6a41dd2972f2e009c1dac1428086519bebbd2	100644	blob	cde6a41dd2972f2e009c1dac1428086519bebbd2
identical	runsettingsdiff.bat	100644	blob	b12ea6fe8235fcf5565cc131431e2d8528160a89	100644	blob	b12ea6fe8235fcf5565cc131431e2d8528160a89
identical	runsystemtests.bat	100644	blob	5427f516e8618b197015efdbf76f626cf4ff6d04	100644	blob	5427f516e8618b197015efdbf76f626cf4ff6d04
identical	runtime-builders/synthDriverHost32/.python-version	100644	blob	1f155dedb475f21cdeb94e30fd2db8ec550d96a6	100644	blob	1f155dedb475f21cdeb94e30fd2db8ec550d96a6
identical	runtime-builders/synthDriverHost32/buildVersionLoader.py	100644	blob	6ba6d79308f1eafec1b4bf68ce8f719402bac92a	100644	blob	6ba6d79308f1eafec1b4bf68ce8f719402bac92a
identical	runtime-builders/synthDriverHost32/pyproject.toml	100644	blob	b5c413e1e751b2de8fd6b9b1b63436930378230c	100644	blob	b5c413e1e751b2de8fd6b9b1b63436930378230c
identical	runtime-builders/synthDriverHost32/setup-runtime.py	100644	blob	28b327a21e0e2629849ca385a377454710973bd7	100644	blob	28b327a21e0e2629849ca385a377454710973bd7
identical	runtime-builders/synthDriverHost32/uv.lock	100644	blob	3af780cc593f93143e30fd25e1bcede2f81cf45d	100644	blob	3af780cc593f93143e30fd25e1bcede2f81cf45d
identical	rununittests.bat	100644	blob	8efd7b9c022100093defcce2183175e9be07ae35	100644	blob	8efd7b9c022100093defcce2183175e9be07ae35
identical	scons.bat	100644	blob	4f4ab07695df1bce63790fabb21398895ccd4008	100644	blob	4f4ab07695df1bce63790fabb21398895ccd4008
identical	sconstruct	100755	blob	c760e7e77ad56a660cbee9536b82f3bc3ef1d79f	100755	blob	c760e7e77ad56a660cbee9536b82f3bc3ef1d79f
identical	security.md	100644	blob	e72a3ebeb869331d6f7e10a14258ce2fa945e36a	100644	blob	e72a3ebeb869331d6f7e10a14258ce2fa945e36a
identical	site_scons/site_tools/doxygen.py	100644	blob	3753bd317ac7361b2149df4587b70eaf0c2136ba	100644	blob	3753bd317ac7361b2149df4587b70eaf0c2136ba
identical	site_scons/site_tools/gettextTool.py	100644	blob	ac11b906a3be47b3b176e57f22524e0c4d9deded	100644	blob	ac11b906a3be47b3b176e57f22524e0c4d9deded
identical	site_scons/site_tools/listModules.py	100644	blob	c7026df2868f8886e1907ebd8e8c43a57d6d6412	100644	blob	c7026df2868f8886e1907ebd8e8c43a57d6d6412
identical	site_scons/site_tools/msrpc.py	100644	blob	bba6d82dbdfca4f3bf22a9321b45da2e6c8328af	100644	blob	bba6d82dbdfca4f3bf22a9321b45da2e6c8328af
identical	site_scons/site_tools/recursiveInstall.py	100644	blob	5538fd6c42dbdede762cc8ce969762285fb4e354	100644	blob	5538fd6c42dbdede762cc8ce969762285fb4e354
identical	source/COMRegistrationFixes/__init__.py	100644	blob	e33cbe2ba60376358b19313facff96dec86bff7a	100644	blob	e33cbe2ba60376358b19313facff96dec86bff7a
identical	source/COMRegistrationFixes/oleaccProxy.reg	100644	blob	e2b6fbf7341a47b668622fc2a2ded402319b2f10	100644	blob	e2b6fbf7341a47b668622fc2a2ded402319b2f10
identical	source/IAccessibleHandler/__init__.py	100644	blob	81e560325620d7f50fba2a621b61f5434a21c2bc	100644	blob	81e560325620d7f50fba2a621b61f5434a21c2bc
identical	source/IAccessibleHandler/internalWinEventHandler.py	100644	blob	573321dc0cbf974bcb98ccb075e562a19a723314	100644	blob	573321dc0cbf974bcb98ccb075e562a19a723314
identical	source/IAccessibleHandler/orderedWinEventLimiter.py	100644	blob	45400fafecf1535123df49caf9ddd9c44986e8d9	100644	blob	45400fafecf1535123df49caf9ddd9c44986e8d9
identical	source/IAccessibleHandler/types.py	100644	blob	d6ea23cc5401b44922a63a506614c703da5b6b58	100644	blob	d6ea23cc5401b44922a63a506614c703da5b6b58
identical	source/IAccessibleHandler/utils.py	100644	blob	226f12aceaf0f2c84d433efa869ec29692548884	100644	blob	226f12aceaf0f2c84d433efa869ec29692548884
identical	source/JABHandler.py	100644	blob	7a49ada9494446d9ebc3279a6d02594104c48e4f	100644	blob	7a49ada9494446d9ebc3279a6d02594104c48e4f
identical	source/NVDAHelper/__init__.py	100755	blob	ace57a276ea6326e9a8dfbde06b0949d8834e83c	100755	blob	ace57a276ea6326e9a8dfbde06b0949d8834e83c
identical	source/NVDAHelper/localLib.py	100644	blob	7f2056aacc55f11c3e106afbc2f0da447a9938a5	100644	blob	7f2056aacc55f11c3e106afbc2f0da447a9938a5
identical	source/NVDAHelper/localWin10.py	100644	blob	615a3eb1aa42b54246442f7d882e850672ae23e1	100644	blob	615a3eb1aa42b54246442f7d882e850672ae23e1
identical	source/NVDAObjects/IAccessible/MSHTML.py	100644	blob	6305055604c00e20382e9af37b36b309d2a0514f	100644	blob	6305055604c00e20382e9af37b36b309d2a0514f
identical	source/NVDAObjects/IAccessible/SysMonthCal32.py	100755	blob	cad8f96e55b29e35ac85fa0f43841a676ebc7b45	100755	blob	cad8f96e55b29e35ac85fa0f43841a676ebc7b45
identical	source/NVDAObjects/IAccessible/__init__.py	100644	blob	49f635710e6be76fa423b441a7c76169ea00cd80	100644	blob	49f635710e6be76fa423b441a7c76169ea00cd80
identical	source/NVDAObjects/IAccessible/adobeAcrobat.py	100644	blob	1a5b81fd171622c1611fe0bf08663fa4f08c58a5	100644	blob	1a5b81fd171622c1611fe0bf08663fa4f08c58a5
identical	source/NVDAObjects/IAccessible/akelEdit.py	100644	blob	c9f7ec4488c1ad7228b4c31488b443330644195c	100644	blob	c9f7ec4488c1ad7228b4c31488b443330644195c
identical	source/NVDAObjects/IAccessible/chromium.py	100644	blob	5173ef2d51117c7a1b504a2b7bdec1980c89f7c1	100644	blob	5173ef2d51117c7a1b504a2b7bdec1980c89f7c1
identical	source/NVDAObjects/IAccessible/delphi.py	100644	blob	b1013773828e2aa245a8fc222acd40d09a25737a	100644	blob	b1013773828e2aa245a8fc222acd40d09a25737a
identical	source/NVDAObjects/IAccessible/hh.py	100644	blob	d91cb44e4c268e73ea3043abe5d9d337ebbf4edd	100644	blob	d91cb44e4c268e73ea3043abe5d9d337ebbf4edd
identical	source/NVDAObjects/IAccessible/ia2TextMozilla.py	100644	blob	af8ab8b77d36e2bda507f4221d51adc264408d93	100644	blob	af8ab8b77d36e2bda507f4221d51adc264408d93
identical	source/NVDAObjects/IAccessible/ia2Web.py	100644	blob	f0172ed712b4023f23ca82973444f742a90aa9ac	100644	blob	f0172ed712b4023f23ca82973444f742a90aa9ac
identical	source/NVDAObjects/IAccessible/mozilla.py	100755	blob	7fde350c2fd13323c287cb7d616338a846a234a8	100755	blob	7fde350c2fd13323c287cb7d616338a846a234a8
identical	source/NVDAObjects/IAccessible/msOffice.py	100755	blob	1677514c6bb7fbf471d212efc7df33cf60d8bf62	100755	blob	1677514c6bb7fbf471d212efc7df33cf60d8bf62
identical	source/NVDAObjects/IAccessible/mscandui.py	100755	blob	26521ca861654074a6745500366474eedeae7590	100755	blob	26521ca861654074a6745500366474eedeae7590
identical	source/NVDAObjects/IAccessible/qt.py	100644	blob	a97156669a40108ed8f256b88fc62a54b7422412	100644	blob	a97156669a40108ed8f256b88fc62a54b7422412
identical	source/NVDAObjects/IAccessible/scintilla.py	100755	blob	efbef3e70bb3b2b70f639362d71bde4b6c307b5e	100755	blob	efbef3e70bb3b2b70f639362d71bde4b6c307b5e
identical	source/NVDAObjects/IAccessible/sysListView32.py	100644	blob	40cf4164a359887bb63e1470fdc12fafa51d9df5	100644	blob	40cf4164a359887bb63e1470fdc12fafa51d9df5
identical	source/NVDAObjects/IAccessible/sysTreeView32.py	100755	blob	15dfdf7f1722ee4f75cdd6bdd483486a97901c1a	100755	blob	15dfdf7f1722ee4f75cdd6bdd483486a97901c1a
identical	source/NVDAObjects/IAccessible/webKit.py	100644	blob	17040dc84b6abb4f64f90b8cb7a8a0973997bbc5	100644	blob	17040dc84b6abb4f64f90b8cb7a8a0973997bbc5
identical	source/NVDAObjects/IAccessible/winConsole.py	100644	blob	56c4ec97f755ae8b024d9748f6ed8201a4c8b824	100644	blob	56c4ec97f755ae8b024d9748f6ed8201a4c8b824
identical	source/NVDAObjects/IAccessible/winword.py	100644	blob	9c18e62f81f47d0f8bd8e372685c575b37aa219e	100644	blob	9c18e62f81f47d0f8bd8e372685c575b37aa219e
identical	source/NVDAObjects/IAccessible/wx.py	100644	blob	73d9ff41dc24aebfd5e0855da519a9e479f1542c	100644	blob	73d9ff41dc24aebfd5e0855da519a9e479f1542c
identical	source/NVDAObjects/JAB/__init__.py	100644	blob	41ba2684f45aa55e9af1ba6c51053156c4adf9ab	100644	blob	41ba2684f45aa55e9af1ba6c51053156c4adf9ab
identical	source/NVDAObjects/UIA/VisualStudio.py	100644	blob	0c85d7c5051eb5130de4cd06bf3373bf793bfcc0	100644	blob	0c85d7c5051eb5130de4cd06bf3373bf793bfcc0
identical	source/NVDAObjects/UIA/__init__.py	100644	blob	730f95662fe8aad03f57a3b25e701da23a8701ac	100644	blob	730f95662fe8aad03f57a3b25e701da23a8701ac
identical	source/NVDAObjects/UIA/anaheimEdge.py	100644	blob	9b5c7f62e00255291fd3b7d29bcc7c37593c6c99	100644	blob	9b5c7f62e00255291fd3b7d29bcc7c37593c6c99
identical	source/NVDAObjects/UIA/chromium.py	100644	blob	f836b7338a400a1cf2d406d6051852c40b51eaa4	100644	blob	f836b7338a400a1cf2d406d6051852c40b51eaa4
identical	source/NVDAObjects/UIA/excel.py	100644	blob	d903c64f4ca4b4fb0c5863ae00aac0b04fe6a540	100644	blob	d903c64f4ca4b4fb0c5863ae00aac0b04fe6a540
identical	source/NVDAObjects/UIA/spartanEdge.py	100644	blob	0472f2d788943c24f470e666587f4bfb749b7105	100644	blob	0472f2d788943c24f470e666587f4bfb749b7105
identical	source/NVDAObjects/UIA/sysListView32.py	100644	blob	135303f7542c649d09aa29bad2c59fed88af42ac	100644	blob	135303f7542c649d09aa29bad2c59fed88af42ac
identical	source/NVDAObjects/UIA/web.py	100644	blob	229e9b5abafa432e68cc769711151cc8927270a9	100644	blob	229e9b5abafa432e68cc769711151cc8927270a9
identical	source/NVDAObjects/UIA/winConsoleUIA.py	100644	blob	a9af44233eb638be1881542fab8df00331680435	100644	blob	a9af44233eb638be1881542fab8df00331680435
identical	source/NVDAObjects/UIA/wordDocument.py	100644	blob	9f7a3deb94a774168707bd3cc44e62e8011cb6a1	100644	blob	9f7a3deb94a774168707bd3cc44e62e8011cb6a1
identical	source/NVDAObjects/__init__.py	100644	blob	d2f9a04f62dc9a954fdf533e0d1f627001030871	100644	blob	d2f9a04f62dc9a954fdf533e0d1f627001030871
identical	source/NVDAObjects/behaviors.py	100755	blob	0136d1060ee2b3385a99410ea9c904e57b6dbf5d	100755	blob	0136d1060ee2b3385a99410ea9c904e57b6dbf5d
identical	source/NVDAObjects/inputComposition.py	100644	blob	f5f7e0d42d2365d23f31fe8d05148eb8cc38730b	100644	blob	f5f7e0d42d2365d23f31fe8d05148eb8cc38730b
identical	source/NVDAObjects/lockscreen.py	100644	blob	9fbe838b8ff40d905ef7abee1a1ec9c7118c11c5	100644	blob	9fbe838b8ff40d905ef7abee1a1ec9c7118c11c5
identical	source/NVDAObjects/window/__init__.py	100644	blob	2c66a04c3518e83299c300ff7815f277e3d8bae6	100644	blob	2c66a04c3518e83299c300ff7815f277e3d8bae6
identical	source/NVDAObjects/window/_msOffice.py	100644	blob	bd31b23efbfdde84b164b93a092176702f8a057e	100644	blob	bd31b23efbfdde84b164b93a092176702f8a057e
identical	source/NVDAObjects/window/_msOfficeChart.py	100644	blob	30b5cd88b4a008a9b6496a44c463ccbad75646ef	100644	blob	30b5cd88b4a008a9b6496a44c463ccbad75646ef
identical	source/NVDAObjects/window/akelEdit.py	100644	blob	94b8326d0a9f5c97b4c158c8d71c581ecc387ae5	100644	blob	94b8326d0a9f5c97b4c158c8d71c581ecc387ae5
identical	source/NVDAObjects/window/edit.py	100644	blob	f091fe105aa7a951bb32d4894b0acbcd7f3adc6e	100644	blob	f091fe105aa7a951bb32d4894b0acbcd7f3adc6e
identical	source/NVDAObjects/window/excel.py	100755	blob	8b7ed38d7c64fd303b318f8c97441f0e4decfb49	100755	blob	8b7ed38d7c64fd303b318f8c97441f0e4decfb49
identical	source/NVDAObjects/window/excelCellBorder.py	100644	blob	277b14b9aa0a8520072fc7cedfd7000f0feab0b8	100644	blob	277b14b9aa0a8520072fc7cedfd7000f0feab0b8
identical	source/NVDAObjects/window/scintilla.py	100755	blob	eb6d6df9638089fb3ad4a3752d5f5b9190fa7588	100755	blob	eb6d6df9638089fb3ad4a3752d5f5b9190fa7588
identical	source/NVDAObjects/window/winConsole.py	100644	blob	0fe669a59133ef1444ee62b8ced921139375799d	100644	blob	0fe669a59133ef1444ee62b8ced921139375799d
identical	source/NVDAObjects/window/winword.py	100755	blob	36343e45e5c2b7f9fb20ac07e3847476f1301761	100755	blob	36343e45e5c2b7f9fb20ac07e3847476f1301761
identical	source/NVDAState.py	100644	blob	81b27520aef6862baf0a7a4de929f5a151d78c9f	100644	blob	81b27520aef6862baf0a7a4de929f5a151d78c9f
identical	source/RPCConstants.py	100644	blob	f7136c1fb25ded35764b40b0c6d8e28b5747f6c4	100644	blob	f7136c1fb25ded35764b40b0c6d8e28b5747f6c4
identical	source/UIAHandler/__init__.py	100644	blob	9e1e2f4b26b4cc7eb6eb9393a16b60351b107540	100644	blob	9e1e2f4b26b4cc7eb6eb9393a16b60351b107540
identical	source/UIAHandler/_remoteOps/__init__.py	100644	blob	e69de29bb2d1d6434b8b29ae775ad8c2e48c5391	100644	blob	e69de29bb2d1d6434b8b29ae775ad8c2e48c5391
identical	source/UIAHandler/_remoteOps/builder.py	100644	blob	343beee46714064c3bb1623e58ee7c584d01eb9e	100644	blob	343beee46714064c3bb1623e58ee7c584d01eb9e
identical	source/UIAHandler/_remoteOps/instructions/__init__.py	100644	blob	cb01d656a2a502d8a2fab8460849b8996ddc2d4e	100644	blob	cb01d656a2a502d8a2fab8460849b8996ddc2d4e
identical	source/UIAHandler/_remoteOps/instructions/_base.py	100644	blob	568db5274ddb6787f95e3e5dcfe982cfe03bb194	100644	blob	568db5274ddb6787f95e3e5dcfe982cfe03bb194
identical	source/UIAHandler/_remoteOps/instructions/arithmetic.py	100644	blob	078c67a36cf44511d0d997b1c11603f1f8825160	100644	blob	078c67a36cf44511d0d997b1c11603f1f8825160
identical	source/UIAHandler/_remoteOps/instructions/array.py	100644	blob	dd518f0c365fc6f7e7744d851421b4bf4c89bbe1	100644	blob	dd518f0c365fc6f7e7744d851421b4bf4c89bbe1
identical	source/UIAHandler/_remoteOps/instructions/bool.py	100644	blob	a5b38c8fb56e9715eaf7d901eafddda4731c0d86	100644	blob	a5b38c8fb56e9715eaf7d901eafddda4731c0d86
identical	source/UIAHandler/_remoteOps/instructions/cacheRequest.py	100644	blob	f2888458c0b04f92e9dd92e24d75de39754e03b7	100644	blob	f2888458c0b04f92e9dd92e24d75de39754e03b7
identical	source/UIAHandler/_remoteOps/instructions/controlFlow.py	100644	blob	fc4066f1af8f7af621b882d22100c6050e8d5bac	100644	blob	fc4066f1af8f7af621b882d22100c6050e8d5bac
identical	source/UIAHandler/_remoteOps/instructions/element.py	100644	blob	6e5befd5c8fe7231c0c6407c409694d1937a8b22	100644	blob	6e5befd5c8fe7231c0c6407c409694d1937a8b22
identical	source/UIAHandler/_remoteOps/instructions/extension.py	100644	blob	4739c7290934fec97ac18f3dcf97955be76b0f0f	100644	blob	4739c7290934fec97ac18f3dcf97955be76b0f0f
identical	source/UIAHandler/_remoteOps/instructions/float.py	100644	blob	abf77440635b72fd3051c670729fc0c40e256535	100644	blob	abf77440635b72fd3051c670729fc0c40e256535
identical	source/UIAHandler/_remoteOps/instructions/general.py	100644	blob	199a9cf8e763c09953cce53665f07b631db8f6dd	100644	blob	199a9cf8e763c09953cce53665f07b631db8f6dd
identical	source/UIAHandler/_remoteOps/instructions/guid.py	100644	blob	3521e4c580066cb6e480ce9ea473a4ef435f0cb0	100644	blob	3521e4c580066cb6e480ce9ea473a4ef435f0cb0
identical	source/UIAHandler/_remoteOps/instructions/int.py	100644	blob	90da824dbce6570e14279ae2bf8d7b9be15962f9	100644	blob	90da824dbce6570e14279ae2bf8d7b9be15962f9
identical	source/UIAHandler/_remoteOps/instructions/null.py	100644	blob	8f4f28a7d5f3644c67ab2b48bdd4ef7e0e834974	100644	blob	8f4f28a7d5f3644c67ab2b48bdd4ef7e0e834974
identical	source/UIAHandler/_remoteOps/instructions/status.py	100644	blob	4b99a73a2520c5f4a0e7f3b0531cd0d66aa51e23	100644	blob	4b99a73a2520c5f4a0e7f3b0531cd0d66aa51e23
identical	source/UIAHandler/_remoteOps/instructions/string.py	100644	blob	4abb3d4918dbcb7fe0da27fc658123a92c549b5f	100644	blob	4abb3d4918dbcb7fe0da27fc658123a92c549b5f
identical	source/UIAHandler/_remoteOps/instructions/textRange.py	100644	blob	7313470546ebb71ac1c0d7f8922321346ba707a5	100644	blob	7313470546ebb71ac1c0d7f8922321346ba707a5
identical	source/UIAHandler/_remoteOps/localExecute.py	100644	blob	93f845707ab1c143d96eab5c31c37037b9e34f6f	100644	blob	93f845707ab1c143d96eab5c31c37037b9e34f6f
identical	source/UIAHandler/_remoteOps/lowLevel.py	100644	blob	1ef6e055f278f80a45b0e9a0589329e3f0b54d2b	100644	blob	1ef6e055f278f80a45b0e9a0589329e3f0b54d2b
identical	source/UIAHandler/_remoteOps/operation.py	100644	blob	c9e0f7016479f5c3ec8119eb255bc6ea4f7525bd	100644	blob	c9e0f7016479f5c3ec8119eb255bc6ea4f7525bd
identical	source/UIAHandler/_remoteOps/readme.md	100644	blob	6afa4355544b60422e98eb0922b03408947d7a6a	100644	blob	6afa4355544b60422e98eb0922b03408947d7a6a
identical	source/UIAHandler/_remoteOps/remoteAPI.py	100644	blob	30c5e5a1cb22f8289bcd7a12a3cdd16bad6e8ec2	100644	blob	30c5e5a1cb22f8289bcd7a12a3cdd16bad6e8ec2
identical	source/UIAHandler/_remoteOps/remoteAlgorithms.py	100644	blob	b854434e951d0eb5b896fc0c7d594ccde9faa08e	100644	blob	b854434e951d0eb5b896fc0c7d594ccde9faa08e
identical	source/UIAHandler/_remoteOps/remoteFuncWrapper.py	100644	blob	325e590b51cfe6bea9f1fa8411958cb19c781069	100644	blob	325e590b51cfe6bea9f1fa8411958cb19c781069
identical	source/UIAHandler/_remoteOps/remoteTypes/__init__.py	100644	blob	2c287b421d0c48c2a56b7a0d21a956fb1984c9ac	100644	blob	2c287b421d0c48c2a56b7a0d21a956fb1984c9ac
identical	source/UIAHandler/_remoteOps/remoteTypes/cacheRequest.py	100644	blob	7c3e9596dca1afb113c53e011921a4e8f35876e1	100644	blob	7c3e9596dca1afb113c53e011921a4e8f35876e1
identical	source/UIAHandler/_remoteOps/remoteTypes/element.py	100644	blob	6c18d535f5b1a0c0cdd35e32b3eb5ff8065c0953	100644	blob	6c18d535f5b1a0c0cdd35e32b3eb5ff8065c0953
identical	source/UIAHandler/_remoteOps/remoteTypes/extensionTarget.py	100644	blob	3924679fc27cdb8f59f20bfb498d60c05959bfbe	100644	blob	3924679fc27cdb8f59f20bfb498d60c05959bfbe
identical	source/UIAHandler/_remoteOps/remoteTypes/intEnum.py	100644	blob	42c1b70ece345812de39c1db97e674f5ca6ea4ec	100644	blob	42c1b70ece345812de39c1db97e674f5ca6ea4ec
identical	source/UIAHandler/_remoteOps/remoteTypes/textRange.py	100644	blob	0d27fcb03c7bf553544accd68e2d30a243622a59	100644	blob	0d27fcb03c7bf553544accd68e2d30a243622a59
identical	source/UIAHandler/browseMode.py	100644	blob	d2c22d5ad2b9c14308f6441c832c82746087b885	100644	blob	d2c22d5ad2b9c14308f6441c832c82746087b885
identical	source/UIAHandler/constants.py	100644	blob	6e530451ba4a7b31d1127b702bfc479273a4be10	100644	blob	6e530451ba4a7b31d1127b702bfc479273a4be10
identical	source/UIAHandler/customAnnotations.py	100644	blob	838df691b0901f7f9095aec1e4e8648af94c6cb7	100644	blob	838df691b0901f7f9095aec1e4e8648af94c6cb7
identical	source/UIAHandler/customProps.py	100644	blob	685589754268d813f59ce43214e953f9ef750b10	100644	blob	685589754268d813f59ce43214e953f9ef750b10
identical	source/UIAHandler/remote.py	100644	blob	35657187050c1945fa98d9bc34edfdb5145b32fd	100644	blob	35657187050c1945fa98d9bc34edfdb5145b32fd
identical	source/UIAHandler/types.py	100644	blob	c815db43bf028a2abf53720e470d9279a136479e	100644	blob	c815db43bf028a2abf53720e470d9279a136479e
identical	source/UIAHandler/utils.py	100644	blob	654aec67bff1c9532088f2fa3592bd8862f7d414	100644	blob	654aec67bff1c9532088f2fa3592bd8862f7d414
identical	source/XMLFormatting.py	100755	blob	a2f7f9d331f649ac689bc0c42e902d964026a0a2	100755	blob	a2f7f9d331f649ac689bc0c42e902d964026a0a2
identical	source/__builtins__.pyi	100644	blob	2ef8bf95a7b71d7a1416c113af26a840d846fd6d	100644	blob	2ef8bf95a7b71d7a1416c113af26a840d846fd6d
identical	source/_asyncioEventLoop/__init__.py	100644	blob	51c737abf02cbbbc2b17a466f172c39a0fca997b	100644	blob	51c737abf02cbbbc2b17a466f172c39a0fca997b
identical	source/_asyncioEventLoop/_state.py	100644	blob	892a554aebc6dddf7665b57cae2218741fe2e616	100644	blob	892a554aebc6dddf7665b57cae2218741fe2e616
identical	source/_asyncioEventLoop/utils.py	100644	blob	5d169c411efd0ed0e57e74c8904a550bf7ea1c20	100644	blob	5d169c411efd0ed0e57e74c8904a550bf7ea1c20
identical	source/_bridge/__init__.py	100644	blob	e69de29bb2d1d6434b8b29ae775ad8c2e48c5391	100644	blob	e69de29bb2d1d6434b8b29ae775ad8c2e48c5391
identical	source/_bridge/base.py	100644	blob	61c733eb11e12c13befe0de24ea369eb5a25b874	100644	blob	61c733eb11e12c13befe0de24ea369eb5a25b874
identical	source/_bridge/clients/synthDriverHost32/launcher.py	100644	blob	7eba195ba20f6f49e13a33aba1a8283180951bef	100644	blob	7eba195ba20f6f49e13a33aba1a8283180951bef
identical	source/_bridge/clients/synthDriverHost32/synthDriver.py	100644	blob	1ca2695ef770d1eef52563e6ced61965fff56376	100644	blob	1ca2695ef770d1eef52563e6ced61965fff56376
identical	source/_bridge/components/proxies/nvwave.py	100644	blob	2e68c04195817fac5b47f8109c0bd52a0b8148a0	100644	blob	2e68c04195817fac5b47f8109c0bd52a0b8148a0
identical	source/_bridge/components/proxies/synthDriver.py	100644	blob	6c23360c06482d049594f980562b96ded42698af	100644	blob	6c23360c06482d049594f980562b96ded42698af
identical	source/_bridge/components/services/__init__.py	100644	blob	e69de29bb2d1d6434b8b29ae775ad8c2e48c5391	100644	blob	e69de29bb2d1d6434b8b29ae775ad8c2e48c5391
identical	source/_bridge/components/services/nvwave.py	100644	blob	8b02397fd78988c0faf3a21c7a792e47c183ad58	100644	blob	8b02397fd78988c0faf3a21c7a792e47c183ad58
identical	source/_bridge/components/services/synthDriver.py	100644	blob	e90bf1769f278625fd5e905fc767aa5eb22ddb85	100644	blob	e90bf1769f278625fd5e905fc767aa5eb22ddb85
identical	source/_bridge/runtimes/synthDriverHost/audioDucking.py	100644	blob	d1656e861a56c242e2145652a1d66a132a8a29b1	100644	blob	d1656e861a56c242e2145652a1d66a132a8a29b1
identical	source/_bridge/runtimes/synthDriverHost/config.py	100644	blob	fc623aa6bbb5601334fbe33bc137139088c4413b	100644	blob	fc623aa6bbb5601334fbe33bc137139088c4413b
identical	source/_bridge/runtimes/synthDriverHost/core.py	100644	blob	f0e0cc90ccb6b162f0f3097525bc28405d0ddb17	100644	blob	f0e0cc90ccb6b162f0f3097525bc28405d0ddb17
identical	source/_bridge/runtimes/synthDriverHost/globalVars.py	100644	blob	9605706da72e1bd2a7fa33804f798e424e547d60	100644	blob	9605706da72e1bd2a7fa33804f798e424e547d60
identical	source/_bridge/runtimes/synthDriverHost/logHandler.py	100644	blob	9025c94caef7224bfc979ff90da5a7a723135310	100644	blob	9025c94caef7224bfc979ff90da5a7a723135310
identical	source/_bridge/runtimes/synthDriverHost/main.pyw	100644	blob	0d8504264f707beca7c1b657dbbdc26805d9d440	100644	blob	0d8504264f707beca7c1b657dbbdc26805d9d440
identical	source/_bridge/runtimes/synthDriverHost/speech/__init__.py	100644	blob	07ee9b88ace5453c332cf1758c059403478bf269	100644	blob	07ee9b88ace5453c332cf1758c059403478bf269
identical	source/_bridge/runtimes/synthDriverHost/speechDictHandler.py	100644	blob	08534d49d16f12b2403b648a6fe7f3f28b0c2f53	100644	blob	08534d49d16f12b2403b648a6fe7f3f28b0c2f53
identical	source/_bridge/runtimes/synthDriverHost/synthDriverHost.py	100644	blob	6adf95821517179d8fe94d37e8c47871965611a2	100644	blob	6adf95821517179d8fe94d37e8c47871965611a2
identical	source/_bridge/runtimes/synthDriverHost/synthDrivers/__init__.py	100644	blob	e69de29bb2d1d6434b8b29ae775ad8c2e48c5391	100644	blob	e69de29bb2d1d6434b8b29ae775ad8c2e48c5391
identical	source/_bridge/runtimes/synthDriverHost/synthSettingsRing.py	100644	blob	599e5d0c5078ce4e9c33b9697ae7806b8a878826	100644	blob	599e5d0c5078ce4e9c33b9697ae7806b8a878826
identical	source/_magnifier/__init__.py	100644	blob	ee4a344f5cc48b44e4affec864f79907ca48d2f2	100644	blob	ee4a344f5cc48b44e4affec864f79907ca48d2f2
identical	source/_magnifier/commands.py	100644	blob	634baef9a72d90fd278f861edf9feb224349d83e	100644	blob	634baef9a72d90fd278f861edf9feb224349d83e
identical	source/_magnifier/config.py	100644	blob	0625ec6befdd7f7da9e45f23e1ba3b5f64ad83aa	100644	blob	0625ec6befdd7f7da9e45f23e1ba3b5f64ad83aa
identical	source/_magnifier/dockedMagnifier.py	100644	blob	befc45e4522bd4bbb2cfdc275f4186089f2f4cf1	100644	blob	befc45e4522bd4bbb2cfdc275f4186089f2f4cf1
identical	source/_magnifier/fixedMagnifier.py	100644	blob	4c29bd2f23549d92a8abf7023f23d67cdf2b6159	100644	blob	4c29bd2f23549d92a8abf7023f23d67cdf2b6159
identical	source/_magnifier/fullscreenMagnifier.py	100644	blob	4555419cbf20efe07cd496000cc4acb239b4b804	100644	blob	4555419cbf20efe07cd496000cc4acb239b4b804
identical	source/_magnifier/lensMagnifier.py	100644	blob	83675b64f9c65d0774b9d2af71e30c1cb1ba8769	100644	blob	83675b64f9c65d0774b9d2af71e30c1cb1ba8769
identical	source/_magnifier/magnifier.py	100644	blob	ce3fed8202ede65a749d5b287d925353b2e4996c	100644	blob	ce3fed8202ede65a749d5b287d925353b2e4996c
identical	source/_magnifier/utils/__init__.py	100644	blob	e69de29bb2d1d6434b8b29ae775ad8c2e48c5391	100644	blob	e69de29bb2d1d6434b8b29ae775ad8c2e48c5391
identical	source/_magnifier/utils/errorHandling.py	100644	blob	b8e409cea2be5bc8496fa59bd0172cf305d80702	100644	blob	b8e409cea2be5bc8496fa59bd0172cf305d80702
identical	source/_magnifier/utils/filterHandler.py	100644	blob	1faea8c37512f89de40ddbeae6ff8e4c80a3271a	100644	blob	1faea8c37512f89de40ddbeae6ff8e4c80a3271a
identical	source/_magnifier/utils/focusManager.py	100644	blob	da53a3a2f677f5e9b80cc0c81117b243a7b18e08	100644	blob	da53a3a2f677f5e9b80cc0c81117b243a7b18e08
identical	source/_magnifier/utils/mouseHook.py	100644	blob	b83631144877df32696e9501e0903b20f255edbf	100644	blob	b83631144877df32696e9501e0903b20f255edbf
identical	source/_magnifier/utils/spotlightManager.py	100644	blob	9d90e1ed48647bb220a3a5d076f4a3fb250a96b5	100644	blob	9d90e1ed48647bb220a3a5d076f4a3fb250a96b5
identical	source/_magnifier/utils/types.py	100644	blob	1432e3c8a5d553073a0cf9cddc38ad4d1db2ceef	100644	blob	1432e3c8a5d553073a0cf9cddc38ad4d1db2ceef
identical	source/_remoteClient/__init__.py	100644	blob	a58f2324df12143d61f7995bbee7db8607b91c80	100644	blob	a58f2324df12143d61f7995bbee7db8607b91c80
identical	source/_remoteClient/bridge.py	100644	blob	d35d110f66eb058ca596bac40781dfd4c50315d4	100644	blob	d35d110f66eb058ca596bac40781dfd4c50315d4
identical	source/_remoteClient/client.py	100644	blob	992b617851e66bd65999c00bd00c7890306970d4	100644	blob	992b617851e66bd65999c00bd00c7890306970d4
identical	source/_remoteClient/configuration.py	100644	blob	1398f0360a5615f82d7a0884b00bd604c3354f28	100644	blob	1398f0360a5615f82d7a0884b00bd604c3354f28
identical	source/_remoteClient/connectionInfo.py	100644	blob	a279fb25a677d675a3f9800aa06233e711e60842	100644	blob	a279fb25a677d675a3f9800aa06233e711e60842
identical	source/_remoteClient/cues.py	100644	blob	8cb182d9d9eb1da0cb8a9ec28ac5c50b1bead4c8	100644	blob	8cb182d9d9eb1da0cb8a9ec28ac5c50b1bead4c8
identical	source/_remoteClient/dialogs.py	100644	blob	bc6e356ea6052bf06fe60f31fd0b4fcbc25ab0f4	100644	blob	bc6e356ea6052bf06fe60f31fd0b4fcbc25ab0f4
identical	source/_remoteClient/input.py	100644	blob	dc014f31fc681e7586e242c5afb37b6e17970be5	100644	blob	dc014f31fc681e7586e242c5afb37b6e17970be5
identical	source/_remoteClient/localMachine.py	100644	blob	43967bc7d8504a496e3ae7c39b74047da9139540	100644	blob	43967bc7d8504a496e3ae7c39b74047da9139540
identical	source/_remoteClient/menu.py	100644	blob	b11c5510f45793f80947537534d87a98892cf9d3	100644	blob	b11c5510f45793f80947537534d87a98892cf9d3
identical	source/_remoteClient/protocol.py	100644	blob	f3d434da9bfcd30e06a5cdf46193fb44fe499082	100644	blob	f3d434da9bfcd30e06a5cdf46193fb44fe499082
identical	source/_remoteClient/secureDesktop.py	100644	blob	7078fce7ba79d9467f9a6e6f35f0a5eca788417d	100644	blob	7078fce7ba79d9467f9a6e6f35f0a5eca788417d
identical	source/_remoteClient/serializer.py	100644	blob	36d258929ef622f84a506e49eafeb22be0fb1a20	100644	blob	36d258929ef622f84a506e49eafeb22be0fb1a20
identical	source/_remoteClient/server.py	100644	blob	154d4d7e11e61cbc670b0eae2e1fc072a20bf5b0	100644	blob	154d4d7e11e61cbc670b0eae2e1fc072a20bf5b0
identical	source/_remoteClient/session.py	100644	blob	10813d2b7bc9446a545c1e51637e08e88edac6dd	100644	blob	10813d2b7bc9446a545c1e51637e08e88edac6dd
identical	source/_remoteClient/transport.py	100644	blob	cd7017bd5c13d8ffed57bbda2e38b6fa4a93c586	100644	blob	cd7017bd5c13d8ffed57bbda2e38b6fa4a93c586
identical	source/_remoteClient/urlHandler.py	100644	blob	3fca5420119fd73b4d7b0f64c321435e04b1cabb	100644	blob	3fca5420119fd73b4d7b0f64c321435e04b1cabb
identical	source/_synthDrivers32/__init__.py	100644	blob	e69de29bb2d1d6434b8b29ae775ad8c2e48c5391	100644	blob	e69de29bb2d1d6434b8b29ae775ad8c2e48c5391
identical	source/_synthDrivers32/_sapi4.py	100644	blob	810a05cb024c76776ddffb39c9776fec6fa6c57e	100644	blob	810a05cb024c76776ddffb39c9776fec6fa6c57e
identical	source/_synthDrivers32/sapi4.py	100644	blob	e387630e4c710b0061310187fb08f3031f824192	100644	blob	e387630e4c710b0061310187fb08f3031f824192
identical	source/_synthDrivers32/sapi5.py	100644	blob	13cc965c9501dc1ceacf86ea03af8481d0318b17	100644	blob	13cc965c9501dc1ceacf86ea03af8481d0318b17
identical	source/addonAPIVersion.py	100644	blob	9aa1c6c7cbcb5422457f7134517e4c7177136c04	100644	blob	9aa1c6c7cbcb5422457f7134517e4c7177136c04
identical	source/addonHandler/__init__.py	100644	blob	3f882272d5b32ee6400a7deca6cff77f418d4013	100644	blob	3f882272d5b32ee6400a7deca6cff77f418d4013
identical	source/addonHandler/_pickleToJsonMigration.py	100644	blob	a68d53486e5c186abbae98a2ebf8000bc0292b99	100644	blob	a68d53486e5c186abbae98a2ebf8000bc0292b99
identical	source/addonHandler/addonVersionCheck.py	100644	blob	b0b0e1c5a3eb77da1e72aa6f3b2c03c5e8951ef6	100644	blob	b0b0e1c5a3eb77da1e72aa6f3b2c03c5e8951ef6
identical	source/addonHandler/packaging.py	100644	blob	3cecbd894afe2f816de237574a7c79f305a74e38	100644	blob	3cecbd894afe2f816de237574a7c79f305a74e38
identical	source/addonStore/__init__.py	100644	blob	05d219f45a59e633f53799c29025368d23b4bd3d	100644	blob	05d219f45a59e633f53799c29025368d23b4bd3d
identical	source/addonStore/dataManager.py	100644	blob	e5cf2d5c5270a1a71ae1737f65f808862ce786de	100644	blob	e5cf2d5c5270a1a71ae1737f65f808862ce786de
identical	source/addonStore/install.py	100644	blob	c21bbc39cc01ef5427cae1670f92d8fb3e06b519	100644	blob	c21bbc39cc01ef5427cae1670f92d8fb3e06b519
identical	source/addonStore/models/__init__.py	100644	blob	505b5e9b3d5e4f073ac24320edda9010dae634b7	100644	blob	505b5e9b3d5e4f073ac24320edda9010dae634b7
identical	source/addonStore/models/addon.py	100644	blob	240e0d8105a0cd2034a8effb7eefecaa7d39f9b9	100644	blob	240e0d8105a0cd2034a8effb7eefecaa7d39f9b9
identical	source/addonStore/models/channel.py	100644	blob	68cdf9232c7159a83aa0de50fd279a2ddf2c5c67	100644	blob	68cdf9232c7159a83aa0de50fd279a2ddf2c5c67
identical	source/addonStore/models/manifest.py	100644	blob	1405e3ab4c34214f9fb2de045b7db1e7e539495a	100644	blob	1405e3ab4c34214f9fb2de045b7db1e7e539495a
identical	source/addonStore/models/scanResults.py	100644	blob	afc60f03e7af442ed7051b9c0e0db77e151c81e8	100644	blob	afc60f03e7af442ed7051b9c0e0db77e151c81e8
identical	source/addonStore/models/status.py	100644	blob	a115b8bf2d62b74c17d6f73811da7f51d791605d	100644	blob	a115b8bf2d62b74c17d6f73811da7f51d791605d
identical	source/addonStore/models/version.py	100644	blob	2fde076ece8c53eabf5de2ce30819e52f82a092a	100644	blob	2fde076ece8c53eabf5de2ce30819e52f82a092a
identical	source/addonStore/network.py	100644	blob	1efbe12ef175f593b7861ed8eed0c84aa3849216	100644	blob	1efbe12ef175f593b7861ed8eed0c84aa3849216
identical	source/addonStore/settings.py	100644	blob	5e31b632e1a4aeb84c5062e804a8215b1fa46dfd	100644	blob	5e31b632e1a4aeb84c5062e804a8215b1fa46dfd
identical	source/annotation.py	100644	blob	652ad533bf4a3b3f0b8c7b0aac7f0d1f896443ab	100644	blob	652ad533bf4a3b3f0b8c7b0aac7f0d1f896443ab
identical	source/api.py	100644	blob	fadef80b0b99b44251db8e6a21e8224046336029	100644	blob	fadef80b0b99b44251db8e6a21e8224046336029
identical	source/appModuleHandler.py	100644	blob	12818277245b881dd9609077a515a3e07b4b78a7	100644	blob	12818277245b881dd9609077a515a3e07b4b78a7
identical	source/appModules/1password.py	100644	blob	f68cb6f37c4b82660f6a0ffea871388213026e4c	100644	blob	f68cb6f37c4b82660f6a0ffea871388213026e4c
identical	source/appModules/__init__.py	100644	blob	168563faad7441aaf7c8bc22b70d7b7fa2f68344	100644	blob	168563faad7441aaf7c8bc22b70d7b7fa2f68344
identical	source/appModules/aim.py	100644	blob	a74d4196e1b28c761b75af78d90fdb662a9ba2bc	100644	blob	a74d4196e1b28c761b75af78d90fdb662a9ba2bc
identical	source/appModules/audacity.py	100644	blob	d4ae556830b174d72fe1ed81fd371eee0a50be02	100644	blob	d4ae556830b174d72fe1ed81fd371eee0a50be02
identical	source/appModules/azardi20.py	100644	blob	5f047be19f2c1b43413a8464e40b1ae68dda62d0	100644	blob	5f047be19f2c1b43413a8464e40b1ae68dda62d0
identical	source/appModules/bookshelf.py	100644	blob	abdca377b4fe1c3775648c265a5b2da6f0e64a6c	100644	blob	abdca377b4fe1c3775648c265a5b2da6f0e64a6c
identical	source/appModules/calc.py	100644	blob	ac43de6dbcc840206e12b423fd9998e1cfb70f7e	100644	blob	ac43de6dbcc840206e12b423fd9998e1cfb70f7e
identical	source/appModules/calculator.py	100644	blob	a4a88fd02a9fb5e9c5f6c11e15979e383b5354cb	100644	blob	a4a88fd02a9fb5e9c5f6c11e15979e383b5354cb
identical	source/appModules/cicero.py	100644	blob	daf284db15e018cd4d14230788279512975a65f5	100644	blob	daf284db15e018cd4d14230788279512975a65f5
identical	source/appModules/code.py	100644	blob	14c6edd4d274d84e707f5979eeea19f29417e324	100644	blob	14c6edd4d274d84e707f5979eeea19f29417e324
identical	source/appModules/csrss.py	100644	blob	7b8ba63e8403a6a9daf32d4ba0836eb0c5a07d84	100644	blob	7b8ba63e8403a6a9daf32d4ba0836eb0c5a07d84
identical	source/appModules/devenv.py	100644	blob	0b391939be839631d2e4dd2cca8ce18f65444f88	100644	blob	0b391939be839631d2e4dd2cca8ce18f65444f88
identical	source/appModules/digitaleditions.py	100644	blob	6c40cad1ad6e8748a6ebd5060eef8d5e2b26d177	100644	blob	6c40cad1ad6e8748a6ebd5060eef8d5e2b26d177
identical	source/appModules/dllhost.py	100644	blob	53abc31825bddfab457e126b7cffebb382d72c5f	100644	blob	53abc31825bddfab457e126b7cffebb382d72c5f
identical	source/appModules/doctts.py	100644	blob	46d1d81ece7f19797c954ea09fa8c23714d4b5df	100644	blob	46d1d81ece7f19797c954ea09fa8c23714d4b5df
identical	source/appModules/dosvox.py	100755	blob	46d1d81ece7f19797c954ea09fa8c23714d4b5df	100755	blob	46d1d81ece7f19797c954ea09fa8c23714d4b5df
identical	source/appModules/eclipse.py	100644	blob	63b0129a033602aedfcc735eb60f0df8da5fdec7	100644	blob	63b0129a033602aedfcc735eb60f0df8da5fdec7
identical	source/appModules/egui.py	100644	blob	18763b815d69977425019893c003b3bbb3f59afa	100644	blob	18763b815d69977425019893c003b3bbb3f59afa
identical	source/appModules/esysuite.py	100644	blob	992245fa5807993713d15df7c8d762203b33ec7d	100644	blob	992245fa5807993713d15df7c8d762203b33ec7d
identical	source/appModules/excel.py	100644	blob	0341e5611b6aabffa29f633472dee4eb8c948e7b	100644	blob	0341e5611b6aabffa29f633472dee4eb8c948e7b
identical	source/appModules/explorer.py	100644	blob	206c6086b12ac835b1c803f46b70abdbff12158e	100644	blob	206c6086b12ac835b1c803f46b70abdbff12158e
identical	source/appModules/fastlogentry.py	100644	blob	ba5f3ff0f56f9103fabb3e6432627c9b8b1cfc5e	100644	blob	ba5f3ff0f56f9103fabb3e6432627c9b8b1cfc5e
identical	source/appModules/foobar2000.py	100644	blob	2070d8827074d65775843797d97a3d69e8052f47	100644	blob	2070d8827074d65775843797d97a3d69e8052f47
identical	source/appModules/hxmail.py	100644	blob	170bd89278e23f463a06ca3c7533c9b8c702d1c1	100644	blob	170bd89278e23f463a06ca3c7533c9b8c702d1c1
identical	source/appModules/instantbird.py	100644	blob	0ee36a592536929398882c2fd586889406e08468	100644	blob	0ee36a592536929398882c2fd586889406e08468
identical	source/appModules/itunes.py	100644	blob	8f82a9c90a5f6102dd5b7d6c308aebedea973ffe	100644	blob	8f82a9c90a5f6102dd5b7d6c308aebedea973ffe
identical	source/appModules/javaw.py	100644	blob	73f67f760fc4781f244f32affcd6cef2e8278200	100644	blob	73f67f760fc4781f244f32affcd6cef2e8278200
identical	source/appModules/kindle.py	100644	blob	f9780248b084c9f71c404616d37eb2293345518f	100644	blob	f9780248b084c9f71c404616d37eb2293345518f
identical	source/appModules/lockapp.py	100644	blob	0bbede6b5c452daffd820edabdd320b371d5bfb6	100644	blob	0bbede6b5c452daffd820edabdd320b371d5bfb6
identical	source/appModules/lockapphost.py	100644	blob	5d46522a118d2e9ecca3d4bbebcb1b86d4190c35	100644	blob	5d46522a118d2e9ecca3d4bbebcb1b86d4190c35
identical	source/appModules/logonui.py	100644	blob	31be7134612972b64e160e89cbed879e35477d11	100644	blob	31be7134612972b64e160e89cbed879e35477d11
identical	source/appModules/loudtalks.py	100644	blob	652989b94ddb16157eb8178d52ba61df66ced9ff	100644	blob	652989b94ddb16157eb8178d52ba61df66ced9ff
identical	source/appModules/lync.py	100644	blob	afd2001ef5f11c8159fba9639ad614c82171a1b4	100644	blob	afd2001ef5f11c8159fba9639ad614c82171a1b4
identical	source/appModules/microsoftedge.py	100644	blob	7356c531018ce7681bd7681a5c8df253476a45ea	100644	blob	7356c531018ce7681bd7681a5c8df253476a45ea
identical	source/appModules/microsoftedgecp.py	100644	blob	0b719bdd944bc621b836f72a5fefa4a39d91f8be	100644	blob	0b719bdd944bc621b836f72a5fefa4a39d91f8be
identical	source/appModules/mintty.py	100644	blob	b5d86abb1018432e899e00dace4573a18a75350b	100644	blob	b5d86abb1018432e899e00dace4573a18a75350b
identical	source/appModules/miranda32.py	100644	blob	85cf786dabd4aa4a11f66df4a7161c035c9c5126	100644	blob	85cf786dabd4aa4a11f66df4a7161c035c9c5126
identical	source/appModules/mirc.py	100644	blob	ac08d643be805c57ceca04125284f32b56b979f6	100644	blob	ac08d643be805c57ceca04125284f32b56b979f6
identical	source/appModules/mmc.py	100644	blob	f5a52bfed8af0b0fab4cbcdf033dce4abace0737	100644	blob	f5a52bfed8af0b0fab4cbcdf033dce4abace0737
identical	source/appModules/mplayerc.py	100644	blob	9faf1247d1a8a8c82f75d4c2b73277c9507ed982	100644	blob	9faf1247d1a8a8c82f75d4c2b73277c9507ed982
identical	source/appModules/msedgewebview2.py	100644	blob	a314c656430271160763912899f291111d55a6d2	100644	blob	a314c656430271160763912899f291111d55a6d2
identical	source/appModules/msimn.py	100644	blob	6f96b48849d6e5ac407673d4a40656337889f964	100644	blob	6f96b48849d6e5ac407673d4a40656337889f964
identical	source/appModules/msnmsgr.py	100755	blob	11ed5f95f49de6dd9eb02607e90a13bf15401f28	100755	blob	11ed5f95f49de6dd9eb02607e90a13bf15401f28
identical	source/appModules/nlnotes.py	100644	blob	3bdeef52263cdb088fc7c6045d845faf1c6d65da	100644	blob	3bdeef52263cdb088fc7c6045d845faf1c6d65da
identical	source/appModules/notepad.py	100644	blob	6d51e850f27aa2a824e446f977078cfee6611167	100644	blob	6d51e850f27aa2a824e446f977078cfee6611167
identical	source/appModules/notepadPlusPlus.py	100644	blob	5b0aa50a7f3a9a8d4f1314324f21b3f40871eb7a	100644	blob	5b0aa50a7f3a9a8d4f1314324f21b3f40871eb7a
identical	source/appModules/nvda.py	100755	blob	d7b8e5c462c00340aa080d89ef195083306c1fc4	100755	blob	d7b8e5c462c00340aa080d89ef195083306c1fc4
identical	source/appModules/obu.py	100644	blob	cfc2f0cb0a01d1ff1ac2e186432eaf5a2c49900e	100644	blob	cfc2f0cb0a01d1ff1ac2e186432eaf5a2c49900e
identical	source/appModules/openwith.py	100644	blob	6a7d37f4f681cc9650e5bf69ff9e7c8c99b20f03	100644	blob	6a7d37f4f681cc9650e5bf69ff9e7c8c99b20f03
identical	source/appModules/outlook.py	100644	blob	0b422de56d5ded4792a69fbf12ffe7d528cbddd7	100644	blob	0b422de56d5ded4792a69fbf12ffe7d528cbddd7
identical	source/appModules/poedit.py	100644	blob	357ee666eac4437afdb3a200047ccdb466f07ef3	100644	blob	357ee666eac4437afdb3a200047ccdb466f07ef3
identical	source/appModules/powerpnt.py	100644	blob	c0e9025e317d60e85d0e55e894efa23b965c723c	100644	blob	c0e9025e317d60e85d0e55e894efa23b965c723c
identical	source/appModules/putty.py	100644	blob	3b37d326d11b94416820938189c726d58ee344fc	100644	blob	3b37d326d11b94416820938189c726d58ee344fc
identical	source/appModules/searchui.py	100644	blob	22236e9c0d0b866e5f5df734a2738e7535c3c2a3	100644	blob	22236e9c0d0b866e5f5df734a2738e7535c3c2a3
identical	source/appModules/securecrt.py	100644	blob	63d805c863106d91a7cd2cd367473ba83e5b650b	100644	blob	63d805c863106d91a7cd2cd367473ba83e5b650b
identical	source/appModules/shellexperiencehost.py	100644	blob	763864b38de4bf26cee869765919edb002eb29fa	100644	blob	763864b38de4bf26cee869765919edb002eb29fa
identical	source/appModules/skype.py	100644	blob	321e6a535274da5a67c40179839fdb28024c0865	100644	blob	321e6a535274da5a67c40179839fdb28024c0865
identical	source/appModules/soffice.py	100755	blob	54eb443befa512c9b578d6f7c86544e1e682ab91	100755	blob	54eb443befa512c9b578d6f7c86544e1e682ab91
identical	source/appModules/spotify.py	100644	blob	4abb0e3cb81b227cf7af167471ac80c9b1ad44a8	100644	blob	4abb0e3cb81b227cf7af167471ac80c9b1ad44a8
identical	source/appModules/symphony.py	100644	blob	14609c6bc2421484d44d109be1e183cc2bde5669	100644	blob	14609c6bc2421484d44d109be1e183cc2bde5669
identical	source/appModules/systemsettings.py	100644	blob	78daaf1987a2d6ca68d27083e864e938b8936bb7	100644	blob	78daaf1987a2d6ca68d27083e864e938b8936bb7
identical	source/appModules/taskmgr.py	100644	blob	87b44c00345ae46d08e08b24a3a429279fe90a14	100644	blob	87b44c00345ae46d08e08b24a3a429279fe90a14
identical	source/appModules/teams.py	100644	blob	c6823f83e81ce5b7ebb3b25f7f6df8eef2a4237e	100644	blob	c6823f83e81ce5b7ebb3b25f7f6df8eef2a4237e
identical	source/appModules/teamtalk4classic.py	100644	blob	d7347ef19f8bcde6bfa3e2537bee344c7f292227	100644	blob	d7347ef19f8bcde6bfa3e2537bee344c7f292227
identical	source/appModules/thunderbird.py	100755	blob	8f2bb2d159386c7325f3a54b8899475dc46eb7a2	100755	blob	8f2bb2d159386c7325f3a54b8899475dc46eb7a2
identical	source/appModules/totalcmd.py	100644	blob	d1090893a1085847cb8011e5f2f9e76e7e25c5f2	100644	blob	d1090893a1085847cb8011e5f2f9e76e7e25c5f2
identical	source/appModules/ttermpro.py	100644	blob	c821eaf6fbd02fc27f8677da4f13d7b910f9585f	100644	blob	c821eaf6fbd02fc27f8677da4f13d7b910f9585f
identical	source/appModules/tween.py	100644	blob	5e72fa9bae03d1f93e13b86b6d40bfb8a60af0c8	100644	blob	5e72fa9bae03d1f93e13b86b6d40bfb8a60af0c8
identical	source/appModules/utorrent.py	100644	blob	c8845aa59337ae31b6468f932940678de794072b	100644	blob	c8845aa59337ae31b6468f932940678de794072b
identical	source/appModules/vipmud.py	100644	blob	5b29b0406c9686b3bb829b37bc77306c53fbf988	100644	blob	5b29b0406c9686b3bb829b37bc77306c53fbf988
identical	source/appModules/voiceaccess.py	100644	blob	e2be72533d4c528b40ed2dd3ada9231ce609c270	100644	blob	e2be72533d4c528b40ed2dd3ada9231ce609c270
identical	source/appModules/webconferenceplugin.py	100644	blob	e113f246539b4381406d737f22252caeb4b3645e	100644	blob	e113f246539b4381406d737f22252caeb4b3645e
identical	source/appModules/whatsapp_root.py	100644	blob	e2b640d293e1efdb679ae36e9795a7c061a55fb8	100644	blob	e2b640d293e1efdb679ae36e9795a7c061a55fb8
identical	source/appModules/winamp.py	100644	blob	9342e2c1f2793cec348de961d88b83148654c3b0	100644	blob	9342e2c1f2793cec348de961d88b83148654c3b0
identical	source/appModules/windowsinternal_composableshell_experiences_textinput_inputapp.py	100644	blob	bb150e13ec5e2cb1f89bb3c171341d20dd0c6885	100644	blob	bb150e13ec5e2cb1f89bb3c171341d20dd0c6885
identical	source/appModules/winword.py	100644	blob	0f2f376f4fdf595131b29db2e4b912a488edb317	100644	blob	0f2f376f4fdf595131b29db2e4b912a488edb317
identical	source/appModules/wlmail.py	100755	blob	6c49a27f194b8e6ec8a6fd50d4aef7622e0ef8b5	100755	blob	6c49a27f194b8e6ec8a6fd50d4aef7622e0ef8b5
identical	source/appModules/wwahost.py	100644	blob	0f1a59d318dd5b05743502ab09d90c0b5717d07d	100644	blob	0f1a59d318dd5b05743502ab09d90c0b5717d07d
identical	source/appModules/zoom.py	100644	blob	75f91346f4fdfe08782292485c66941c2a9fb88d	100644	blob	75f91346f4fdfe08782292485c66941c2a9fb88d
identical	source/argsParsing.py	100644	blob	a518bc3474899a2bcdfe75e04992e6d46b647b84	100644	blob	a518bc3474899a2bcdfe75e04992e6d46b647b84
identical	source/aria.py	100755	blob	9f07a66cab29044d005f75b10430ee25fd510845	100755	blob	9f07a66cab29044d005f75b10430ee25fd510845
identical	source/audio/__init__.py	100644	blob	90dcd50fbba1617e3c014fd01ac774a741467a73	100644	blob	90dcd50fbba1617e3c014fd01ac774a741467a73
identical	source/audio/soundSplit.py	100644	blob	3012d7e2f62a4430ea8a60956274a19273d45384	100644	blob	3012d7e2f62a4430ea8a60956274a19273d45384
identical	source/audioDucking.py	100644	blob	6458af94ad64d95379819df18921dff46747b0e1	100644	blob	6458af94ad64d95379819df18921dff46747b0e1
identical	source/autoSettingsUtils/__init__.py	100644	blob	e69de29bb2d1d6434b8b29ae775ad8c2e48c5391	100644	blob	e69de29bb2d1d6434b8b29ae775ad8c2e48c5391
identical	source/autoSettingsUtils/autoSettings.py	100644	blob	840f2690fbc014afb7f0184a7cdba694b735d502	100644	blob	840f2690fbc014afb7f0184a7cdba694b735d502
identical	source/autoSettingsUtils/driverSetting.py	100644	blob	4f145baefc306faa4a1d11360713405ca2a561f4	100644	blob	4f145baefc306faa4a1d11360713405ca2a561f4
identical	source/autoSettingsUtils/utils.py	100644	blob	5181dba0efaf86c9eb585d948c52684c3b6d410e	100644	blob	5181dba0efaf86c9eb585d948c52684c3b6d410e
identical	source/baseObject.py	100755	blob	0330f70685db17aaa1bfeaf0515012eeb69dedcd	100755	blob	0330f70685db17aaa1bfeaf0515012eeb69dedcd
identical	source/bdDetect.py	100644	blob	78b8e3c04defa16754e9fb73e0700490f5a79f6d	100644	blob	78b8e3c04defa16754e9fb73e0700490f5a79f6d
identical	source/braille/__init__.py	100644	blob	fe0bcb2671a9b26c55360a77a0c1920f554357ce	100644	blob	fe0bcb2671a9b26c55360a77a0c1920f554357ce
identical	source/braille/brailleHandler.py	100644	blob	103285cff64b882a4938ba018f9563cb1569c12d	100644	blob	103285cff64b882a4938ba018f9563cb1569c12d
identical	source/braille/buffers.py	100644	blob	ac6cb1d434c48ab3d11e9da6184888d2bc6aecca	100644	blob	ac6cb1d434c48ab3d11e9da6184888d2bc6aecca
identical	source/braille/constants.py	100644	blob	4ffa0c50d337eb559725d4ea7d147fbc0c8687b4	100644	blob	4ffa0c50d337eb559725d4ea7d147fbc0c8687b4
identical	source/braille/display/__init__.py	100644	blob	decfe05cec36f0aefac02c655eb6707bae6bf33a	100644	blob	decfe05cec36f0aefac02c655eb6707bae6bf33a
identical	source/braille/display/driver.py	100644	blob	164c59c261fb45c75dfdd29103940d7881fdfed9	100644	blob	164c59c261fb45c75dfdd29103940d7881fdfed9
identical	source/braille/display/gesture.py	100644	blob	be73e46c8a5ae2b742e196cd0287927f1adc6c47	100644	blob	be73e46c8a5ae2b742e196cd0287927f1adc6c47
identical	source/braille/extensions.py	100644	blob	271894da54e7dba01461ab7c2d96dbe38b70167a	100644	blob	271894da54e7dba01461ab7c2d96dbe38b70167a
identical	source/braille/formatting.py	100644	blob	3dde9b8f788c4584bd28536624135e7d2fd8e6a9	100644	blob	3dde9b8f788c4584bd28536624135e7d2fd8e6a9
identical	source/braille/input/__init__.py	100644	blob	ba9d168edfe39f255d6ebed81d25dfbe563910b4	100644	blob	ba9d168edfe39f255d6ebed81d25dfbe563910b4
identical	source/braille/input/constants.py	100644	blob	08e20803a055673a6147265b3f7dff4cfacc2ee2	100644	blob	08e20803a055673a6147265b3f7dff4cfacc2ee2
identical	source/braille/input/gesture.py	100644	blob	f995b5e6de9c5fb4c56dc11bf89b4f1012163392	100644	blob	f995b5e6de9c5fb4c56dc11bf89b4f1012163392
identical	source/braille/input/inputHandler.py	100644	blob	6c85c448bb7435f31719eeca8dd82b5f8a79faad	100644	blob	6c85c448bb7435f31719eeca8dd82b5f8a79faad
identical	source/braille/labels.py	100644	blob	d909dd91abe21c2906565282dfb913c49b3a4e4f	100644	blob	d909dd91abe21c2906565282dfb913c49b3a4e4f
identical	source/braille/regions/NVDAObject.py	100644	blob	4c57eeed1a51f09672bec2556f0ecf422fd1c444	100644	blob	4c57eeed1a51f09672bec2556f0ecf422fd1c444
identical	source/braille/regions/__init__.py	100644	blob	153447b5fa3cfa2bec80aec3703d23a520043722	100644	blob	153447b5fa3cfa2bec80aec3703d23a520043722
identical	source/braille/regions/_routing.py	100644	blob	e293ce05b608b0741dc2d6566fefd4362a961982	100644	blob	e293ce05b608b0741dc2d6566fefd4362a961982
identical	source/braille/regions/base.py	100644	blob	d14df4634a8c7e9c32ce277b03b888d7feef2d7e	100644	blob	d14df4634a8c7e9c32ce277b03b888d7feef2d7e
identical	source/braille/regions/focus.py	100644	blob	400e70037343a3be4d8ed6f4f32fd208d3b74758	100644	blob	400e70037343a3be4d8ed6f4f32fd208d3b74758
identical	source/braille/regions/properties.py	100644	blob	f77774d0e0640fb1f1f62629289cf5c27313db33	100644	blob	f77774d0e0640fb1f1f62629289cf5c27313db33
identical	source/braille/regions/textInfo.py	100644	blob	0c859b05d2ddb0f617dddac2890f491c52a02118	100644	blob	0c859b05d2ddb0f617dddac2890f491c52a02118
identical	source/brailleDisplayDrivers/__init__.py	100644	blob	e69de29bb2d1d6434b8b29ae775ad8c2e48c5391	100644	blob	e69de29bb2d1d6434b8b29ae775ad8c2e48c5391
identical	source/brailleDisplayDrivers/albatross/__init__.py	100644	blob	f693cd8def8465435af0fbdfa3adcb661d592251	100644	blob	f693cd8def8465435af0fbdfa3adcb661d592251
identical	source/brailleDisplayDrivers/albatross/_threading.py	100644	blob	ac6a2619f566b6f0755cd42704bbb6eb808cd110	100644	blob	ac6a2619f566b6f0755cd42704bbb6eb808cd110
identical	source/brailleDisplayDrivers/albatross/constants.py	100644	blob	17cd40aefdea53fe6161df1c2b3d5d69d4f33e33	100644	blob	17cd40aefdea53fe6161df1c2b3d5d69d4f33e33
identical	source/brailleDisplayDrivers/albatross/driver.py	100644	blob	c49623c109b6e6c83e54a1ada33488e7af887dd1	100644	blob	c49623c109b6e6c83e54a1ada33488e7af887dd1
identical	source/brailleDisplayDrivers/albatross/gestures.py	100644	blob	e0776cdc6f2d0db7b423800321973d84867f019f	100644	blob	e0776cdc6f2d0db7b423800321973d84867f019f
identical	source/brailleDisplayDrivers/albatross/readme.md	100644	blob	850b8a980eded6327891a00e375917b14acabb51	100644	blob	850b8a980eded6327891a00e375917b14acabb51
identical	source/brailleDisplayDrivers/alva.py	100644	blob	8194a772c5f2470a520854a90c2652c06c410343	100644	blob	8194a772c5f2470a520854a90c2652c06c410343
identical	source/brailleDisplayDrivers/baum.py	100644	blob	edcb3583fb731b2c0a58f688cec81266f8f9879c	100644	blob	edcb3583fb731b2c0a58f688cec81266f8f9879c
identical	source/brailleDisplayDrivers/brailleNote.py	100644	blob	98de17ce07c0a378f7206b442490a8e14f1779ba	100644	blob	98de17ce07c0a378f7206b442490a8e14f1779ba
identical	source/brailleDisplayDrivers/brailliantB.py	100644	blob	6613abad1780946cfff587dfd0c1a909b09a97d1	100644	blob	6613abad1780946cfff587dfd0c1a909b09a97d1
identical	source/brailleDisplayDrivers/brltty.py	100644	blob	77c8c291496b5b4b521163fa9219f195c00acc1e	100644	blob	77c8c291496b5b4b521163fa9219f195c00acc1e
identical	source/brailleDisplayDrivers/dotPad/__init__.py	100644	blob	9f6d46039ef6737d78076a9b048ab98cfc27c05b	100644	blob	9f6d46039ef6737d78076a9b048ab98cfc27c05b
identical	source/brailleDisplayDrivers/dotPad/defs.py	100644	blob	f9871353c8fc037ec26a7cdbe03be457ba3e01d7	100644	blob	f9871353c8fc037ec26a7cdbe03be457ba3e01d7
identical	source/brailleDisplayDrivers/dotPad/driver.py	100644	blob	68ea95f121ead8e70a90931a83f16839d729f5e9	100644	blob	68ea95f121ead8e70a90931a83f16839d729f5e9
identical	source/brailleDisplayDrivers/ecoBraille.py	100644	blob	0eeffcf3adde423d35138215442dcd3773a51774	100644	blob	0eeffcf3adde423d35138215442dcd3773a51774
identical	source/brailleDisplayDrivers/eurobraille/__init__.py	100644	blob	7e9ca34514b3df9bab85ecfaee7ba23d04c4270e	100644	blob	7e9ca34514b3df9bab85ecfaee7ba23d04c4270e
identical	source/brailleDisplayDrivers/eurobraille/constants.py	100644	blob	2f1ecd14319eae0782533878212d686b5bcd7a4a	100644	blob	2f1ecd14319eae0782533878212d686b5bcd7a4a
identical	source/brailleDisplayDrivers/eurobraille/driver.py	100644	blob	2406e50c36cbf891ca54b1bfd1818dda47727ad8	100644	blob	2406e50c36cbf891ca54b1bfd1818dda47727ad8
identical	source/brailleDisplayDrivers/eurobraille/gestures.py	100644	blob	e53464d30712e93846d153c021717ed95fc8585c	100644	blob	e53464d30712e93846d153c021717ed95fc8585c
identical	source/brailleDisplayDrivers/freedomScientific.py	100755	blob	1f3a547b6bc9b315c70b135e8b53979ffba66350	100755	blob	1f3a547b6bc9b315c70b135e8b53979ffba66350
identical	source/brailleDisplayDrivers/handyTech.py	100644	blob	0d6968b8f4966ea4b7addca4639c3108683a2bb1	100644	blob	0d6968b8f4966ea4b7addca4639c3108683a2bb1
identical	source/brailleDisplayDrivers/hedoMobilLine.py	100644	blob	6438f7cde81e2b6d7e06d2c91b13f154f6649bed	100644	blob	6438f7cde81e2b6d7e06d2c91b13f154f6649bed
identical	source/brailleDisplayDrivers/hedoProfiLine.py	100644	blob	e1bb5ddc250c2ba7a39e5f0925efb47c395df69f	100644	blob	e1bb5ddc250c2ba7a39e5f0925efb47c395df69f
identical	source/brailleDisplayDrivers/hidBrailleStandard.py	100644	blob	f145354462a0f15e4f97b28b75fbd5eb638c1d5f	100644	blob	f145354462a0f15e4f97b28b75fbd5eb638c1d5f
identical	source/brailleDisplayDrivers/hims.py	100644	blob	18bebd4b5ae886e15a8ac28945fedd247752873b	100644	blob	18bebd4b5ae886e15a8ac28945fedd247752873b
identical	source/brailleDisplayDrivers/lilli.py	100644	blob	4aa7248dce00df9efed58ea7bb6444f7c5f9476a	100644	blob	4aa7248dce00df9efed58ea7bb6444f7c5f9476a
identical	source/brailleDisplayDrivers/nattiqbraille.py	100644	blob	360dc2b276efa5d0a6d8b519327f375ef99ab90e	100644	blob	360dc2b276efa5d0a6d8b519327f375ef99ab90e
identical	source/brailleDisplayDrivers/nlseReaderZoomax.py	100644	blob	a3c1e5989feca1d3ed049321f0ad77ff992fdbdd	100644	blob	a3c1e5989feca1d3ed049321f0ad77ff992fdbdd
identical	source/brailleDisplayDrivers/noBraille.py	100755	blob	6cc32d603c856e7bd662f7217787a05953452aad	100755	blob	6cc32d603c856e7bd662f7217787a05953452aad
identical	source/brailleDisplayDrivers/papenmeier.py	100644	blob	f2f1a4d211e76e350f31c71131bde8a9d4af444d	100644	blob	f2f1a4d211e76e350f31c71131bde8a9d4af444d
identical	source/brailleDisplayDrivers/papenmeier_serial.py	100644	blob	3b398df849b131e9d18841bc402b5efec04a613f	100644	blob	3b398df849b131e9d18841bc402b5efec04a613f
identical	source/brailleDisplayDrivers/seika.py	100644	blob	899f2f4b3323bc3c0b40b22a33f13f50f6d6e2a1	100644	blob	899f2f4b3323bc3c0b40b22a33f13f50f6d6e2a1
identical	source/brailleDisplayDrivers/seikantk.py	100644	blob	9d7b60da9865e439733804804abf13389bcd2e07	100644	blob	9d7b60da9865e439733804804abf13389bcd2e07
identical	source/brailleDisplayDrivers/superBrl.py	100644	blob	cfc01e4ae9185df8805313a4908b267e8de5e3ed	100644	blob	cfc01e4ae9185df8805313a4908b267e8de5e3ed
identical	source/brailleInput.py	100644	blob	543bf4e9da5869d8a3a4c72e26d5628e8154d54d	100644	blob	543bf4e9da5869d8a3a4c72e26d5628e8154d54d
identical	source/brailleTables/__init__.py	100644	blob	dfbf9a2b6a5ce3708c7a7586e9c8c964503ff4bc	100644	blob	dfbf9a2b6a5ce3708c7a7586e9c8c964503ff4bc
identical	source/brailleTables/__tables.py	100644	blob	84d50f742a7ed7055ee77ec7f531a1d753c2c5ee	100644	blob	84d50f742a7ed7055ee77ec7f531a1d753c2c5ee
identical	source/brailleViewer/__init__.py	100644	blob	082f689bd4e54831006c69f666d32fb26fe32ec2	100644	blob	082f689bd4e54831006c69f666d32fb26fe32ec2
identical	source/brailleViewer/brailleViewerGui.py	100644	blob	fc6451bb9703ba1871ff7f63819746f91a968b9d	100644	blob	fc6451bb9703ba1871ff7f63819746f91a968b9d
identical	source/brailleViewer/brailleViewerInputGesture.py	100644	blob	8f761a72c5a47d9b2d976dcdf5c3ebc28e7695b7	100644	blob	8f761a72c5a47d9b2d976dcdf5c3ebc28e7695b7
identical	source/browseMode.py	100644	blob	e3ef5bbd30ffb68f6773909402609c45a018a41f	100644	blob	e3ef5bbd30ffb68f6773909402609c45a018a41f
identical	source/buildVersion.py	100644	blob	c2611471805829793da14ebc259610995e72bd8f	100644	blob	c2611471805829793da14ebc259610995e72bd8f
identical	source/builtin.dic	100644	blob	78e30608dd1e81e3ae91509f12eb177d0f3d138c	100644	blob	78e30608dd1e81e3ae91509f12eb177d0f3d138c
identical	source/characterProcessing.py	100644	blob	850995544f6f6f0e7c19ca5ce4e77626786c37a3	100644	blob	850995544f6f6f0e7c19ca5ce4e77626786c37a3
identical	source/colors.py	100644	blob	223c3082a7f474307d7d3a8516666f0a2cc9a6bc	100644	blob	223c3082a7f474307d7d3a8516666f0a2cc9a6bc
identical	source/comHelper.py	100644	blob	d02370941c392d4a1121507d6dcfdc748ed6773b	100644	blob	d02370941c392d4a1121507d6dcfdc748ed6773b
identical	source/comInterfaces/__init__.py	100644	blob	e69de29bb2d1d6434b8b29ae775ad8c2e48c5391	100644	blob	e69de29bb2d1d6434b8b29ae775ad8c2e48c5391
identical	source/comInterfaces/readme.md	100644	blob	12730e88d1e218f21cd604faae97cd9a47c485bf	100644	blob	12730e88d1e218f21cd604faae97cd9a47c485bf
identical	source/comInterfaces_sconscript	100755	blob	a584cd1852bb5558d261cbfc44404aea1b61cf39	100755	blob	a584cd1852bb5558d261cbfc44404aea1b61cf39
identical	source/compoundDocuments.py	100644	blob	b96d494715766459472273b6ca985f5f0182d9e6	100644	blob	b96d494715766459472273b6ca985f5f0182d9e6
identical	source/config/__init__.py	100644	blob	c83a6eacca79658ed7da572f3b07ce09ee99200d	100644	blob	c83a6eacca79658ed7da572f3b07ce09ee99200d
identical	source/config/aggregatedSection.py	100644	blob	1b0609b8f5f86bafa64511d4aa57e1f16782506a	100644	blob	1b0609b8f5f86bafa64511d4aa57e1f16782506a
identical	source/config/configDefaults.py	100644	blob	400f387a6aec3fa9fc89b1afd09689a4fea9a5e4	100644	blob	400f387a6aec3fa9fc89b1afd09689a4fea9a5e4
identical	source/config/configFlags.py	100644	blob	5050f03185e86327a67d636a68f2fcf49672f3e2	100644	blob	5050f03185e86327a67d636a68f2fcf49672f3e2
identical	source/config/configSections.py	100644	blob	dbe06a55ecbe13c4e7d2bf7ff828c5051015225f	100644	blob	dbe06a55ecbe13c4e7d2bf7ff828c5051015225f
identical	source/config/configSpec.py	100644	blob	47e49c239023cc853d97106231546cfd998c6068	100644	blob	47e49c239023cc853d97106231546cfd998c6068
identical	source/config/featureFlag.py	100644	blob	a01d439af303c3917848b315784c37099a1ea243	100644	blob	a01d439af303c3917848b315784c37099a1ea243
identical	source/config/featureFlagEnums.py	100644	blob	fcac086e2b7b87f3300103c01f9c36275dc96938	100644	blob	fcac086e2b7b87f3300103c01f9c36275dc96938
identical	source/config/profileUpgradeSteps.py	100644	blob	73732be15cc297db1c60bcf49368b753c781f71d	100644	blob	73732be15cc297db1c60bcf49368b753c781f71d
identical	source/config/profileUpgrader.py	100644	blob	cb9326d8376f09fc2cfef845e0d584d75d565e21	100644	blob	cb9326d8376f09fc2cfef845e0d584d75d565e21
identical	source/config/registry.py	100644	blob	ecea431d727f3bd058cf26addfdf97451f7e7cd2	100644	blob	ecea431d727f3bd058cf26addfdf97451f7e7cd2
identical	source/contentRecog/__init__.py	100644	blob	1358e73cef491d5a6fdd87866fa229cb64d8644a	100644	blob	1358e73cef491d5a6fdd87866fa229cb64d8644a
identical	source/contentRecog/_wgcCapture.py	100644	blob	0820b774d0ad5c6e52810f0799e5bf7a173a9ba0	100644	blob	0820b774d0ad5c6e52810f0799e5bf7a173a9ba0
identical	source/contentRecog/recogUi.py	100644	blob	ccdd3967c7c60ccc944d31894efdd73b6fce6e0e	100644	blob	ccdd3967c7c60ccc944d31894efdd73b6fce6e0e
identical	source/contentRecog/uwpOcr.py	100644	blob	4994b1a05b570296a09243c508bfc83f4702e42b	100644	blob	4994b1a05b570296a09243c508bfc83f4702e42b
identical	source/controlTypes/__init__.py	100644	blob	09bea49b303e30e987038914760a49278375a76c	100644	blob	09bea49b303e30e987038914760a49278375a76c
identical	source/controlTypes/deprecatedAliases.py	100644	blob	34bde1e25d9c129e4c87fd41f7db1f37e7071c63	100644	blob	34bde1e25d9c129e4c87fd41f7db1f37e7071c63
identical	source/controlTypes/descriptionFrom.py	100644	blob	8be7ddaea5ca3c314b4f4aaf7a5a2087433a67a4	100644	blob	8be7ddaea5ca3c314b4f4aaf7a5a2087433a67a4
identical	source/controlTypes/formatFields.py	100644	blob	ba68306807aa79b7a2c650d5cb888a2b3b775cc6	100644	blob	ba68306807aa79b7a2c650d5cb888a2b3b775cc6
identical	source/controlTypes/isCurrent.py	100644	blob	7cd97cc140565dde3f2016051ebd0772c2f52a51	100644	blob	7cd97cc140565dde3f2016051ebd0772c2f52a51
identical	source/controlTypes/outputReason.py	100644	blob	89ff055d837edf68096f59eb15ed07e00e2458b5	100644	blob	89ff055d837edf68096f59eb15ed07e00e2458b5
identical	source/controlTypes/processAndLabelStates.py	100644	blob	aedebf024ca143e524891929855ad4db70806fd6	100644	blob	aedebf024ca143e524891929855ad4db70806fd6
identical	source/controlTypes/role.py	100644	blob	22b0fcb3ff1296b535346fb7c727ed892879f5d3	100644	blob	22b0fcb3ff1296b535346fb7c727ed892879f5d3
identical	source/controlTypes/roleAndStateSpecialCases.py	100644	blob	2f65d0cbea9085c701f88aa759c20321b3243639	100644	blob	2f65d0cbea9085c701f88aa759c20321b3243639
identical	source/controlTypes/state.py	100644	blob	ad73a488f75ecf5e40d73eb77cd158962259f160	100644	blob	ad73a488f75ecf5e40d73eb77cd158962259f160
identical	source/core.py	100644	blob	4aada9508e2fc1f202d510a788fdb6e75a49f650	100644	blob	4aada9508e2fc1f202d510a788fdb6e75a49f650
identical	source/cursorManager.py	100644	blob	54750f0232b71730eb59e27ee3267ff7a02f761e	100644	blob	54750f0232b71730eb59e27ee3267ff7a02f761e
identical	source/diffHandler.py	100644	blob	9a3aef3130294794fc5f62e0d4c85900df0f41a8	100644	blob	9a3aef3130294794fc5f62e0d4c85900df0f41a8
identical	source/displayModel.py	100644	blob	c68ad927479b458b2a011d68d947f959c9e17259	100644	blob	c68ad927479b458b2a011d68d947f959c9e17259
identical	source/documentBase.py	100644	blob	1f48f328fff0a7442797b559c392448bdf020bf2	100644	blob	1f48f328fff0a7442797b559c392448bdf020bf2
identical	source/documentNavigation/paragraphHelper.py	100644	blob	88f706595b0ee0c7f6596a26fdadfb005ca9eea8	100644	blob	88f706595b0ee0c7f6596a26fdadfb005ca9eea8
identical	source/documentNavigation/sentenceHelper.py	100644	blob	bfae0e3641b8ee37ac9e835ecd38c4c14106922f	100644	blob	bfae0e3641b8ee37ac9e835ecd38c4c14106922f
identical	source/documentationUtils.py	100644	blob	ced4cbb19472167e92d7696f42ceebabf6f67609	100644	blob	ced4cbb19472167e92d7696f42ceebabf6f67609
identical	source/driverHandler.py	100644	blob	1cd5e20634c66243485d4b9c7100ad392bac0fbd	100644	blob	1cd5e20634c66243485d4b9c7100ad392bac0fbd
identical	source/easeOfAccess.py	100644	blob	039ff8b533873d42ca7528c19ee69660ccc62a1d	100644	blob	039ff8b533873d42ca7528c19ee69660ccc62a1d
identical	source/editableText.py	100755	blob	2c8d4efde7d17490cd0df6200fc371373023fb9c	100755	blob	2c8d4efde7d17490cd0df6200fc371373023fb9c
identical	source/eventHandler.py	100755	blob	38d809a0a6282ce9136936c0636a8606c3c47da1	100755	blob	38d809a0a6282ce9136936c0636a8606c3c47da1
identical	source/exceptions.py	100644	blob	e9aaf2ad7949f0e6833cf1eac2590f8fe4d2627b	100644	blob	e9aaf2ad7949f0e6833cf1eac2590f8fe4d2627b
identical	source/extensionPoints/__init__.py	100644	blob	c99fc46ca64b6f245cacad77a3250f70b9554ab2	100644	blob	c99fc46ca64b6f245cacad77a3250f70b9554ab2
identical	source/extensionPoints/util.py	100644	blob	8c93dcf33e52d98ef2d414446c58afc8d70100bc	100644	blob	8c93dcf33e52d98ef2d414446c58afc8d70100bc
identical	source/fileUtils.py	100644	blob	d8ee18b35c68d08b4fb2f5c216850019836083e3	100644	blob	d8ee18b35c68d08b4fb2f5c216850019836083e3
identical	source/fonts/FreeMono-FixedBraille.ttf	100644	blob	b35066e783773e794ed5450d457c2988d7427a7a	100644	blob	b35066e783773e794ed5450d457c2988d7427a7a
identical	source/fonts/__init__.py	100644	blob	86932a5a8e553a77a733dec6b80f0ad095d617b5	100644	blob	86932a5a8e553a77a733dec6b80f0ad095d617b5
identical	source/fonts/freeMono-fixedBraille.sfd	100644	blob	a041a5b50dd52efab02a8913ee04a3734a03df17	100644	blob	a041a5b50dd52efab02a8913ee04a3734a03df17
identical	source/fonts/freefont-20100919-ttf/AUTHORS	100644	blob	d369db63b924cb7f159883645f02a87d2656ebe7	100644	blob	d369db63b924cb7f159883645f02a87d2656ebe7
identical	source/fonts/freefont-20100919-ttf/COPYING	100644	blob	94a9ed024d3859793618152ea559a168bbcbb5e2	100644	blob	94a9ed024d3859793618152ea559a168bbcbb5e2
identical	source/fonts/freefont-20100919-ttf/CREDITS	100644	blob	66396e721b2dacd2249351203e284d9be020ca37	100644	blob	66396e721b2dacd2249351203e284d9be020ca37
identical	source/fonts/freefont-20100919-ttf/ChangeLog	100644	blob	114032794e7c10be669eeada10f71d03db2f0e5b	100644	blob	114032794e7c10be669eeada10f71d03db2f0e5b
identical	source/fonts/freefont-20100919-ttf/FreeMono.ttf	100644	blob	7485f9e4c84d5a372c81e11df2cd9f5e2eb2064a	100644	blob	7485f9e4c84d5a372c81e11df2cd9f5e2eb2064a
identical	source/fonts/freefont-20100919-ttf/FreeMonoBold.ttf	100644	blob	3bce6129aeaf8998be2af0fc1f7b3c8c406cdf65	100644	blob	3bce6129aeaf8998be2af0fc1f7b3c8c406cdf65
identical	source/fonts/freefont-20100919-ttf/FreeMonoBoldOblique.ttf	100644	blob	ffcf71a640faa48e435310d7c642c47580812988	100644	blob	ffcf71a640faa48e435310d7c642c47580812988
identical	source/fonts/freefont-20100919-ttf/FreeMonoOblique.ttf	100644	blob	8992c2cf9471bd776e94ba298df4f777da1de7f4	100644	blob	8992c2cf9471bd776e94ba298df4f777da1de7f4
identical	source/fonts/freefont-20100919-ttf/FreeSans.ttf	100644	blob	9db958532c12ef7f4aa22fab57a0f71e82acdd38	100644	blob	9db958532c12ef7f4aa22fab57a0f71e82acdd38
identical	source/fonts/freefont-20100919-ttf/FreeSansBold.ttf	100644	blob	63644e74379b317b135db990d90cc67663491d9e	100644	blob	63644e74379b317b135db990d90cc67663491d9e
identical	source/fonts/freefont-20100919-ttf/FreeSansBoldOblique.ttf	100644	blob	dde7f32f863dba69be2e9d0a23d67ed2ae5aedf5	100644	blob	dde7f32f863dba69be2e9d0a23d67ed2ae5aedf5
identical	source/fonts/freefont-20100919-ttf/FreeSansOblique.ttf	100644	blob	74528857280a2f684bca3e8550f3748f596c3c91	100644	blob	74528857280a2f684bca3e8550f3748f596c3c91
identical	source/fonts/freefont-20100919-ttf/FreeSerif.ttf	100644	blob	b8906f505ea2dafa38b988a74773d943776ef5c2	100644	blob	b8906f505ea2dafa38b988a74773d943776ef5c2
identical	source/fonts/freefont-20100919-ttf/FreeSerifBold.ttf	100644	blob	59a7a90f62f829eec00358ba9cd04c15c317abec	100644	blob	59a7a90f62f829eec00358ba9cd04c15c317abec
identical	source/fonts/freefont-20100919-ttf/FreeSerifBoldItalic.ttf	100644	blob	c187d0e2c0c6f6179b2ffa5166e54282cfa95131	100644	blob	c187d0e2c0c6f6179b2ffa5166e54282cfa95131
identical	source/fonts/freefont-20100919-ttf/FreeSerifItalic.ttf	100644	blob	736741880c5b68c6367ecec39b134f332a981d73	100644	blob	736741880c5b68c6367ecec39b134f332a981d73
identical	source/fonts/freefont-20100919-ttf/INSTALL	100644	blob	fbbbe804b5d571b25e680f731d5ad67cf1a8c899	100644	blob	fbbbe804b5d571b25e680f731d5ad67cf1a8c899
identical	source/fonts/freefont-20100919-ttf/README	100644	blob	8c970cbcf4cdf928ae2856e875804e01cdb2879a	100644	blob	8c970cbcf4cdf928ae2856e875804e01cdb2879a
identical	source/fonts/readme.md	100644	blob	5335e9756df985bb4b2aec5112b9bade34a3b81b	100644	blob	5335e9756df985bb4b2aec5112b9bade34a3b81b
identical	source/ftdi2/__init__.py	100644	blob	30a960b34cbf552884e4e65889bb859bc8cd9a5a	100644	blob	30a960b34cbf552884e4e65889bb859bc8cd9a5a
identical	source/ftdi2/ftd2xx.py	100644	blob	155dfa96963b241b08039ec6e332ed63abfecb2f	100644	blob	155dfa96963b241b08039ec6e332ed63abfecb2f
identical	source/garbageHandler.py	100644	blob	783ad523da2174e3e4961b69a3bab19e58cfcb5b	100644	blob	783ad523da2174e3e4961b69a3bab19e58cfcb5b
identical	source/globalCommands.py	100755	blob	e3bb3088a95fd6501dc26f569fd996b1a0ae6a04	100755	blob	e3bb3088a95fd6501dc26f569fd996b1a0ae6a04
identical	source/globalPluginHandler.py	100644	blob	f4e3b34429829c1f4e3f945b0b64970d1f192b6a	100644	blob	f4e3b34429829c1f4e3f945b0b64970d1f192b6a
identical	source/globalPlugins/__init__.py	100644	blob	e69de29bb2d1d6434b8b29ae775ad8c2e48c5391	100644	blob	e69de29bb2d1d6434b8b29ae775ad8c2e48c5391
identical	source/globalVars.py	100644	blob	3ab20a1762a4bf5f41d67b416718d70b4c723bda	100644	blob	3ab20a1762a4bf5f41d67b416718d70b4c723bda
identical	source/gui/_SetURLDialog.py	100644	blob	8d7abdd1879ba54563ee924a135b57e6421829f4	100644	blob	8d7abdd1879ba54563ee924a135b57e6421829f4
identical	source/gui/__init__.py	100644	blob	20df42bd506ad5d97c8f7e07a725b42b52e13b8f	100644	blob	20df42bd506ad5d97c8f7e07a725b42b52e13b8f
identical	source/gui/addonGui.py	100644	blob	c45839e22ed67539ed5b1b10d0a16dd8c9375b8a	100644	blob	c45839e22ed67539ed5b1b10d0a16dd8c9375b8a
identical	source/gui/addonStoreGui/__init__.py	100644	blob	ca5cf7409b2021f0f1d63ceb0b14554c261306c2	100644	blob	ca5cf7409b2021f0f1d63ceb0b14554c261306c2
identical	source/gui/addonStoreGui/controls/__init__.py	100644	blob	505b5e9b3d5e4f073ac24320edda9010dae634b7	100644	blob	505b5e9b3d5e4f073ac24320edda9010dae634b7
identical	source/gui/addonStoreGui/controls/actions.py	100644	blob	be061c446ac45e5f661f35e6760588be561bcb31	100644	blob	be061c446ac45e5f661f35e6760588be561bcb31
identical	source/gui/addonStoreGui/controls/addonList.py	100644	blob	371cae65285f205131b471d3bcb150a43869ae11	100644	blob	371cae65285f205131b471d3bcb150a43869ae11
identical	source/gui/addonStoreGui/controls/details.py	100644	blob	4ba8b75b6b043918d04bea3b5e9df99b37f35a50	100644	blob	4ba8b75b6b043918d04bea3b5e9df99b37f35a50
identical	source/gui/addonStoreGui/controls/messageDialogs.py	100644	blob	bee031a86a3ba59480416c59f4e61beaef248e47	100644	blob	bee031a86a3ba59480416c59f4e61beaef248e47
identical	source/gui/addonStoreGui/controls/storeDialog.py	100644	blob	0dbf0b935530c1c0a546aeeb635fa7420a7aa74e	100644	blob	0dbf0b935530c1c0a546aeeb635fa7420a7aa74e
identical	source/gui/addonStoreGui/viewModels/__init__.py	100644	blob	505b5e9b3d5e4f073ac24320edda9010dae634b7	100644	blob	505b5e9b3d5e4f073ac24320edda9010dae634b7
identical	source/gui/addonStoreGui/viewModels/action.py	100644	blob	da2ca33f484efe77eb3e92c31221c758ad197701	100644	blob	da2ca33f484efe77eb3e92c31221c758ad197701
identical	source/gui/addonStoreGui/viewModels/addonList.py	100644	blob	0474a7d8ceffaa51c89d1e227af2380309813dbf	100644	blob	0474a7d8ceffaa51c89d1e227af2380309813dbf
identical	source/gui/addonStoreGui/viewModels/store.py	100644	blob	3b481d632f408a6b2d5b4645681b06c6fcce9237	100644	blob	3b481d632f408a6b2d5b4645681b06c6fcce9237
identical	source/gui/blockAction.py	100644	blob	8bb036128d3acc7df58bcc76e7b054a6bfda5ace	100644	blob	8bb036128d3acc7df58bcc76e7b054a6bfda5ace
identical	source/gui/configManagement.py	100644	blob	e5120a0d06a2a0005da0ad0fa3c914e64a03301c	100644	blob	e5120a0d06a2a0005da0ad0fa3c914e64a03301c
identical	source/gui/configProfiles.py	100644	blob	d4713c51d70a36d6e960bcfce7ae162840f5fe32	100644	blob	d4713c51d70a36d6e960bcfce7ae162840f5fe32
identical	source/gui/contextHelp.py	100644	blob	32c12e7f3b8783aa479d4c70e61b15d7f8f445fa	100644	blob	32c12e7f3b8783aa479d4c70e61b15d7f8f445fa
identical	source/gui/dpiScalingHelper.py	100644	blob	fb59bbdefe23074717f4856dd8556221994809da	100644	blob	fb59bbdefe23074717f4856dd8556221994809da
identical	source/gui/exit.py	100644	blob	bbd3d116e25ec3f60b3ff9028aa0d0145f369b7a	100644	blob	bbd3d116e25ec3f60b3ff9028aa0d0145f369b7a
identical	source/gui/guiHelper.py	100644	blob	7ec5fcdd3209e554d289f02a4f3dba1a4605ae65	100644	blob	7ec5fcdd3209e554d289f02a4f3dba1a4605ae65
identical	source/gui/inputGestures.py	100644	blob	131ada46a7117a4ba12a0d119d90dbd3b4a41dce	100644	blob	131ada46a7117a4ba12a0d119d90dbd3b4a41dce
identical	source/gui/installerGui.py	100644	blob	f9c49d49a9a99f15804713399002af105788393c	100644	blob	f9c49d49a9a99f15804713399002af105788393c
identical	source/gui/logViewer.py	100644	blob	6edfeb8900084b59f521af7041bb225d689759c3	100644	blob	6edfeb8900084b59f521af7041bb225d689759c3
identical	source/gui/message.py	100644	blob	6096e58696f89a9eb77cd19e6303611f88dd7a21	100644	blob	6096e58696f89a9eb77cd19e6303611f88dd7a21
identical	source/gui/nvdaControls.py	100644	blob	bce5acb131576b8fd126590974645a6959b36708	100644	blob	bce5acb131576b8fd126590974645a6959b36708
identical	source/gui/persistenceHandler.py	100644	blob	cda3cdca2ef3c11d6adaaddce63d77062946d1cf	100644	blob	cda3cdca2ef3c11d6adaaddce63d77062946d1cf
identical	source/gui/settingsDialogs.py	100644	blob	6c0b4e3342ae1d1a410820c62c897ad256b7fca0	100644	blob	6c0b4e3342ae1d1a410820c62c897ad256b7fca0
identical	source/gui/speechDict.py	100644	blob	ba6a73da78775ce51953badd424cf07feef68f45	100644	blob	ba6a73da78775ce51953badd424cf07feef68f45
identical	source/gui/startupDialogs.py	100644	blob	7dd98d142d8a10b99f2208c5736ca2658c82f172	100644	blob	7dd98d142d8a10b99f2208c5736ca2658c82f172
identical	source/hidpi.py	100644	blob	1febc7d00d87b40cf0f30fbbf48efcd3c37a508f	100644	blob	1febc7d00d87b40cf0f30fbbf48efcd3c37a508f
identical	source/hwIo/__init__.py	100644	blob	4a87c6799719e88b94df77f56fd94f45564d5075	100644	blob	4a87c6799719e88b94df77f56fd94f45564d5075
identical	source/hwIo/base.py	100644	blob	48b5a8acd73de9feb772fe46a6d738540e089ff1	100644	blob	48b5a8acd73de9feb772fe46a6d738540e089ff1
identical	source/hwIo/ble/__init__.py	100644	blob	de034406f29631a5ed5aedb5c7201563869bb9b1	100644	blob	de034406f29631a5ed5aedb5c7201563869bb9b1
identical	source/hwIo/ble/_io.py	100644	blob	05dc05109e0b5c938f78c8bfe9f37e47e2fe4246	100644	blob	05dc05109e0b5c938f78c8bfe9f37e47e2fe4246
identical	source/hwIo/ble/_scanner.py	100644	blob	cbbc90bdf19d098f66dd9c3c869b72e037ffbfb5	100644	blob	cbbc90bdf19d098f66dd9c3c869b72e037ffbfb5
identical	source/hwIo/hid.py	100644	blob	6dbaa3d71d6b311b6a7438a09728955157187ec3	100644	blob	6dbaa3d71d6b311b6a7438a09728955157187ec3
identical	source/hwIo/ioThread.py	100644	blob	93d44d472af1746258214cd678ce10c9d5d5a193	100644	blob	93d44d472af1746258214cd678ce10c9d5d5a193
identical	source/hwPortUtils.py	100644	blob	1d6605c3adf20acabfeb2c58f0cb45d0eb0c2e34	100644	blob	1d6605c3adf20acabfeb2c58f0cb45d0eb0c2e34
identical	source/images/nvda.ico	100644	blob	806812e38156c12444b90adac205fee60c4cdc2c	100644	blob	806812e38156c12444b90adac205fee60c4cdc2c
identical	source/images/nvda.svg	100644	blob	059aa38c97861ddf5241a0f6dd71bb4b87ba7c33	100644	blob	059aa38c97861ddf5241a0f6dd71bb4b87ba7c33
identical	source/inputCore.py	100644	blob	f1f857adde4669866af8e28be1b2fb1128b7f2ef	100644	blob	f1f857adde4669866af8e28be1b2fb1128b7f2ef
identical	source/installer.py	100644	blob	c61b722304be0301cbe56e4dfad9cfc0ee7c4f8a	100644	blob	c61b722304be0301cbe56e4dfad9cfc0ee7c4f8a
identical	source/jobObject.py	100644	blob	8fef7df7173947c4ec38392e97564d904cdb07bf	100644	blob	8fef7df7173947c4ec38392e97564d904cdb07bf
identical	source/keyCommandsDoc.py	100644	blob	99509476fcb9fa4cc91e45ea0e3847aeb13e91b9	100644	blob	99509476fcb9fa4cc91e45ea0e3847aeb13e91b9
identical	source/keyLabels.py	100644	blob	15e310762ab901aaead1fccabc87063735182f92	100644	blob	15e310762ab901aaead1fccabc87063735182f92
identical	source/keyboardHandler.py	100644	blob	e078e774330084b4ab58719cf5e8ad944de9f842	100644	blob	e078e774330084b4ab58719cf5e8ad944de9f842
identical	source/l10nUtil.py	100644	blob	bd708e151ba4cb09383a5ef0979d762a57b9733b	100644	blob	bd708e151ba4cb09383a5ef0979d762a57b9733b
identical	source/languageHandler.py	100644	blob	9fde624da97b93ebd539279237b423abe3a0e31e	100644	blob	9fde624da97b93ebd539279237b423abe3a0e31e
identical	source/locale/af_ZA/LC_MESSAGES/nvda.po	100755	blob	af7f998003367de04aeffc195ca5efe86613e4e3	100755	blob	af7f998003367de04aeffc195ca5efe86613e4e3
identical	source/locale/am/LC_MESSAGES/nvda.po	100644	blob	ead2db7b17719d5e011d0b48312aa402aa0b60a5	100644	blob	ead2db7b17719d5e011d0b48312aa402aa0b60a5
identical	source/locale/am/characterDescriptions.dic	100644	blob	81cd8131e50d7db8bc7fa3b751e66963e5bc0bc8	100644	blob	81cd8131e50d7db8bc7fa3b751e66963e5bc0bc8
identical	source/locale/am/symbols.dic	100644	blob	5b4ee357b4df01db5459d2a4d9799ae92676ebbe	100644	blob	5b4ee357b4df01db5459d2a4d9799ae92676ebbe
identical	source/locale/an/LC_MESSAGES/nvda.po	100644	blob	13a938bda9965f18804f709aa47d54bf854e1eb6	100644	blob	13a938bda9965f18804f709aa47d54bf854e1eb6
identical	source/locale/an/characterDescriptions.dic	100644	blob	88f3bacfdd402ca290beb4d1dddbea4df83982ae	100644	blob	88f3bacfdd402ca290beb4d1dddbea4df83982ae
identical	source/locale/an/gestures.ini	100644	blob	99f460cd70976ea03425315a575fcadd15ec3fe6	100644	blob	99f460cd70976ea03425315a575fcadd15ec3fe6
identical	source/locale/an/symbols.dic	100644	blob	7d2d2030e5c720aa00dfcdb74b38dfc10d0e118b	100644	blob	7d2d2030e5c720aa00dfcdb74b38dfc10d0e118b
identical	source/locale/ar/LC_MESSAGES/nvda.po	100644	blob	7d8ebfce7c618c373ca385fabbcf55cb81daf818	100644	blob	7d8ebfce7c618c373ca385fabbcf55cb81daf818
identical	source/locale/ar/characterDescriptions.dic	100644	blob	14b1f8722fcf056bd1dc5d9ea4f74bdb2fb2c995	100644	blob	14b1f8722fcf056bd1dc5d9ea4f74bdb2fb2c995
identical	source/locale/ar/gestures.ini	100644	blob	3238a7d9176730fe7e597708b44d962bb509b64a	100644	blob	3238a7d9176730fe7e597708b44d962bb509b64a
identical	source/locale/ar/symbols.dic	100644	blob	40500c33fbd3556ddc8d6d8ced4b26a09d9a7e45	100644	blob	40500c33fbd3556ddc8d6d8ced4b26a09d9a7e45
identical	source/locale/as/characterDescriptions.dic	100644	blob	4ccd82e3dbee07eacd1f14f00eed00955da618a0	100644	blob	4ccd82e3dbee07eacd1f14f00eed00955da618a0
identical	source/locale/be/symbols.dic	100644	blob	ee576c95303005207dbe248d9928a3bc93f46298	100644	blob	ee576c95303005207dbe248d9928a3bc93f46298
identical	source/locale/bg/LC_MESSAGES/nvda.po	100644	blob	9011d1de155343d73d1dae278a55376df274f7b7	100644	blob	9011d1de155343d73d1dae278a55376df274f7b7
identical	source/locale/bg/characterDescriptions.dic	100644	blob	913a3758afbc0ea43af3761dce0bb64b9641e454	100644	blob	913a3758afbc0ea43af3761dce0bb64b9641e454
identical	source/locale/bg/gestures.ini	100644	blob	4665028ac1693bb6d03675338395bbdbbf7b483c	100644	blob	4665028ac1693bb6d03675338395bbdbbf7b483c
identical	source/locale/bg/symbols.dic	100644	blob	1990c7cafa8f4e95a359130ead7623234ea91618	100644	blob	1990c7cafa8f4e95a359130ead7623234ea91618
identical	source/locale/bn/characterDescriptions.dic	100644	blob	96c78308c61dff28c6c98d86164f073c5f733588	100644	blob	96c78308c61dff28c6c98d86164f073c5f733588
identical	source/locale/bn/symbols.dic	100644	blob	4a226bde7ceec2fbdbc1da3576abd7a37a8bbc92	100644	blob	4a226bde7ceec2fbdbc1da3576abd7a37a8bbc92
identical	source/locale/bs/LC_MESSAGES/nvda.po	100644	blob	d7d20d6f6b70a5e883b60167177855306220fe99	100644	blob	d7d20d6f6b70a5e883b60167177855306220fe99
identical	source/locale/bs/characterDescriptions.dic	100644	blob	caa197fb3efec2b51c3662720e30b87e4af700c5	100644	blob	caa197fb3efec2b51c3662720e30b87e4af700c5
identical	source/locale/bs/gestures.ini	100644	blob	175905adaf8eafb1bd9a1bc3b9d338fd5d836016	100644	blob	175905adaf8eafb1bd9a1bc3b9d338fd5d836016
identical	source/locale/bs/symbols.dic	100644	blob	c6839d3c40fd70dbb96b126081844f298c984069	100644	blob	c6839d3c40fd70dbb96b126081844f298c984069
identical	source/locale/ca/LC_MESSAGES/nvda.po	100644	blob	3d0fa70b2e79f2fd1389f6b3c322cc639da239e6	100644	blob	3d0fa70b2e79f2fd1389f6b3c322cc639da239e6
identical	source/locale/ca/characterDescriptions.dic	100644	blob	6502cacfb848b63ea49583e7f402eba8f5b2786f	100644	blob	6502cacfb848b63ea49583e7f402eba8f5b2786f
identical	source/locale/ca/gestures.ini	100644	blob	d90f196b8e711fa05b211e2bafbc47c80ca83ab0	100644	blob	d90f196b8e711fa05b211e2bafbc47c80ca83ab0
identical	source/locale/ca/symbols.dic	100644	blob	dc133bbefef4a08abb299c236198b2e4c3209da0	100644	blob	dc133bbefef4a08abb299c236198b2e4c3209da0
identical	source/locale/ckb/LC_MESSAGES/nvda.po	100644	blob	4262c351cd44a5db5a1ce88ef50a5d130b70799f	100644	blob	4262c351cd44a5db5a1ce88ef50a5d130b70799f
identical	source/locale/ckb/characterDescriptions.dic	100644	blob	0e6208af6f114ee3ff8b2fe90cf180c3aa6fdec5	100644	blob	0e6208af6f114ee3ff8b2fe90cf180c3aa6fdec5
identical	source/locale/ckb/symbols.dic	100644	blob	894bd98809f49e1b0a0218a19a06a9bfec6c8143	100644	blob	894bd98809f49e1b0a0218a19a06a9bfec6c8143
identical	source/locale/cs/LC_MESSAGES/nvda.po	100644	blob	1bcdb8ff8e44863f964b643af06ed0db1850438a	100644	blob	1bcdb8ff8e44863f964b643af06ed0db1850438a
identical	source/locale/cs/characterDescriptions.dic	100644	blob	48591a19cefe418d1d4c7baf60a885af64f0ac2c	100644	blob	48591a19cefe418d1d4c7baf60a885af64f0ac2c
identical	source/locale/cs/gestures.ini	100644	blob	ca44759951d218c5087b3c79ad25023c2d73d2aa	100644	blob	ca44759951d218c5087b3c79ad25023c2d73d2aa
identical	source/locale/cs/symbols.dic	100644	blob	0d89805da04103ee5a9cd59f1c10086bb9be3997	100644	blob	0d89805da04103ee5a9cd59f1c10086bb9be3997
identical	source/locale/da/LC_MESSAGES/nvda.po	100644	blob	ebbee18e0977139da7736475f135faf79beb77ce	100644	blob	ebbee18e0977139da7736475f135faf79beb77ce
identical	source/locale/da/characterDescriptions.dic	100644	blob	3ca8e6e0bd7f516c758037d4eeaf573ee63ee914	100644	blob	3ca8e6e0bd7f516c758037d4eeaf573ee63ee914
identical	source/locale/da/gestures.ini	100644	blob	1eda26949552c6bd7836c1ec460212c7dd25f6b8	100644	blob	1eda26949552c6bd7836c1ec460212c7dd25f6b8
identical	source/locale/da/symbols.dic	100644	blob	7727e069fe47788e8dd597ca584a5e9bd0c48dc4	100644	blob	7727e069fe47788e8dd597ca584a5e9bd0c48dc4
identical	source/locale/de/LC_MESSAGES/nvda.po	100644	blob	9eb0584281290295f87f415a066ba2395fef998c	100644	blob	9eb0584281290295f87f415a066ba2395fef998c
identical	source/locale/de/characterDescriptions.dic	100644	blob	5e9e9f8186f0a46c0bf59492284c7c9d8e28ce38	100644	blob	5e9e9f8186f0a46c0bf59492284c7c9d8e28ce38
identical	source/locale/de/gestures.ini	100644	blob	b0e893c28cf0335aed776d73d6e7c4a780d8e8de	100644	blob	b0e893c28cf0335aed776d73d6e7c4a780d8e8de
identical	source/locale/de/symbols.dic	100644	blob	d0506aaf2de0c1897f930a34bc41e277077dd727	100644	blob	d0506aaf2de0c1897f930a34bc41e277077dd727
identical	source/locale/de_CH/LC_MESSAGES/nvda.po	100644	blob	103b90b377a74d62f6829f51ed068c4b5a5e1459	100644	blob	103b90b377a74d62f6829f51ed068c4b5a5e1459
identical	source/locale/de_CH/characterDescriptions.dic	100644	blob	8d915287a3cb568e0db30453379534a37c5f396e	100644	blob	8d915287a3cb568e0db30453379534a37c5f396e
identical	source/locale/de_CH/symbols.dic	100644	blob	8935204726d1fc1c609e55547e53f8a725278366	100644	blob	8935204726d1fc1c609e55547e53f8a725278366
identical	source/locale/el/LC_MESSAGES/nvda.po	100644	blob	d42a2e1659cb2b8e0070b87e296c4ccf6e1c7082	100644	blob	d42a2e1659cb2b8e0070b87e296c4ccf6e1c7082
identical	source/locale/el/characterDescriptions.dic	100644	blob	05877d49d78d05461e54aa2dd07bd30f3fb26582	100644	blob	05877d49d78d05461e54aa2dd07bd30f3fb26582
identical	source/locale/el/symbols.dic	100644	blob	2afd8e6d28294f532a59305566f126357be8f3d1	100644	blob	2afd8e6d28294f532a59305566f126357be8f3d1
identical	source/locale/en/characterDescriptions.dic	100644	blob	83039969405ee68e94e269956a8d355c7eb58452	100644	blob	83039969405ee68e94e269956a8d355c7eb58452
identical	source/locale/en/symbols.dic	100644	blob	000c8b76ca2c2f1fd8a7a2ee0112be466ba4ac3b	100644	blob	000c8b76ca2c2f1fd8a7a2ee0112be466ba4ac3b
identical	source/locale/es/LC_MESSAGES/nvda.po	100644	blob	e4b3b76dece46689e1a1c4a31a775cf62445dbda	100644	blob	e4b3b76dece46689e1a1c4a31a775cf62445dbda
identical	source/locale/es/characterDescriptions.dic	100644	blob	7c6d29df3ef07f6eb79d24d5c7820d724b213b2a	100644	blob	7c6d29df3ef07f6eb79d24d5c7820d724b213b2a
identical	source/locale/es/gestures.ini	100644	blob	d90f196b8e711fa05b211e2bafbc47c80ca83ab0	100644	blob	d90f196b8e711fa05b211e2bafbc47c80ca83ab0
identical	source/locale/es/symbols.dic	100644	blob	bdc1e80f63be8ebd0b61ffd3c76a5720009a3e74	100644	blob	bdc1e80f63be8ebd0b61ffd3c76a5720009a3e74
identical	source/locale/es_CO/LC_MESSAGES/nvda.po	100644	blob	9ef8b05cc7d8712c8ce2fdbaa5bef70c3486b1aa	100644	blob	9ef8b05cc7d8712c8ce2fdbaa5bef70c3486b1aa
identical	source/locale/es_CO/characterDescriptions.dic	100644	blob	6e88ebee5c90fc9267d24f4406ec43aa4c66c2cd	100644	blob	6e88ebee5c90fc9267d24f4406ec43aa4c66c2cd
identical	source/locale/es_CO/gestures.ini	100644	blob	e47af36a74c81469e25c9645b6d5db6c8085b5e3	100644	blob	e47af36a74c81469e25c9645b6d5db6c8085b5e3
identical	source/locale/es_CO/symbols.dic	100644	blob	0e30bec56efa912af7de96e7286c363fa94ff270	100644	blob	0e30bec56efa912af7de96e7286c363fa94ff270
identical	source/locale/fa/LC_MESSAGES/nvda.po	100644	blob	dfafdb13c240f5c5c4c5a083c45e68cb769ba554	100644	blob	dfafdb13c240f5c5c4c5a083c45e68cb769ba554
identical	source/locale/fa/characterDescriptions.dic	100644	blob	33c04b342a264b5a917020871563b5df8acf10c7	100644	blob	33c04b342a264b5a917020871563b5df8acf10c7
identical	source/locale/fa/gestures.ini	100644	blob	70d4f1c05dffb40f3cf89b1204b3ae9c0037da6a	100644	blob	70d4f1c05dffb40f3cf89b1204b3ae9c0037da6a
identical	source/locale/fa/symbols.dic	100644	blob	bd50a3cfa35db70c2e29b7d9983c86e32e4b7e64	100644	blob	bd50a3cfa35db70c2e29b7d9983c86e32e4b7e64
identical	source/locale/fi/LC_MESSAGES/nvda.po	100644	blob	1c3d34669c15fdbf041d3de08796b4fca7a4d36b	100644	blob	1c3d34669c15fdbf041d3de08796b4fca7a4d36b
identical	source/locale/fi/characterDescriptions.dic	100644	blob	94be5722ad8716b369a565608f65f3cef636e624	100644	blob	94be5722ad8716b369a565608f65f3cef636e624
identical	source/locale/fi/gestures.ini	100644	blob	c88b0d7ee8c7aa7894e4c0ae7cc2c8bf512d4cfc	100644	blob	c88b0d7ee8c7aa7894e4c0ae7cc2c8bf512d4cfc
identical	source/locale/fi/symbols.dic	100644	blob	fda73ed1b0290562e0c4caf1755a81cab09f3e28	100644	blob	fda73ed1b0290562e0c4caf1755a81cab09f3e28
identical	source/locale/fr/LC_MESSAGES/nvda.po	100644	blob	ac4ab93de46594e3a4746a3aac4aa4fdb9f04037	100644	blob	ac4ab93de46594e3a4746a3aac4aa4fdb9f04037
identical	source/locale/fr/characterDescriptions.dic	100644	blob	81e3e578d9d0e098ef67cde42c5f8669e63e3fcc	100644	blob	81e3e578d9d0e098ef67cde42c5f8669e63e3fcc
identical	source/locale/fr/gestures.ini	100644	blob	3ea86e4b650f5b029700b274ba12db83accda21c	100644	blob	3ea86e4b650f5b029700b274ba12db83accda21c
identical	source/locale/fr/symbols.dic	100644	blob	0593d56c6e4a0b7129c9d72a2db07505cfbaec61	100644	blob	0593d56c6e4a0b7129c9d72a2db07505cfbaec61
identical	source/locale/ga/LC_MESSAGES/nvda.po	100644	blob	e38b4f4cc75930bc393e3c37a547c3f9abe9bf8d	100644	blob	e38b4f4cc75930bc393e3c37a547c3f9abe9bf8d
identical	source/locale/ga/characterDescriptions.dic	100644	blob	440136be027da90d4b0b142d08f1b0d6f4e967de	100644	blob	440136be027da90d4b0b142d08f1b0d6f4e967de
identical	source/locale/ga/symbols.dic	100644	blob	3167ffc6a04682a46404f94a48b2af253c01a9f6	100644	blob	3167ffc6a04682a46404f94a48b2af253c01a9f6
identical	source/locale/gl/LC_MESSAGES/nvda.po	100644	blob	743e92cf4b20c51a9edbb01539190b10a47aae88	100644	blob	743e92cf4b20c51a9edbb01539190b10a47aae88
identical	source/locale/gl/characterDescriptions.dic	100644	blob	6e76d993e3de818f6955d0596ff03ce6817257eb	100644	blob	6e76d993e3de818f6955d0596ff03ce6817257eb
identical	source/locale/gl/gestures.ini	100644	blob	29f34d1d3d7ecfb0865bf087c267f0d125f5f465	100644	blob	29f34d1d3d7ecfb0865bf087c267f0d125f5f465
identical	source/locale/gl/symbols.dic	100644	blob	33f441909742aa490e515921b57aa2dc42f4694f	100644	blob	33f441909742aa490e515921b57aa2dc42f4694f
identical	source/locale/gu/characterDescriptions.dic	100644	blob	7a5bb3786e4d4503bc23fa1948bb65ec8caca131	100644	blob	7a5bb3786e4d4503bc23fa1948bb65ec8caca131
identical	source/locale/he/LC_MESSAGES/nvda.po	100644	blob	c73e0dafbb98b1086560df593b2d43b82a56b4ca	100644	blob	c73e0dafbb98b1086560df593b2d43b82a56b4ca
identical	source/locale/he/characterDescriptions.dic	100644	blob	3edc38da9a17ecda6fc06987b9c712aef219ec21	100644	blob	3edc38da9a17ecda6fc06987b9c712aef219ec21
identical	source/locale/he/symbols.dic	100644	blob	52fb8fd10249214b7b87b3de6ee1d6ea013e2b6a	100644	blob	52fb8fd10249214b7b87b3de6ee1d6ea013e2b6a
identical	source/locale/hi/LC_MESSAGES/nvda.po	100644	blob	adc7c3ad8c5824638ed1123d575f72cf9d9dc8f5	100644	blob	adc7c3ad8c5824638ed1123d575f72cf9d9dc8f5
identical	source/locale/hi/characterDescriptions.dic	100644	blob	cb221b0227ad89ae9bcd7280ab42073386935243	100644	blob	cb221b0227ad89ae9bcd7280ab42073386935243
identical	source/locale/hi/symbols.dic	100644	blob	277d05f0eabad2740609e84429815cbe8c380e6f	100644	blob	277d05f0eabad2740609e84429815cbe8c380e6f
identical	source/locale/hr/LC_MESSAGES/nvda.po	100644	blob	a52f495a9c779196a9974e13f9bf19375eeff2e2	100644	blob	a52f495a9c779196a9974e13f9bf19375eeff2e2
identical	source/locale/hr/characterDescriptions.dic	100644	blob	fd15cd11fcb43fb7aba574e13e49820ed5ad6a06	100644	blob	fd15cd11fcb43fb7aba574e13e49820ed5ad6a06
identical	source/locale/hr/gestures.ini	100644	blob	175905adaf8eafb1bd9a1bc3b9d338fd5d836016	100644	blob	175905adaf8eafb1bd9a1bc3b9d338fd5d836016
identical	source/locale/hr/symbols.dic	100644	blob	b0f32703c92df1e120fef0c58686fbb3975b35a5	100644	blob	b0f32703c92df1e120fef0c58686fbb3975b35a5
identical	source/locale/hu/LC_MESSAGES/nvda.po	100755	blob	8abfc8a0e3318d5b400a5ef79d6b3098c9e718dc	100755	blob	8abfc8a0e3318d5b400a5ef79d6b3098c9e718dc
identical	source/locale/hu/characterDescriptions.dic	100644	blob	d0ad12e5b6992e9339ffa7520be2acbd4cc21e55	100644	blob	d0ad12e5b6992e9339ffa7520be2acbd4cc21e55
identical	source/locale/hu/gestures.ini	100644	blob	eab2523ef4d8a44a22b055803913e99a7d5f9cb2	100644	blob	eab2523ef4d8a44a22b055803913e99a7d5f9cb2
identical	source/locale/hu/symbols.dic	100644	blob	f05b88b3b4a11244a7ef02b00a2644ace7ff2794	100644	blob	f05b88b3b4a11244a7ef02b00a2644ace7ff2794
identical	source/locale/id/LC_MESSAGES/nvda.po	100644	blob	7572c5fc639a324b2b941f09c319888c5490b80c	100644	blob	7572c5fc639a324b2b941f09c319888c5490b80c
identical	source/locale/is/LC_MESSAGES/nvda.po	100644	blob	e389c3707270ea2cded029b170902cc669a38a0c	100644	blob	e389c3707270ea2cded029b170902cc669a38a0c
identical	source/locale/is/characterDescriptions.dic	100644	blob	ab089022927ac69f65608bae95fb96f624fe3688	100644	blob	ab089022927ac69f65608bae95fb96f624fe3688
identical	source/locale/is/symbols.dic	100644	blob	3966e7bfc66928ae782a4414456d1f91d7980708	100644	blob	3966e7bfc66928ae782a4414456d1f91d7980708
identical	source/locale/it/LC_MESSAGES/nvda.po	100644	blob	de34af16b727363a2cc974f33f066d7896f49d05	100644	blob	de34af16b727363a2cc974f33f066d7896f49d05
identical	source/locale/it/characterDescriptions.dic	100644	blob	a25306d5424a3780ba848e9ead1a66494c600598	100644	blob	a25306d5424a3780ba848e9ead1a66494c600598
identical	source/locale/it/gestures.ini	100644	blob	8c76e767d6067bbbf909bff7443f4feba2319368	100644	blob	8c76e767d6067bbbf909bff7443f4feba2319368
identical	source/locale/it/symbols.dic	100644	blob	a198e97cfd0d0491126eb271aa75c0b6ab80c22c	100644	blob	a198e97cfd0d0491126eb271aa75c0b6ab80c22c
identical	source/locale/ja/LC_MESSAGES/nvda.po	100755	blob	39e5b00fc563123a8556f1b8f1d1c0192417ea3b	100755	blob	39e5b00fc563123a8556f1b8f1d1c0192417ea3b
identical	source/locale/ja/characterDescriptions.dic	100644	blob	4be6a95804a78a807e9ab33d8a048f2ce1ec9500	100644	blob	4be6a95804a78a807e9ab33d8a048f2ce1ec9500
identical	source/locale/ja/gestures.ini	100644	blob	da3e5be8a45439b1eee119ae548adc65fac30c5d	100644	blob	da3e5be8a45439b1eee119ae548adc65fac30c5d
identical	source/locale/ja/symbols.dic	100644	blob	3b52fba73a24776bde0cb46317da836d030a8570	100644	blob	3b52fba73a24776bde0cb46317da836d030a8570
identical	source/locale/ka/LC_MESSAGES/nvda.po	100644	blob	3678bcbd992310498939ce4bdb7696b20edb6b2d	100644	blob	3678bcbd992310498939ce4bdb7696b20edb6b2d
identical	source/locale/ka/characterDescriptions.dic	100644	blob	bbbfb688c0843aa2d6f9b5d1a46089716fe0e1c5	100644	blob	bbbfb688c0843aa2d6f9b5d1a46089716fe0e1c5
identical	source/locale/ka/symbols.dic	100644	blob	e78c3562efa50d0b545c5ddc2bf6a8e249ff3ef6	100644	blob	e78c3562efa50d0b545c5ddc2bf6a8e249ff3ef6
identical	source/locale/km/LC_MESSAGES/nvda.po	100644	blob	2c7f1d4df9d73685955e37bb62504715010c67ba	100644	blob	2c7f1d4df9d73685955e37bb62504715010c67ba
identical	source/locale/kmr/LC_MESSAGES/nvda.po	100644	blob	6f76c7694589dd22233a3e7a9a5dea7badf84833	100644	blob	6f76c7694589dd22233a3e7a9a5dea7badf84833
identical	source/locale/kmr/characterDescriptions.dic	100644	blob	2296ca13712395aafcf163c1f4e21ce9c4ee5dbc	100644	blob	2296ca13712395aafcf163c1f4e21ce9c4ee5dbc
identical	source/locale/kmr/symbols.dic	100644	blob	a864ad953d8f3af2eca8df119a6b4a85aaa294e1	100644	blob	a864ad953d8f3af2eca8df119a6b4a85aaa294e1
identical	source/locale/kn/LC_MESSAGES/nvda.po	100644	blob	b46fae59db8f98cb4ff6b6e9188f260bcf42bab3	100644	blob	b46fae59db8f98cb4ff6b6e9188f260bcf42bab3
identical	source/locale/kn/characterDescriptions.dic	100644	blob	66e3b041ab27832cc4a0e34e3c1b0debf855d44c	100644	blob	66e3b041ab27832cc4a0e34e3c1b0debf855d44c
identical	source/locale/kn/symbols.dic	100644	blob	4aa61139db7cd7ad2e83de5675f3955cbefa85bd	100644	blob	4aa61139db7cd7ad2e83de5675f3955cbefa85bd
identical	source/locale/ko/LC_MESSAGES/nvda.po	100644	blob	338f4d067186ba13fd70ce3c0277eee7e18a7e98	100644	blob	338f4d067186ba13fd70ce3c0277eee7e18a7e98
identical	source/locale/ko/characterDescriptions.dic	100644	blob	29e95a2e25a5d6cae1285c5158d8f0a1c1d110c6	100644	blob	29e95a2e25a5d6cae1285c5158d8f0a1c1d110c6
identical	source/locale/ko/symbols.dic	100644	blob	9543d57e3db0ca661258e3a9ec2f919955e9ae31	100644	blob	9543d57e3db0ca661258e3a9ec2f919955e9ae31
identical	source/locale/kok/characterDescriptions.dic	100644	blob	fe7b235ba85054af2c02d2582540bf9591d84948	100644	blob	fe7b235ba85054af2c02d2582540bf9591d84948
identical	source/locale/ky/LC_MESSAGES/nvda.po	100644	blob	8a5a78da1bd39d567ba05892382ec91f639dd73f	100644	blob	8a5a78da1bd39d567ba05892382ec91f639dd73f
identical	source/locale/ky/characterDescriptions.dic	100644	blob	a6e791c345c50f075b871148edd504d8627b09be	100644	blob	a6e791c345c50f075b871148edd504d8627b09be
identical	source/locale/ky/symbols.dic	100644	blob	a96a532579ee6fbac1d0ca98aa39b813e0a028fe	100644	blob	a96a532579ee6fbac1d0ca98aa39b813e0a028fe
identical	source/locale/lb/characterDescriptions.dic	100644	blob	86f18ad015e60522a9133ab81d17e145f97d211f	100644	blob	86f18ad015e60522a9133ab81d17e145f97d211f
identical	source/locale/lb/symbols.dic	100644	blob	05505fc60e5657494d4f9c580b3e32a4772a74d3	100644	blob	05505fc60e5657494d4f9c580b3e32a4772a74d3
identical	source/locale/lt/LC_MESSAGES/nvda.po	100644	blob	fb75113de810357292645ad62d60e46b03e405ce	100644	blob	fb75113de810357292645ad62d60e46b03e405ce
identical	source/locale/lt/characterDescriptions.dic	100644	blob	f577eb2bd4f4df0ec350a65881653c8bb37af1e4	100644	blob	f577eb2bd4f4df0ec350a65881653c8bb37af1e4
identical	source/locale/lt/symbols.dic	100644	blob	b4a4ed5a6a5b745d404b93be03f7f3e1a8c03a10	100644	blob	b4a4ed5a6a5b745d404b93be03f7f3e1a8c03a10
identical	source/locale/mk/LC_MESSAGES/nvda.po	100644	blob	21dcf2b100334e13d060c63cab420be324cb9b66	100644	blob	21dcf2b100334e13d060c63cab420be324cb9b66
identical	source/locale/mk/characterDescriptions.dic	100644	blob	a835419cb207d84ca4f60374382b135fcecbf522	100644	blob	a835419cb207d84ca4f60374382b135fcecbf522
identical	source/locale/mk/symbols.dic	100644	blob	7f6982fc04ac0675d13d71770b8d58a5f7c584c5	100644	blob	7f6982fc04ac0675d13d71770b8d58a5f7c584c5
identical	source/locale/ml/characterDescriptions.dic	100644	blob	dbf688181f422b11af22ce8ee6e6e3e2f25997e9	100644	blob	dbf688181f422b11af22ce8ee6e6e3e2f25997e9
identical	source/locale/mn/LC_MESSAGES/nvda.po	100644	blob	8dab788c59592e0e8221e139d50683df2a03499f	100644	blob	8dab788c59592e0e8221e139d50683df2a03499f
identical	source/locale/mn/characterDescriptions.dic	100644	blob	b2da2fed677793c4441e48261f584a35aaeb1919	100644	blob	b2da2fed677793c4441e48261f584a35aaeb1919
identical	source/locale/mn/symbols.dic	100644	blob	dc5e9caf6d7a964ce9328d3c70fc11160e5da18c	100644	blob	dc5e9caf6d7a964ce9328d3c70fc11160e5da18c
identical	source/locale/mni/characterDescriptions.dic	100644	blob	db526101a8c9b2f34422c1a5c42a788e7689e62a	100644	blob	db526101a8c9b2f34422c1a5c42a788e7689e62a
identical	source/locale/my/LC_MESSAGES/nvda.po	100644	blob	b50bd147f6680e57715c9de8f3366c94170b4b56	100644	blob	b50bd147f6680e57715c9de8f3366c94170b4b56
identical	source/locale/my/characterDescriptions.dic	100644	blob	a6e791c345c50f075b871148edd504d8627b09be	100644	blob	a6e791c345c50f075b871148edd504d8627b09be
identical	source/locale/my/symbols.dic	100644	blob	2e1a273633d56e8ca966cc358c46dd28faeed5af	100644	blob	2e1a273633d56e8ca966cc358c46dd28faeed5af
identical	source/locale/nb_NO/LC_MESSAGES/nvda.po	100644	blob	fd00ed3478fb530f39f43249b2037e2d96f33d00	100644	blob	fd00ed3478fb530f39f43249b2037e2d96f33d00
identical	source/locale/nb_NO/characterDescriptions.dic	100644	blob	8ff131dfdd34a6abbabb23c9babf63d720bb65fc	100644	blob	8ff131dfdd34a6abbabb23c9babf63d720bb65fc
identical	source/locale/nb_NO/symbols.dic	100644	blob	edc33ecff6c1fdb25056bb7908c007fbceaf86f7	100644	blob	edc33ecff6c1fdb25056bb7908c007fbceaf86f7
identical	source/locale/ne/LC_MESSAGES/nvda.po	100644	blob	76729a2d508a1c793ebf26efbe3c4292e1a0ef16	100644	blob	76729a2d508a1c793ebf26efbe3c4292e1a0ef16
identical	source/locale/ne/characterDescriptions.dic	100644	blob	15bb213bdea0efdf6a81b63c3c457f00c01c515f	100644	blob	15bb213bdea0efdf6a81b63c3c457f00c01c515f
identical	source/locale/nl/LC_MESSAGES/nvda.po	100644	blob	dba6dadb823eec8d22b8e29f438d9107039cdefa	100644	blob	dba6dadb823eec8d22b8e29f438d9107039cdefa
identical	source/locale/nl/characterDescriptions.dic	100644	blob	8e1a2f332f34bc03c4c23bfccba4087b312f6053	100644	blob	8e1a2f332f34bc03c4c23bfccba4087b312f6053
identical	source/locale/nl/symbols.dic	100644	blob	7017a795b3782f3baa5620abea39df79f10003f4	100644	blob	7017a795b3782f3baa5620abea39df79f10003f4
identical	source/locale/nn_NO/LC_MESSAGES/nvda.po	100644	blob	eed71905a19b46814a6fdedbf2f306f54e0d73bc	100644	blob	eed71905a19b46814a6fdedbf2f306f54e0d73bc
identical	source/locale/nn_NO/characterDescriptions.dic	100644	blob	20b03b8d5486dbd04708ec418686a5900db79e28	100644	blob	20b03b8d5486dbd04708ec418686a5900db79e28
identical	source/locale/nn_NO/symbols.dic	100644	blob	0341e25e72adb7656986113b1c98acf26f7e11d6	100644	blob	0341e25e72adb7656986113b1c98acf26f7e11d6
identical	source/locale/pa/LC_MESSAGES/nvda.po	100644	blob	7f85180e1da74786a121424d77ca37346e8c343b	100644	blob	7f85180e1da74786a121424d77ca37346e8c343b
identical	source/locale/pa/characterDescriptions.dic	100644	blob	7a04e9d3434589b3b4f24d3e46e71bbe05d11e4a	100644	blob	7a04e9d3434589b3b4f24d3e46e71bbe05d11e4a
identical	source/locale/pa/symbols.dic	100644	blob	2e9ece2ad03c45b2846dfe894c3575a3cb34eb1f	100644	blob	2e9ece2ad03c45b2846dfe894c3575a3cb34eb1f
identical	source/locale/pl/LC_MESSAGES/nvda.po	100644	blob	34658f642b17b78d64c08781aa4e87f58c6491b9	100644	blob	34658f642b17b78d64c08781aa4e87f58c6491b9
identical	source/locale/pl/characterDescriptions.dic	100644	blob	90c0e6a0e7b2a5df4ade9deac8e71ef93247db1c	100644	blob	90c0e6a0e7b2a5df4ade9deac8e71ef93247db1c
identical	source/locale/pl/symbols.dic	100644	blob	2885791d40fd4499c9daa24c454ee1ca563ac467	100644	blob	2885791d40fd4499c9daa24c454ee1ca563ac467
identical	source/locale/pt_BR/LC_MESSAGES/nvda.po	100644	blob	37bc0143bb7b8e8e8e982c4e4a0bc9a7d45b7371	100644	blob	37bc0143bb7b8e8e8e982c4e4a0bc9a7d45b7371
identical	source/locale/pt_BR/characterDescriptions.dic	100644	blob	473efacdfaf7570fa4b6eb0b1f3b1c79e6f9eaf8	100644	blob	473efacdfaf7570fa4b6eb0b1f3b1c79e6f9eaf8
identical	source/locale/pt_BR/gestures.ini	100644	blob	b8ba43ad9789aa7d4231da6039494aa766228ba0	100644	blob	b8ba43ad9789aa7d4231da6039494aa766228ba0
identical	source/locale/pt_BR/symbols.dic	100644	blob	f2289e1dd52c6b5838f53b3723fb826f42fc514e	100644	blob	f2289e1dd52c6b5838f53b3723fb826f42fc514e
identical	source/locale/pt_PT/LC_MESSAGES/nvda.po	100755	blob	913e2f11fd11bf4c2cbf3e221a52ec272973fdb4	100755	blob	913e2f11fd11bf4c2cbf3e221a52ec272973fdb4
identical	source/locale/pt_PT/characterDescriptions.dic	100644	blob	0c31265faa420ba5955598cf2a4e070dc4f91251	100644	blob	0c31265faa420ba5955598cf2a4e070dc4f91251
identical	source/locale/pt_PT/gestures.ini	100644	blob	3ece7b2b634aea60a09bfe9a70ab5f0b2d270f3c	100644	blob	3ece7b2b634aea60a09bfe9a70ab5f0b2d270f3c
identical	source/locale/pt_PT/symbols.dic	100644	blob	23ae0edf1d91dd8856918f66900fd2ccfcce055f	100644	blob	23ae0edf1d91dd8856918f66900fd2ccfcce055f
identical	source/locale/ro/LC_MESSAGES/nvda.po	100644	blob	6aeab8597db66ed228a79faf82ecf5d2b1b257cb	100644	blob	6aeab8597db66ed228a79faf82ecf5d2b1b257cb
identical	source/locale/ro/characterDescriptions.dic	100644	blob	1680dab837381004a98d66da6702213a007f6792	100644	blob	1680dab837381004a98d66da6702213a007f6792
identical	source/locale/ro/symbols.dic	100644	blob	1fddc8456eb61a5874c0d40b9c754745d412d7ac	100644	blob	1fddc8456eb61a5874c0d40b9c754745d412d7ac
identical	source/locale/ru/LC_MESSAGES/nvda.po	100644	blob	49e8f93ff33b754b14a5b77d4aae27e02c57e24a	100644	blob	49e8f93ff33b754b14a5b77d4aae27e02c57e24a
identical	source/locale/ru/characterDescriptions.dic	100644	blob	40cfc8785a18cfad09ba7f4032344666c87f0ff3	100644	blob	40cfc8785a18cfad09ba7f4032344666c87f0ff3
identical	source/locale/ru/gestures.ini	100644	blob	8358b31d4440b1fbb46e8b2b98c17d98b935d27b	100644	blob	8358b31d4440b1fbb46e8b2b98c17d98b935d27b
identical	source/locale/ru/symbols.dic	100644	blob	2d9e8b7f9a6dd268448e90055f160e165fee41e1	100644	blob	2d9e8b7f9a6dd268448e90055f160e165fee41e1
identical	source/locale/sk/LC_MESSAGES/nvda.po	100644	blob	d5ab4a62baaed9342c8965428c671256a5cfa6e2	100644	blob	d5ab4a62baaed9342c8965428c671256a5cfa6e2
identical	source/locale/sk/characterDescriptions.dic	100644	blob	681574ef8b6c94efbf8f8f7e36fa33f31bf9daa0	100644	blob	681574ef8b6c94efbf8f8f7e36fa33f31bf9daa0
identical	source/locale/sk/gestures.ini	100644	blob	3c16edd2377209c88583f22eb19f4c4d897fec8d	100644	blob	3c16edd2377209c88583f22eb19f4c4d897fec8d
identical	source/locale/sk/symbols.dic	100644	blob	4a081d0d73e9f04f8b1bf95165df2d1a7e92f98c	100644	blob	4a081d0d73e9f04f8b1bf95165df2d1a7e92f98c
identical	source/locale/sl/LC_MESSAGES/nvda.po	100644	blob	2743715f5f781eca9feb26d37fcfcdb7cface36b	100644	blob	2743715f5f781eca9feb26d37fcfcdb7cface36b
identical	source/locale/sl/characterDescriptions.dic	100644	blob	59a8494a8cc75962fdce5c7a9bf907cadad99fe3	100644	blob	59a8494a8cc75962fdce5c7a9bf907cadad99fe3
identical	source/locale/sl/gestures.ini	100644	blob	b26786d8f5fb8c17435e1335ce0d1fc17f9d7342	100644	blob	b26786d8f5fb8c17435e1335ce0d1fc17f9d7342
identical	source/locale/sl/symbols.dic	100644	blob	1dc8e2844243e87312178b6f44f094913220b4bb	100644	blob	1dc8e2844243e87312178b6f44f094913220b4bb
identical	source/locale/so/LC_MESSAGES/nvda.po	100644	blob	5ae6ff91ef076a5c9ec3bac6b3baa3b66e48962e	100644	blob	5ae6ff91ef076a5c9ec3bac6b3baa3b66e48962e
identical	source/locale/so/characterDescriptions.dic	100644	blob	1dcf1b73697845cf4656cee143584077ae1166ef	100644	blob	1dcf1b73697845cf4656cee143584077ae1166ef
identical	source/locale/so/symbols.dic	100644	blob	35b0fcd1be08d7d4167a588ac64cb8d2c48d715e	100644	blob	35b0fcd1be08d7d4167a588ac64cb8d2c48d715e
identical	source/locale/sq/LC_MESSAGES/NVDA.po	100644	blob	b76e3c2f7e481718d93cf6b31c40ca18014c7cea	100644	blob	b76e3c2f7e481718d93cf6b31c40ca18014c7cea
identical	source/locale/sq/characterDescriptions.dic	100644	blob	d95159f3a8d92d9997b4a90f7bd8355f91ce6de7	100644	blob	d95159f3a8d92d9997b4a90f7bd8355f91ce6de7
identical	source/locale/sq/symbols.dic	100644	blob	ed3438daa266b3d8baa135b05d88ca0a4a1da8fd	100644	blob	ed3438daa266b3d8baa135b05d88ca0a4a1da8fd
identical	source/locale/sr/LC_MESSAGES/nvda.po	100644	blob	2c3991913c7f471c7de945634acbf60c02928410	100644	blob	2c3991913c7f471c7de945634acbf60c02928410
identical	source/locale/sr/characterDescriptions.dic	100644	blob	5e3c218de5f4cec4d4af4ea54a9fa21efe479cd6	100644	blob	5e3c218de5f4cec4d4af4ea54a9fa21efe479cd6
identical	source/locale/sr/gestures.ini	100644	blob	175905adaf8eafb1bd9a1bc3b9d338fd5d836016	100644	blob	175905adaf8eafb1bd9a1bc3b9d338fd5d836016
identical	source/locale/sr/symbols.dic	100644	blob	f5dbce5d366d885c6267db9d6effddc2afbda8d3	100644	blob	f5dbce5d366d885c6267db9d6effddc2afbda8d3
identical	source/locale/sv/LC_MESSAGES/nvda.po	100644	blob	a9541d84d813e86e738eefbe261994348fb71ca3	100644	blob	a9541d84d813e86e738eefbe261994348fb71ca3
identical	source/locale/sv/characterDescriptions.dic	100644	blob	fdbbb9454c5b2982d1a7255cdffcc66933b738ba	100644	blob	fdbbb9454c5b2982d1a7255cdffcc66933b738ba
identical	source/locale/sv/gestures.ini	100644	blob	58da6cfa42722a02d27d1d1395c8f0243a21d746	100644	blob	58da6cfa42722a02d27d1d1395c8f0243a21d746
identical	source/locale/sv/symbols.dic	100644	blob	56cb2dcba4e2663b87c588a58429d97d614cb740	100644	blob	56cb2dcba4e2663b87c588a58429d97d614cb740
identical	source/locale/ta/LC_MESSAGES/nvda.po	100644	blob	55eea6cf17576d77b9f9a5ab6f07a73b75e3d0f3	100644	blob	55eea6cf17576d77b9f9a5ab6f07a73b75e3d0f3
identical	source/locale/ta/characterDescriptions.dic	100644	blob	ebfe2e6fa55750a1765ed8815c783967cdbc02aa	100644	blob	ebfe2e6fa55750a1765ed8815c783967cdbc02aa
identical	source/locale/ta/symbols.dic	100644	blob	92f4bed21ffbbe5e66160bbc8efeb603ca5110cf	100644	blob	92f4bed21ffbbe5e66160bbc8efeb603ca5110cf
identical	source/locale/te/characterDescriptions.dic	100644	blob	c3776ca477ebed098f8814d5066ba6714c0becb2	100644	blob	c3776ca477ebed098f8814d5066ba6714c0becb2
identical	source/locale/th/LC_MESSAGES/nvda.po	100644	blob	6401344a500a5521fdc7a9d5c901cc51cc56ff13	100644	blob	6401344a500a5521fdc7a9d5c901cc51cc56ff13
identical	source/locale/tr/LC_MESSAGES/nvda.po	100644	blob	8fcabce202e6920fc6d651f22f96100037683b1e	100644	blob	8fcabce202e6920fc6d651f22f96100037683b1e
identical	source/locale/tr/characterDescriptions.dic	100644	blob	6cd32d9b9123a22fe12549c6e7a31216a902c9e3	100644	blob	6cd32d9b9123a22fe12549c6e7a31216a902c9e3
identical	source/locale/tr/gestures.ini	100644	blob	9376c41ae639be66a669ac9713b10124f1f7619f	100644	blob	9376c41ae639be66a669ac9713b10124f1f7619f
identical	source/locale/tr/symbols.dic	100644	blob	a455c80381eed376638a5c2fb2e84bffc0e99161	100644	blob	a455c80381eed376638a5c2fb2e84bffc0e99161
identical	source/locale/uk/LC_MESSAGES/nvda.po	100644	blob	905ffc501c9592ed6fe24f2724af4f785303547b	100644	blob	905ffc501c9592ed6fe24f2724af4f785303547b
identical	source/locale/uk/characterDescriptions.dic	100644	blob	ada6bb3b5577f2aa58851ebb5f5a989ed34ad28e	100644	blob	ada6bb3b5577f2aa58851ebb5f5a989ed34ad28e
identical	source/locale/uk/gestures.ini	100644	blob	fc43313db9e3ed7de1afc5a3da7de98e43ab0695	100644	blob	fc43313db9e3ed7de1afc5a3da7de98e43ab0695
identical	source/locale/uk/symbols.dic	100644	blob	f5fe9ca28611f2ff9c26b10f7f2162512764b0c3	100644	blob	f5fe9ca28611f2ff9c26b10f7f2162512764b0c3
identical	source/locale/ur/LC_MESSAGES/nvda.po	100644	blob	e3c42a797322017cb47283534540a273c4e50733	100644	blob	e3c42a797322017cb47283534540a273c4e50733
identical	source/locale/vi/LC_MESSAGES/nvda.po	100644	blob	6e6f287e2256bdfe4b3f8bf4ac409c16a4d1d0f8	100644	blob	6e6f287e2256bdfe4b3f8bf4ac409c16a4d1d0f8
identical	source/locale/vi/characterDescriptions.dic	100644	blob	7d18ca1cee3061cc82fb7860ebca812bed3cf322	100644	blob	7d18ca1cee3061cc82fb7860ebca812bed3cf322
identical	source/locale/vi/symbols.dic	100644	blob	b613f2a98d68b8c3c70d55815e7fff2b06301c75	100644	blob	b613f2a98d68b8c3c70d55815e7fff2b06301c75
identical	source/locale/zh_CN/LC_MESSAGES/nvda.po	100644	blob	2535075050ebfdccc88db6b51c787b37d5308b00	100644	blob	2535075050ebfdccc88db6b51c787b37d5308b00
identical	source/locale/zh_CN/characterDescriptions.dic	100644	blob	ed34b8c44ebeca7d4a28d75a02bd78c6af991478	100644	blob	ed34b8c44ebeca7d4a28d75a02bd78c6af991478
identical	source/locale/zh_CN/gestures.ini	100644	blob	106d3b6f73c03ce754a4ea737b565b13ee903aa6	100644	blob	106d3b6f73c03ce754a4ea737b565b13ee903aa6
identical	source/locale/zh_CN/symbols.dic	100644	blob	de1289e762287c23e24c7ce90ba01695b4f8feec	100644	blob	de1289e762287c23e24c7ce90ba01695b4f8feec
identical	source/locale/zh_HK/LC_MESSAGES/nvda.po	100644	blob	e6ebae4031c726b6ae9cc9d0831620203858e764	100644	blob	e6ebae4031c726b6ae9cc9d0831620203858e764
identical	source/locale/zh_HK/characterDescriptions.dic	100644	blob	2c0bed4e94f5899dce2504ae7bfd14b321a94cd8	100644	blob	2c0bed4e94f5899dce2504ae7bfd14b321a94cd8
identical	source/locale/zh_HK/symbols.dic	100644	blob	580747b5cad647965a521be4c30fc0192da9be02	100644	blob	580747b5cad647965a521be4c30fc0192da9be02
identical	source/locale/zh_TW/LC_MESSAGES/nvda.po	100644	blob	0704db61d48d3078cf3761e3af8163569ae713f7	100644	blob	0704db61d48d3078cf3761e3af8163569ae713f7
identical	source/locale/zh_TW/characterDescriptions.dic	100644	blob	62462901dffe4cccff01ef5362b20614a9d169da	100644	blob	62462901dffe4cccff01ef5362b20614a9d169da
identical	source/locale/zh_TW/symbols.dic	100644	blob	6371a77aacd6ba29a996a397b7cc8f8980649e6a	100644	blob	6371a77aacd6ba29a996a397b7cc8f8980649e6a
identical	source/localesData.py	100644	blob	28e37e971561cc8d1d206ffccfef217db233a35a	100644	blob	28e37e971561cc8d1d206ffccfef217db233a35a
identical	source/locationHelper.py	100644	blob	c2a58bdaec361657e0d972250328e3eec2b19c08	100644	blob	c2a58bdaec361657e0d972250328e3eec2b19c08
identical	source/logHandler.py	100755	blob	8fc1ec4b3c4b450ef5ebda67af2952e4e29da460	100755	blob	8fc1ec4b3c4b450ef5ebda67af2952e4e29da460
identical	source/louisHelper.py	100644	blob	9728773c4e333d7345653b7a375d72304b6eee82	100644	blob	9728773c4e333d7345653b7a375d72304b6eee82
identical	source/manifest.template.xml	100644	blob	549833a99289b981a6160bdb1b63a5f55f1ab7aa	100644	blob	549833a99289b981a6160bdb1b63a5f55f1ab7aa
identical	source/markdownTranslate.py	100644	blob	f726882d4cb3ec332094304523cd78c354299e03	100644	blob	f726882d4cb3ec332094304523cd78c354299e03
identical	source/mathPres/MathCAT/MathCAT.py	100644	blob	f669c2512feabe57c6b59937c4c3c113dbd0ec20	100644	blob	f669c2512feabe57c6b59937c4c3c113dbd0ec20
identical	source/mathPres/MathCAT/__init__.py	100644	blob	bef52a1db7fb773c53881aed9deddbfdd83e433e	100644	blob	bef52a1db7fb773c53881aed9deddbfdd83e433e
identical	source/mathPres/MathCAT/_navNodeMapping.py	100644	blob	f350ab4e9bfe5e2cc5c05afa8b8c9bf107e42270	100644	blob	f350ab4e9bfe5e2cc5c05afa8b8c9bf107e42270
identical	source/mathPres/MathCAT/localization.py	100644	blob	5a5df9bd6cef5fbab2eae56caae3a142cb9f3b25	100644	blob	5a5df9bd6cef5fbab2eae56caae3a142cb9f3b25
identical	source/mathPres/MathCAT/navCommands.py	100644	blob	65e2e73ee86e75f995a73f7b57d2e7cef99ec7a4	100644	blob	65e2e73ee86e75f995a73f7b57d2e7cef99ec7a4
identical	source/mathPres/MathCAT/preferences.py	100644	blob	3be48a83a6ef89aa0a56ae9c5b31e9bad641ffa6	100644	blob	3be48a83a6ef89aa0a56ae9c5b31e9bad641ffa6
identical	source/mathPres/MathCAT/rulesUtils.py	100644	blob	eece23c50ac7c58e4ef84fcbb456b7d5bd2d1d0a	100644	blob	eece23c50ac7c58e4ef84fcbb456b7d5bd2d1d0a
identical	source/mathPres/MathCAT/speech.py	100644	blob	04cea533b42b074ee3996493674c6b46fc24f3d9	100644	blob	04cea533b42b074ee3996493674c6b46fc24f3d9
identical	source/mathPres/__init__.py	100644	blob	cecf7e602f6ab78b55fbf70a1f1c78bf1cbae125	100644	blob	cecf7e602f6ab78b55fbf70a1f1c78bf1cbae125
identical	source/mathPres/_mathMlNode.py	100644	blob	b6c078912251b1d4401321d7779c2b034f688db6	100644	blob	b6c078912251b1d4401321d7779c2b034f688db6
identical	source/mathType.py	100644	blob	dfcf92390e3b0d8a9d5f0e3d01c5026c6d30e49e	100644	blob	dfcf92390e3b0d8a9d5f0e3d01c5026c6d30e49e
identical	source/md2html.py	100644	blob	52e8935fa6b4e5cdd72500e987c89809a351345a	100644	blob	52e8935fa6b4e5cdd72500e987c89809a351345a
identical	source/message.html	100644	blob	71263a75413ac26b5aa20e4bab66989218c2c33f	100644	blob	71263a75413ac26b5aa20e4bab66989218c2c33f
identical	source/monkeyPatches/__init__.py	100644	blob	831bec0c31fd55fd7c6d2c2fa6113d80a0e601df	100644	blob	831bec0c31fd55fd7c6d2c2fa6113d80a0e601df
identical	source/monkeyPatches/comtypesMonkeyPatches.py	100644	blob	e93b842f3798a1c4977228e351d76610cdee8d8a	100644	blob	e93b842f3798a1c4977228e351d76610cdee8d8a
identical	source/monkeyPatches/wxMonkeyPatches.py	100644	blob	6f5e89479d6b438c01e540a2360422af6050f1d8	100644	blob	6f5e89479d6b438c01e540a2360422af6050f1d8
identical	source/mouseHandler.py	100644	blob	9a0afde3567c2ab839263d843a5085415bfa8228	100644	blob	9a0afde3567c2ab839263d843a5085415bfa8228
identical	source/msoAutoShapeTypes.py	100644	blob	5ec82e46dcb2a428244e9f973f1ed21bb6bf29c5	100644	blob	5ec82e46dcb2a428244e9f973f1ed21bb6bf29c5
identical	source/nvda.pyw	100755	blob	caeb8eeb8bddbbcaac1d4f6d0458d5f1b9d8849c	100755	blob	caeb8eeb8bddbbcaac1d4f6d0458d5f1b9d8849c
identical	source/nvdaBuiltin.py	100644	blob	fd79529e3892170f901e1edf6da28e3a004b6722	100644	blob	fd79529e3892170f901e1edf6da28e3a004b6722
identical	source/nvda_slave.pyw	100755	blob	38cdaee972975c304a9eb763056a9dc131b23814	100755	blob	38cdaee972975c304a9eb763056a9dc131b23814
identical	source/nvwave.py	100644	blob	9234b0fa6a12ea01e22d1988a2331ae7610560a5	100644	blob	9234b0fa6a12ea01e22d1988a2331ae7610560a5
identical	source/objbase.py	100644	blob	7357e4b4c9c5a4a1d7a583664271de8d3e8f1035	100644	blob	7357e4b4c9c5a4a1d7a583664271de8d3e8f1035
identical	source/objidl.py	100644	blob	dc7698731cee65fe9cef4bf675a812e2abf5da68	100644	blob	dc7698731cee65fe9cef4bf675a812e2abf5da68
identical	source/oleTypes.py	100755	blob	bd828beb0c436ad67d1ce9b2dd4e1329d16a1f45	100755	blob	bd828beb0c436ad67d1ce9b2dd4e1329d16a1f45
identical	source/oleacc.py	100644	blob	15d03b07020e9267393165cdd8ea6b2d5408aff8	100644	blob	15d03b07020e9267393165cdd8ea6b2d5408aff8
identical	source/pythonConsole.py	100755	blob	98b9eda43ee9d373f77a4b85c7178a40fe7b4116	100755	blob	98b9eda43ee9d373f77a4b85c7178a40fe7b4116
identical	source/queueHandler.py	100644	blob	60e89cfb7f51adee11da04ab05dcf97aaf9f17e6	100644	blob	60e89cfb7f51adee11da04ab05dcf97aaf9f17e6
identical	source/remotePythonConsole.py	100644	blob	6c66ed564212238aea9af920b111f45444fdb63c	100644	blob	6c66ed564212238aea9af920b111f45444fdb63c
identical	source/review.py	100644	blob	6ca4a794c8b4cfef8c460b71558d57ca8d252d29	100644	blob	6ca4a794c8b4cfef8c460b71558d57ca8d252d29
identical	source/screenBitmap.py	100644	blob	81c81d944c391774c9d7c5acd3428fea8b03684f	100644	blob	81c81d944c391774c9d7c5acd3428fea8b03684f
identical	source/screenCurtain/__init__.py	100644	blob	1320157f90079796cedbe29e282222d53a19af15	100644	blob	1320157f90079796cedbe29e282222d53a19af15
identical	source/screenCurtain/_screenCurtain.py	100644	blob	e9acca8500c900deca9539a275c07be74cad9989	100644	blob	e9acca8500c900deca9539a275c07be74cad9989
identical	source/screenExplorer.py	100644	blob	ea2260980ea6c67adac2c92f916d393e5b5cb111	100644	blob	ea2260980ea6c67adac2c92f916d393e5b5cb111
identical	source/scriptHandler.py	100644	blob	8312112e9ea990eed21ace26e70f94a9db0a2b22	100644	blob	8312112e9ea990eed21ace26e70f94a9db0a2b22
identical	source/setup.py	100755	blob	02c356d2d3e784193e5140d38fd234ebdd10aa55	100755	blob	02c356d2d3e784193e5140d38fd234ebdd10aa55
identical	source/shellapi.py	100644	blob	fc7c5e070c153a6ecc8722da704fb89f3924f096	100644	blob	fc7c5e070c153a6ecc8722da704fb89f3924f096
identical	source/shlobj.py	100644	blob	c39c580b69eb82242599d7f5ff28f51f59943d0d	100644	blob	c39c580b69eb82242599d7f5ff28f51f59943d0d
identical	source/speech/__init__.py	100644	blob	d82fc5ca844315db47dc0732f243f00a5b3a557a	100644	blob	d82fc5ca844315db47dc0732f243f00a5b3a557a
identical	source/speech/commands.py	100644	blob	af27cebb828af366cbe9182a621a2cebd37c64a7	100644	blob	af27cebb828af366cbe9182a621a2cebd37c64a7
identical	source/speech/extensions.py	100644	blob	8bc601cbcc28ea0ee0ebffabea2f015e51b4cc1b	100644	blob	8bc601cbcc28ea0ee0ebffabea2f015e51b4cc1b
identical	source/speech/languageHandling.py	100644	blob	de5ee34b101189f2017b017ae75875b458229667	100644	blob	de5ee34b101189f2017b017ae75875b458229667
identical	source/speech/manager.py	100644	blob	d6da8a675b3a43d0d38e5540a8c69d7e4870ad2f	100644	blob	d6da8a675b3a43d0d38e5540a8c69d7e4870ad2f
identical	source/speech/priorities.py	100644	blob	78fec2a3ecc94b9e8d6434ec6bde68fcddfd1c9e	100644	blob	78fec2a3ecc94b9e8d6434ec6bde68fcddfd1c9e
identical	source/speech/sayAll.py	100644	blob	e2836df9fb029228e17b57b08cd06f3ac6e7620b	100644	blob	e2836df9fb029228e17b57b08cd06f3ac6e7620b
identical	source/speech/shortcutKeys.py	100644	blob	b3861f472f350a65276f1363b8385268ce5e4803	100644	blob	b3861f472f350a65276f1363b8385268ce5e4803
identical	source/speech/speech.py	100644	blob	e6d9a402326e736f5fb6e25186ddffd732458dde	100644	blob	e6d9a402326e736f5fb6e25186ddffd732458dde
identical	source/speech/speechWithoutPauses.py	100644	blob	3c3b823931b4b04c70abe17bd4255e3e0b2a40eb	100644	blob	3c3b823931b4b04c70abe17bd4255e3e0b2a40eb
identical	source/speech/types.py	100644	blob	8bc84c2265b2eee30fb56bcce4d8d42fde3deddc	100644	blob	8bc84c2265b2eee30fb56bcce4d8d42fde3deddc
identical	source/speechDictHandler/__init__.py	100644	blob	288a585dd0c58f134fa1f7608fc897a4e02abc53	100644	blob	288a585dd0c58f134fa1f7608fc897a4e02abc53
identical	source/speechDictHandler/definitions.py	100644	blob	5c4abe755280c9385bbceea45477b72099cd5789	100644	blob	5c4abe755280c9385bbceea45477b72099cd5789
identical	source/speechDictHandler/dictFormatUpgrade.py	100644	blob	45ebc3c14371098d24ae36fd3bc7477e2b7322a6	100644	blob	45ebc3c14371098d24ae36fd3bc7477e2b7322a6
identical	source/speechDictHandler/types.py	100644	blob	b3a84033b38ab327023114af70b5416b89422ba7	100644	blob	b3a84033b38ab327023114af70b5416b89422ba7
identical	source/speechViewer.py	100644	blob	c5bba2fbcacba3b7bfdd329eaae9279990d0884c	100644	blob	c5bba2fbcacba3b7bfdd329eaae9279990d0884c
identical	source/speechXml.py	100644	blob	a1b45e347fda8c94529ce988fa075d380bfef901	100644	blob	a1b45e347fda8c94529ce988fa075d380bfef901
identical	source/synthDriverHandler.py	100644	blob	2834808f401b38fee3a3b489f5b82edcc7f4ab74	100644	blob	2834808f401b38fee3a3b489f5b82edcc7f4ab74
identical	source/synthDrivers/__init__.py	100644	blob	e69de29bb2d1d6434b8b29ae775ad8c2e48c5391	100644	blob	e69de29bb2d1d6434b8b29ae775ad8c2e48c5391
identical	source/synthDrivers/_espeak.py	100755	blob	f8db2ffe793cf3338e629a2ca186e5021be63829	100755	blob	f8db2ffe793cf3338e629a2ca186e5021be63829
identical	source/synthDrivers/_sonic.py	100644	blob	0c595af662e8ed07f43df392f531212c99c996c4	100644	blob	0c595af662e8ed07f43df392f531212c99c996c4
identical	source/synthDrivers/espeak.py	100644	blob	dc5181a6302df702e5f07c4ad312c183caa60409	100644	blob	dc5181a6302df702e5f07c4ad312c183caa60409
identical	source/synthDrivers/mssp.py	100644	blob	03982d2150b744b31394902e7b5fb9082900bdac	100644	blob	03982d2150b744b31394902e7b5fb9082900bdac
identical	source/synthDrivers/oneCore.py	100644	blob	b8080572564cf389dd1d4f79b74e80b10421c3e3	100644	blob	b8080572564cf389dd1d4f79b74e80b10421c3e3
identical	source/synthDrivers/sapi4_32.py	100644	blob	0044b796d561ead013c552940d8a14c54db7db5d	100644	blob	0044b796d561ead013c552940d8a14c54db7db5d
identical	source/synthDrivers/sapi5.py	100644	blob	2a925cda46dcb6b7faa28a19dc3719de30904ab3	100644	blob	2a925cda46dcb6b7faa28a19dc3719de30904ab3
identical	source/synthDrivers/sapi5_32.py	100644	blob	3ae59014097cab6fa882cf7d19c20e0342c07ef4	100644	blob	3ae59014097cab6fa882cf7d19c20e0342c07ef4
identical	source/synthDrivers/silence.py	100644	blob	d692f12828e2a64fc8abc1a93c6551e9afb1e3e5	100644	blob	d692f12828e2a64fc8abc1a93c6551e9afb1e3e5
identical	source/synthSettingsRing.py	100644	blob	fac96b550e4904fe942d87a882e3359ce778cfec	100644	blob	fac96b550e4904fe942d87a882e3359ce778cfec
identical	source/systemUtils.py	100644	blob	b89084409c09a66ddc68ace271102a1e11a1d34e	100644	blob	b89084409c09a66ddc68ace271102a1e11a1d34e
identical	source/tableUtils.py	100644	blob	36561b381e23da073e64b2300106011791297e49	100644	blob	36561b381e23da073e64b2300106011791297e49
identical	source/tactile/__init__.py	100644	blob	9a40e0f7aee8df4d5f97774051892e6f7bf1887d	100644	blob	9a40e0f7aee8df4d5f97774051892e6f7bf1887d
identical	source/tactile/braille.py	100644	blob	c74f93e80620f8203998e2926bc683982f80f5d0	100644	blob	c74f93e80620f8203998e2926bc683982f80f5d0
identical	source/textInfos/__init__.py	100755	blob	8cf5627240a1016a357af622f6739dbaa18d9790	100755	blob	8cf5627240a1016a357af622f6739dbaa18d9790
identical	source/textInfos/offsets.py	100755	blob	65901f8086fdc4e65cd26f04013419379e9c73f3	100755	blob	65901f8086fdc4e65cd26f04013419379e9c73f3
identical	source/textUtils/__init__.py	100644	blob	2b52add710ead8f7228eb95ad9c408579eeb5f31	100644	blob	2b52add710ead8f7228eb95ad9c408579eeb5f31
identical	source/textUtils/_braille.py	100644	blob	4e2c9e18751166ea7db2facce761ae2d94687217	100644	blob	4e2c9e18751166ea7db2facce761ae2d94687217
identical	source/textUtils/_wordSeg/__init__.py	100644	blob	6c93742e8cd414cafbc179a16b65e158a8494022	100644	blob	6c93742e8cd414cafbc179a16b65e158a8494022
identical	source/textUtils/_wordSeg/wordSegStrategy.py	100644	blob	fcaed1a8581b7580ddf7cd4af2ff537807c9fc9a	100644	blob	fcaed1a8581b7580ddf7cd4af2ff537807c9fc9a
identical	source/textUtils/_wordSeg/wordSegUtils.py	100644	blob	d150d8d92c1e9d9f03a11746fa1db820cafd88a7	100644	blob	d150d8d92c1e9d9f03a11746fa1db820cafd88a7
identical	source/textUtils/_wordSeg/wordSegmenter.py	100644	blob	fe46a2e186867cd351df1c8a3dbcaa1ca25bcd4a	100644	blob	fe46a2e186867cd351df1c8a3dbcaa1ca25bcd4a
identical	source/textUtils/hyphenation.py	100644	blob	9639404e624da7fb182ab9418866eb41835d4a3f	100644	blob	9639404e624da7fb182ab9418866eb41835d4a3f
identical	source/textUtils/icu.py	100644	blob	644ba1c98fabfac66e2e5dd85a2444dca72823aa	100644	blob	644ba1c98fabfac66e2e5dd85a2444dca72823aa
identical	source/textUtils/segFlag.py	100644	blob	ceb42757fb95ebc4e98f23cd3be38e0e525c75cf	100644	blob	ceb42757fb95ebc4e98f23cd3be38e0e525c75cf
identical	source/textUtils/uniscribe.py	100644	blob	eda03a71140aaeb5673e458fc399c664f12f5dad	100644	blob	eda03a71140aaeb5673e458fc399c664f12f5dad
identical	source/tones.py	100644	blob	4346165e6971007da38c1d20f27ed39a928e3bc8	100644	blob	4346165e6971007da38c1d20f27ed39a928e3bc8
identical	source/touchHandler.py	100644	blob	68c5fdb6afbf908f5618cc25241978e1568b924a	100644	blob	68c5fdb6afbf908f5618cc25241978e1568b924a
identical	source/touchTracker.py	100644	blob	b44ccd23f4b1ffc0361142ba1338893bb5f97312	100644	blob	b44ccd23f4b1ffc0361142ba1338893bb5f97312
identical	source/treeInterceptorHandler.py	100644	blob	f27274940f281c37389962d8c56019c7d5dc37d8	100644	blob	f27274940f281c37389962d8c56019c7d5dc37d8
identical	source/ui.py	100644	blob	4470243e3b88c771a02f2310cefe68a116a5e57e	100644	blob	4470243e3b88c771a02f2310cefe68a116a5e57e
identical	source/updateCheck.py	100644	blob	de493e0c495eb6a451ce4c7bd314ac6bf3cc9629	100644	blob	de493e0c495eb6a451ce4c7bd314ac6bf3cc9629
identical	source/utils/__init__.py	100644	blob	e69de29bb2d1d6434b8b29ae775ad8c2e48c5391	100644	blob	e69de29bb2d1d6434b8b29ae775ad8c2e48c5391
identical	source/utils/_crashHandler.py	100644	blob	4ce7badb7f94e32841d94981359ccdd8f84235b2	100644	blob	4ce7badb7f94e32841d94981359ccdd8f84235b2
identical	source/utils/_deprecate.py	100644	blob	b5e01ac21d66037f76967eb7df549eac31459cf7	100644	blob	b5e01ac21d66037f76967eb7df549eac31459cf7
identical	source/utils/blockUntilConditionMet.py	100644	blob	e25b30fe34d613b57885e715437921e2aafd73b4	100644	blob	e25b30fe34d613b57885e715437921e2aafd73b4
identical	source/utils/caseInsensitiveCollections.py	100644	blob	de07f894b07b887577716c2746cde5d724a5e2bb	100644	blob	de07f894b07b887577716c2746cde5d724a5e2bb
identical	source/utils/debounce.py	100644	blob	cdd45802bf988c0e7a268273ff98b029abc445be	100644	blob	cdd45802bf988c0e7a268273ff98b029abc445be
identical	source/utils/displayString.py	100644	blob	4328648a5ca37f2a6fd15419fb88d1e87cac109d	100644	blob	4328648a5ca37f2a6fd15419fb88d1e87cac109d
identical	source/utils/localisation.py	100644	blob	79a5e60da1fd203f449865e0f32390cf9570bfba	100644	blob	79a5e60da1fd203f449865e0f32390cf9570bfba
identical	source/utils/mmdevice.py	100644	blob	27dd4c30906bdd56ff45e1d8a34d8767f454c8e0	100644	blob	27dd4c30906bdd56ff45e1d8a34d8767f454c8e0
identical	source/utils/raii.py	100644	blob	9b0b644201027fbe3553ceb680e3820b16cc4733	100644	blob	9b0b644201027fbe3553ceb680e3820b16cc4733
identical	source/utils/schedule.py	100644	blob	7a9d6ad759ba12d1df49768862ac4412e25e54a6	100644	blob	7a9d6ad759ba12d1df49768862ac4412e25e54a6
identical	source/utils/security.py	100644	blob	86e6141eb5ddf59b9e93c1dde1928e501b5e675b	100644	blob	86e6141eb5ddf59b9e93c1dde1928e501b5e675b
identical	source/utils/tempFile.py	100644	blob	037d26e3ed04579d13f4553951e1b5b465e2bf10	100644	blob	037d26e3ed04579d13f4553951e1b5b465e2bf10
identical	source/utils/urlUtils.py	100644	blob	a15128813244dbb7a39dc483144647989d5887e9	100644	blob	a15128813244dbb7a39dc483144647989d5887e9
identical	source/versionInfo.py	100644	blob	9bf3a9c0b91b5a3caa48af5d50472ba45ffbac8e	100644	blob	9bf3a9c0b91b5a3caa48af5d50472ba45ffbac8e
identical	source/virtualBuffers/MSHTML.py	100644	blob	855b444e1e6a2f14582ed2310cbcdac4f720f39a	100644	blob	855b444e1e6a2f14582ed2310cbcdac4f720f39a
identical	source/virtualBuffers/__init__.py	100644	blob	e788ee6065855e263e7580fbb67f5781f0120578	100644	blob	e788ee6065855e263e7580fbb67f5781f0120578
identical	source/virtualBuffers/adobeAcrobat.py	100644	blob	c8ccd8d7aec5ae0a8a856bec37ba2b4a5f691050	100644	blob	c8ccd8d7aec5ae0a8a856bec37ba2b4a5f691050
identical	source/virtualBuffers/gecko_ia2.py	100755	blob	854a8b435079e6937efe84a72dfe5c8fe14518ff	100755	blob	854a8b435079e6937efe84a72dfe5c8fe14518ff
identical	source/virtualBuffers/lotusNotes.py	100644	blob	72bf95020e95a0304bdcf740ae5e57fd897da24e	100644	blob	72bf95020e95a0304bdcf740ae5e57fd897da24e
identical	source/virtualBuffers/webKit.py	100644	blob	3b46db80c67ce33bebedb217bceac3063e6aa0a3	100644	blob	3b46db80c67ce33bebedb217bceac3063e6aa0a3
identical	source/vision/__init__.py	100644	blob	8cf9219bd8ea93e72227306685cc269e638094e0	100644	blob	8cf9219bd8ea93e72227306685cc269e638094e0
identical	source/vision/constants.py	100644	blob	f9e6a66365a1d9044457f33fdd808c440e16148d	100644	blob	f9e6a66365a1d9044457f33fdd808c440e16148d
identical	source/vision/exceptions.py	100644	blob	7b8f4226dbd798ca4770fc7332bca44e46e40d0e	100644	blob	7b8f4226dbd798ca4770fc7332bca44e46e40d0e
identical	source/vision/providerBase.py	100644	blob	e3b13674867779d9c66cafd5033fa227878d44e4	100644	blob	e3b13674867779d9c66cafd5033fa227878d44e4
identical	source/vision/providerInfo.py	100644	blob	51be609400da4fe48df0620b9f4916d24edc6604	100644	blob	51be609400da4fe48df0620b9f4916d24edc6604
identical	source/vision/util.py	100644	blob	5028f1dbedfbfbc90c199f0b32b5890ab1b458ed	100644	blob	5028f1dbedfbfbc90c199f0b32b5890ab1b458ed
identical	source/vision/visionHandler.py	100644	blob	fbb4ddde9ca47bdc411c1587a675d122d3ce6c0c	100644	blob	fbb4ddde9ca47bdc411c1587a675d122d3ce6c0c
identical	source/vision/visionHandlerExtensionPoints.py	100644	blob	e047ce9258e09dd456c7fda13f5756f93e963bee	100644	blob	e047ce9258e09dd456c7fda13f5756f93e963bee
identical	source/visionEnhancementProviders/NVDAHighlighter.py	100644	blob	f878bde1f61c31a543913d046f3ee09335e08ce2	100644	blob	f878bde1f61c31a543913d046f3ee09335e08ce2
identical	source/visionEnhancementProviders/__init__.py	100644	blob	e69de29bb2d1d6434b8b29ae775ad8c2e48c5391	100644	blob	e69de29bb2d1d6434b8b29ae775ad8c2e48c5391
identical	source/visionEnhancementProviders/_exampleProvider_autoGui.py	100644	blob	d066a3f7f63acd435d16f51acf9b8aa6101610ce	100644	blob	d066a3f7f63acd435d16f51acf9b8aa6101610ce
identical	source/visionEnhancementProviders/readme.md	100644	blob	69e2a181a11b93a30a2be78133524c4b118330ef	100644	blob	69e2a181a11b93a30a2be78133524c4b118330ef
identical	source/vkCodes.py	100755	blob	9de13d192fc7fe445049844e058f071d02f32e29	100755	blob	9de13d192fc7fe445049844e058f071d02f32e29
identical	source/wasapi.py	100644	blob	1836072d3ecfbddcfdbe12e78947217401827baa	100644	blob	1836072d3ecfbddcfdbe12e78947217401827baa
identical	source/watchdog.py	100644	blob	f61dbe93355340e80c0798d7e4fde55ecf90abc5	100644	blob	f61dbe93355340e80c0798d7e4fde55ecf90abc5
identical	source/waves/browseMode.wav	100644	blob	08a0e83d8a291a271cf2b090bb86a5a731c3ed34	100644	blob	08a0e83d8a291a271cf2b090bb86a5a731c3ed34
identical	source/waves/clipboardPush.wav	100644	blob	6274d987e56c82a40233f3c364c50eda97e898a1	100644	blob	6274d987e56c82a40233f3c364c50eda97e898a1
identical	source/waves/clipboardReceive.wav	100644	blob	3fa7247820274cdd95d0cc06ed1faeee143f900e	100644	blob	3fa7247820274cdd95d0cc06ed1faeee143f900e
identical	source/waves/connected.wav	100644	blob	d613e352df1bc726dec0c45bcfc77c1360bbc6b5	100644	blob	d613e352df1bc726dec0c45bcfc77c1360bbc6b5
identical	source/waves/controlled.wav	100644	blob	99838e94f77b0ff0609dae2af7fb3bb34afe86e0	100644	blob	99838e94f77b0ff0609dae2af7fb3bb34afe86e0
identical	source/waves/controlling.wav	100644	blob	a0999ecb99dc6744977e71a6f9c7e86b8dbf1f5c	100644	blob	a0999ecb99dc6744977e71a6f9c7e86b8dbf1f5c
identical	source/waves/disconnected.wav	100644	blob	1b7ba96cde6d7f7e9fdb94e3aafc51e0b9687f5b	100644	blob	1b7ba96cde6d7f7e9fdb94e3aafc51e0b9687f5b
identical	source/waves/error.wav	100644	blob	1b8c7d6fe915355243d6b2e013a0bf2d8d3da81c	100644	blob	1b8c7d6fe915355243d6b2e013a0bf2d8d3da81c
identical	source/waves/exit.wav	100644	blob	304c8da3af525455f3ca7b40040ca4ba933979c0	100644	blob	304c8da3af525455f3ca7b40040ca4ba933979c0
identical	source/waves/focusMode.wav	100644	blob	d4c098122e602a3949c2ac090698aa86c208dcda	100644	blob	d4c098122e602a3949c2ac090698aa86c208dcda
identical	source/waves/screenCurtainOff.wav	100644	blob	a390ad0145f04e03224f6797f79e84f4b152df3c	100644	blob	a390ad0145f04e03224f6797f79e84f4b152df3c
identical	source/waves/screenCurtainOn.wav	100644	blob	2b67114f277ae0fb22c35b56738d4150674955e9	100644	blob	2b67114f277ae0fb22c35b56738d4150674955e9
identical	source/waves/start.wav	100644	blob	5dee5029f296b41f8f233c39ef30547aa8879980	100644	blob	5dee5029f296b41f8f233c39ef30547aa8879980
identical	source/waves/suggestionsClosed.wav	100644	blob	ba8debb1ec279a9391f394ecf2155192a0e660e6	100644	blob	ba8debb1ec279a9391f394ecf2155192a0e660e6
identical	source/waves/suggestionsOpened.wav	100644	blob	c21176ed16e9558239a346f41fdf3e179f9a07b7	100644	blob	c21176ed16e9558239a346f41fdf3e179f9a07b7
identical	source/waves/textError.wav	100644	blob	bd1cf133e8b05a0f97f4059718962786a5587a8f	100644	blob	bd1cf133e8b05a0f97f4059718962786a5587a8f
identical	source/winAPI/__init__.py	100644	blob	05d219f45a59e633f53799c29025368d23b4bd3d	100644	blob	05d219f45a59e633f53799c29025368d23b4bd3d
identical	source/winAPI/_displayTracking.py	100644	blob	59ce073f3c5cae762e1094f58e67514d54fc010a	100644	blob	59ce073f3c5cae762e1094f58e67514d54fc010a
identical	source/winAPI/_powerTracking.py	100644	blob	0e76e71e833d5911598793f4066b73d26f7a9a81	100644	blob	0e76e71e833d5911598793f4066b73d26f7a9a81
identical	source/winAPI/_wtsApi32.py	100644	blob	2ac343660988a60d7eb9a41d9e6bb3b219d83322	100644	blob	2ac343660988a60d7eb9a41d9e6bb3b219d83322
identical	source/winAPI/constants.py	100644	blob	5a228a82192491ce7d883802dff3f618f6df5a92	100644	blob	5a228a82192491ce7d883802dff3f618f6df5a92
identical	source/winAPI/dpiAwareness.py	100644	blob	65c75fc3ec14d7388710207a90226c638242b20e	100644	blob	65c75fc3ec14d7388710207a90226c638242b20e
identical	source/winAPI/messageWindow.py	100644	blob	3c4c40b30b2228b3554125b08d8c43162fe09bba	100644	blob	3c4c40b30b2228b3554125b08d8c43162fe09bba
identical	source/winAPI/secureDesktop.py	100644	blob	36612f8c060870bcbbf89279a05fc52522099baf	100644	blob	36612f8c060870bcbbf89279a05fc52522099baf
identical	source/winAPI/sessionTracking.py	100644	blob	99a0545e5a87647c06a0a9f4384f03370529bb10	100644	blob	99a0545e5a87647c06a0a9f4384f03370529bb10
identical	source/winAPI/types.py	100644	blob	25eb1dc41cd56e31dce365d042f167091e497e2d	100644	blob	25eb1dc41cd56e31dce365d042f167091e497e2d
identical	source/winAPI/winUser/__init__.py	100644	blob	05d219f45a59e633f53799c29025368d23b4bd3d	100644	blob	05d219f45a59e633f53799c29025368d23b4bd3d
identical	source/winAPI/winUser/constants.py	100644	blob	88ed6021c328e69eee48bd75ccfaf5260342bd3f	100644	blob	88ed6021c328e69eee48bd75ccfaf5260342bd3f
identical	source/winAPI/winUser/functions.py	100644	blob	ce67a21fb2657c7705df15df2422024784c58038	100644	blob	ce67a21fb2657c7705df15df2422024784c58038
identical	source/winBindings/__init__.py	100644	blob	8330aa4e68389316d0ddc0fd29160ac31b4e672c	100644	blob	8330aa4e68389316d0ddc0fd29160ac31b4e672c
identical	source/winBindings/advapi32.py	100644	blob	2bb6363573aa85b1a9233d78898b1d1298a8167b	100644	blob	2bb6363573aa85b1a9233d78898b1d1298a8167b
identical	source/winBindings/bthprops.py	100644	blob	89349e83b64ebe21b12ac0f111acd70da9cb433a	100644	blob	89349e83b64ebe21b12ac0f111acd70da9cb433a
identical	source/winBindings/cfgmgr32.py	100644	blob	faf7d36eb09ab93fe228b78d19c34d9ab1103c18	100644	blob	faf7d36eb09ab93fe228b78d19c34d9ab1103c18
identical	source/winBindings/commCtrl.py	100644	blob	fcb71720c2f5419f35b8317b3cd8f29792472cfd	100644	blob	fcb71720c2f5419f35b8317b3cd8f29792472cfd
identical	source/winBindings/crypt32.py	100644	blob	63bd4bad85279f410c9d956d843cedffe01abb55	100644	blob	63bd4bad85279f410c9d956d843cedffe01abb55
identical	source/winBindings/dbgHelp.py	100644	blob	e93f558afa52bfe585b0f411ac2fbb9aea7be4ca	100644	blob	e93f558afa52bfe585b0f411ac2fbb9aea7be4ca
identical	source/winBindings/gdi32.py	100644	blob	f5d3b913e2d44ca6a57a5aa457698fb4f89f5bbf	100644	blob	f5d3b913e2d44ca6a57a5aa457698fb4f89f5bbf
identical	source/winBindings/gdiplus.py	100644	blob	97606d27f3542fbca6ccb64feee63854c5e87ab4	100644	blob	97606d27f3542fbca6ccb64feee63854c5e87ab4
identical	source/winBindings/hid.py	100644	blob	e73c9a1717895c2c3edf4c9b4f212813921147d0	100644	blob	e73c9a1717895c2c3edf4c9b4f212813921147d0
identical	source/winBindings/icu.py	100644	blob	2ec8b138c96f2dfa6c33469ab6f08e7ac45eeabf	100644	blob	2ec8b138c96f2dfa6c33469ab6f08e7ac45eeabf
identical	source/winBindings/jobapi2.py	100644	blob	4434e200f432c6fbb56c77eb6999f6f24ad1ad7a	100644	blob	4434e200f432c6fbb56c77eb6999f6f24ad1ad7a
identical	source/winBindings/kernel32.py	100644	blob	44bc1a2f64ed7428d4992e2e52afc6b0743be67b	100644	blob	44bc1a2f64ed7428d4992e2e52afc6b0743be67b
identical	source/winBindings/magnification.py	100644	blob	cbfa59699b0fce2482807fc215ab66f43d232381	100644	blob	cbfa59699b0fce2482807fc215ab66f43d232381
identical	source/winBindings/mmeapi.py	100644	blob	488d99c42f907055716679de99b14ced676cd947	100644	blob	488d99c42f907055716679de99b14ced676cd947
identical	source/winBindings/mshtml.py	100644	blob	990d23562b36443f25771307395845aeac11d0b5	100644	blob	990d23562b36443f25771307395845aeac11d0b5
identical	source/winBindings/ole32.py	100644	blob	60e57078023e05b6fb6209761280df5d078cd9ad	100644	blob	60e57078023e05b6fb6209761280df5d078cd9ad
identical	source/winBindings/oleacc.py	100644	blob	0ec00e9539058b6eb796688d58f61e0a61ae56e2	100644	blob	0ec00e9539058b6eb796688d58f61e0a61ae56e2
identical	source/winBindings/oleaut32.py	100644	blob	30aa36cbec47a384f0e8672c8ef3945854f0eca5	100644	blob	30aa36cbec47a384f0e8672c8ef3945854f0eca5
identical	source/winBindings/rpcrt4.py	100644	blob	4a69c52a17b1c13d8bddcc7b357679e9e41a52d2	100644	blob	4a69c52a17b1c13d8bddcc7b357679e9e41a52d2
identical	source/winBindings/sas.py	100644	blob	d3f41575a4936e86487b11050c50c5abb7bc13ea	100644	blob	d3f41575a4936e86487b11050c50c5abb7bc13ea
identical	source/winBindings/setupapi.py	100644	blob	eb97a9eda673d1ce5aa7fd175e2d09181bb21664	100644	blob	eb97a9eda673d1ce5aa7fd175e2d09181bb21664
identical	source/winBindings/shcore.py	100644	blob	3055eef7259bf1e3c17bbe2969446da77cda1403	100644	blob	3055eef7259bf1e3c17bbe2969446da77cda1403
identical	source/winBindings/shell32.py	100644	blob	8081e45849469284409ac26be96baec8b492fbf4	100644	blob	8081e45849469284409ac26be96baec8b492fbf4
identical	source/winBindings/shlwapi.py	100644	blob	7e625652eeae9ee6531272b5aac6a8609ac8a9f7	100644	blob	7e625652eeae9ee6531272b5aac6a8609ac8a9f7
identical	source/winBindings/uiAutomationCore.py	100644	blob	444d12e9813bf6ebeb3d83ce3e376c103b1c03fa	100644	blob	444d12e9813bf6ebeb3d83ce3e376c103b1c03fa
identical	source/winBindings/urlmon.py	100644	blob	087ce2d1ec22d1552b8bb449c7b3081d596ffa14	100644	blob	087ce2d1ec22d1552b8bb449c7b3081d596ffa14
identical	source/winBindings/user32.py	100644	blob	448d4247b744962b0ec9262f9372202d0b55c656	100644	blob	448d4247b744962b0ec9262f9372202d0b55c656
identical	source/winBindings/version.py	100644	blob	43f1e3e150f90addaaacb65610bc08d44b2bc56e	100644	blob	43f1e3e150f90addaaacb65610bc08d44b2bc56e
identical	source/winBindings/winmm.py	100644	blob	0538a41319f69d1a52755a5ddac5840bd748dad7	100644	blob	0538a41319f69d1a52755a5ddac5840bd748dad7
identical	source/winBindings/winusb.py	100644	blob	ddd899d5e7fdc5e491cfd984c0922fa3d95e2620	100644	blob	ddd899d5e7fdc5e491cfd984c0922fa3d95e2620
identical	source/winBindings/wtsapi32.py	100644	blob	d33bbbc066930f3055fc99e7b133bd23f06784fe	100644	blob	d33bbbc066930f3055fc99e7b133bd23f06784fe
identical	source/winConsoleHandler.py	100755	blob	70d23123281e785a0758757226e96e30dc41a4b8	100755	blob	70d23123281e785a0758757226e96e30dc41a4b8
identical	source/winGDI.py	100644	blob	d4e84ef5245194dad0b28ba4735785089988c602	100644	blob	d4e84ef5245194dad0b28ba4735785089988c602
identical	source/winInputHook.py	100755	blob	3f1bb1c721de31260d21b6df7c6a782dec30fbb8	100755	blob	3f1bb1c721de31260d21b6df7c6a782dec30fbb8
identical	source/winKernel.py	100644	blob	265335ae5218b8940ed873359a9b89660193bc08	100644	blob	265335ae5218b8940ed873359a9b89660193bc08
identical	source/winUser.py	100644	blob	3ac21120da41a9585c5a902323d1250d76f87d80	100644	blob	3ac21120da41a9585c5a902323d1250d76f87d80
identical	source/winVersion.py	100644	blob	025db0a1565c288542bd500de2ddb1412a635e87	100644	blob	025db0a1565c288542bd500de2ddb1412a635e87
identical	source/wincon.py	100755	blob	fab0243a0b810eec90fd22a33d580f8682da644f	100755	blob	fab0243a0b810eec90fd22a33d580f8682da644f
identical	source/windowUtils.py	100644	blob	e63328075f9efa4e730edd7f912b628010bb8361	100644	blob	e63328075f9efa4e730edd7f912b628010bb8361
identical	tests/__init__.py	100644	blob	e69de29bb2d1d6434b8b29ae775ad8c2e48c5391	100644	blob	e69de29bb2d1d6434b8b29ae775ad8c2e48c5391
identical	tests/checkPot.py	100644	blob	035419d5045ef18b75b0eea4890a81cae68fe5d3	100644	blob	035419d5045ef18b75b0eea4890a81cae68fe5d3
identical	tests/manual/README.md	100644	blob	e5363df153413cc815fac729d962a3167337ea54	100644	blob	e5363df153413cc815fac729d962a3167337ea54
identical	tests/manual/applications/IDEs/vsCodium.md	100644	blob	45cc0183c91204d459ac9dd1ffc0ca58dccbc533	100644	blob	45cc0183c91204d459ac9dd1ffc0ca58dccbc533
identical	tests/manual/hardware/hardwareSupport.md	100644	blob	2c7235ea869aefd3a7ad00de6e901e240932c7bf	100644	blob	2c7235ea869aefd3a7ad00de6e901e240932c7bf
identical	tests/manual/hardware/updatingTo64bit.md	100644	blob	b839550176787c5d441509d0130aebec8a4b5b33	100644	blob	b839550176787c5d441509d0130aebec8a4b5b33
identical	tests/manual/nvdaUI/addonStore.md	100644	blob	eb5a62c332e5f0a8de4db9cf3549e7b45169e881	100644	blob	eb5a62c332e5f0a8de4db9cf3549e7b45169e881
identical	tests/manual/nvdaUI/createUpdatableAddons.ps1	100644	blob	a5206c2519052fb0838e6b1bbed4fe7ce37d5feb	100644	blob	a5206c2519052fb0838e6b1bbed4fe7ce37d5feb
identical	tests/manual/nvdaUI/remote.md	100644	blob	4701476c07d97f3fec258f3139998d2aa8d112bd	100644	blob	4701476c07d97f3fec258f3139998d2aa8d112bd
identical	tests/manual/nvdaUI/startupShutdown.md	100644	blob	9b18be96259cff6d152adc5f1d370c2baa295801	100644	blob	9b18be96259cff6d152adc5f1d370c2baa295801
identical	tests/markdownTranslate/en_2024.2_userGuide.md	100644	blob	f3f4e9658f2b015b0d8582746ef9e35dd0eddcc0	100644	blob	f3f4e9658f2b015b0d8582746ef9e35dd0eddcc0
identical	tests/markdownTranslate/en_2024.3beta6_userGuide.md	100644	blob	22c73eb4e8d1b11bda9ab5bc82b952175e00a263	100644	blob	22c73eb4e8d1b11bda9ab5bc82b952175e00a263
identical	tests/markdownTranslate/fr_pretranslated_2024.2_userGuide.md	100644	blob	7e1de5fe3c38105b9697bd3405c387bbef3c5a01	100644	blob	7e1de5fe3c38105b9697bd3405c387bbef3c5a01
identical	tests/markdownTranslate/fr_pretranslated_2024.3beta6_userGuide.md	100644	blob	d8c74a5d03110d6bd945d7604d3adb9dfe30133a	100644	blob	d8c74a5d03110d6bd945d7604d3adb9dfe30133a
identical	tests/markdownTranslate/markdownlint_inlineComments.md	100644	blob	8cab12993b328b2732d6746d057fa4b6ccf4e8b4	100644	blob	8cab12993b328b2732d6746d057fa4b6ccf4e8b4
identical	tests/system/.gitignore	100644	blob	de6acfd939198abd822837731c56e5c8ea8d0150	100644	blob	de6acfd939198abd822837731c56e5c8ea8d0150
identical	tests/system/guiDiff.robot	100644	blob	3c6e84d247b7f9ebac3f78b4a2d830d0b3a14342	100644	blob	3c6e84d247b7f9ebac3f78b4a2d830d0b3a14342
identical	tests/system/libraries/AssertsLib.py	100644	blob	6708b4599ac995cfe04edeb897567d48c831acc3	100644	blob	6708b4599ac995cfe04edeb897567d48c831acc3
modified	tests/system/libraries/ChromeLib.py	100644	blob	8c9ff7e0e606dd8e2fff3de8044aa40753073b2e	100644	blob	af23ae0c08e081037b640f40edb06b5eec734b0b
modified	tests/system/libraries/NotepadLib.py	100644	blob	9340b46e09a1d072af39a5237240a004f1fbd456	100644	blob	81eee0d8ec1b7da298faec1ade15d34b3aaf4796
modified	tests/system/libraries/NvdaLib.py	100644	blob	460cd7a2185285f0a16dfc30b1213d22b362c7e3	100644	blob	6fa805da8ec19283d0ea58d45f2d24c454d2f01d
identical	tests/system/libraries/SystemTestSpy/__init__.py	100644	blob	4fd5700d5e95936d4eca8f7e5668bf7283a90ff5	100644	blob	4fd5700d5e95936d4eca8f7e5668bf7283a90ff5
identical	tests/system/libraries/SystemTestSpy/blockUntilConditionMet.py	100644	blob	fe95d527e9ef9c7106ba48e51f7004b9a188f747	100644	blob	fe95d527e9ef9c7106ba48e51f7004b9a188f747
identical	tests/system/libraries/SystemTestSpy/configManager.py	100644	blob	669f3b00b75cb01611b154997a8b52b8227c5c71	100644	blob	669f3b00b75cb01611b154997a8b52b8227c5c71
identical	tests/system/libraries/SystemTestSpy/getLib.py	100644	blob	f3cf08e115f512c471045d273f42a06079b85704	100644	blob	f3cf08e115f512c471045d273f42a06079b85704
identical	tests/system/libraries/SystemTestSpy/speechSpyGlobalPlugin.py	100644	blob	48b6bfaa889050e9e0a8ce7efd684d7c98f783bd	100644	blob	48b6bfaa889050e9e0a8ce7efd684d7c98f783bd
identical	tests/system/libraries/SystemTestSpy/speechSpySynthDriver.py	100644	blob	994865f480671d1037ff8e2526063e5df74592a3	100644	blob	994865f480671d1037ff8e2526063e5df74592a3
identical	tests/system/libraries/SystemTestSpy/windows.py	100644	blob	5fd2295f28cee85efa9baa012d502e346d459144	100644	blob	5fd2295f28cee85efa9baa012d502e346d459144
identical	tests/system/libraries/VSCodeLib.py	100644	blob	66564164fc93fba9e84cc3e705917e7151cb1b50	100644	blob	66564164fc93fba9e84cc3e705917e7151cb1b50
identical	tests/system/libraries/WindowsLib.py	100644	blob	538864c2adc83b916e9c2b79a73d0546d59a3594	100644	blob	538864c2adc83b916e9c2b79a73d0546d59a3594
identical	tests/system/libraries/_chromeArgs.py	100644	blob	0f9c01f1f393957cc7344c15fc30a29eaa6c9545	100644	blob	0f9c01f1f393957cc7344c15fc30a29eaa6c9545
identical	tests/system/nvdaSettingsFiles/browseableMessage-gestures.ini	100644	blob	ee6182804195cddbd5ae24415ba1e78b605261ea	100644	blob	ee6182804195cddbd5ae24415ba1e78b605261ea
identical	tests/system/nvdaSettingsFiles/standard-doShowWelcomeDialog.ini	100644	blob	a0b212461174ee92a6844d5147de2466ca1345dd	100644	blob	a0b212461174ee92a6844d5147de2466ca1345dd
identical	tests/system/nvdaSettingsFiles/standard-dontShowExitDialog.ini	100644	blob	04b3cb6bbd65fb954029595abae82401ee9e9679	100644	blob	04b3cb6bbd65fb954029595abae82401ee9e9679
identical	tests/system/nvdaSettingsFiles/standard-dontShowWelcomeDialog.ini	100644	blob	c259ecf3a89c0885b82b8f04817eb28a52f777ba	100644	blob	c259ecf3a89c0885b82b8f04817eb28a52f777ba
identical	tests/system/readme.md	100644	blob	7a42f09714184bb972553670ca6c089d39b8322c	100644	blob	7a42f09714184bb972553670ca6c089d39b8322c
identical	tests/system/robot/NVDAInstaller.py	100644	blob	a9969ec1084f1eec3f21310093ac02e1c2624f7c	100644	blob	a9969ec1084f1eec3f21310093ac02e1c2624f7c
identical	tests/system/robot/NVDAInstaller.robot	100644	blob	4748515b91d45998cf339c7e8ff35a2659a29e5b	100644	blob	4748515b91d45998cf339c7e8ff35a2659a29e5b
identical	tests/system/robot/NVDASettings.py	100644	blob	5b4a1ea445a867bdc9a284c4785e82285035ba5a	100644	blob	5b4a1ea445a867bdc9a284c4785e82285035ba5a
identical	tests/system/robot/NVDASettings.robot	100644	blob	354485956ea47ca8376550911f1bd94a5b13c918	100644	blob	354485956ea47ca8376550911f1bd94a5b13c918
identical	tests/system/robot/browseableMessageTests.py	100644	blob	28642cac556feb562e036710f24986164d567d7b	100644	blob	28642cac556feb562e036710f24986164d567d7b
identical	tests/system/robot/browseableMessageTests.robot	100644	blob	eecbdbb82100db01074b8f9e5d099781d8e8e97e	100644	blob	eecbdbb82100db01074b8f9e5d099781d8e8e97e
identical	tests/system/robot/chromeTests.py	100644	blob	9ec9898c4915c57495761946bded60a4c27fc15a	100644	blob	9ec9898c4915c57495761946bded60a4c27fc15a
identical	tests/system/robot/chromeTests.robot	100644	blob	87c4dcd02113352ae0baea702d750db94881bb0b	100644	blob	87c4dcd02113352ae0baea702d750db94881bb0b
identical	tests/system/robot/l10nTests.py	100644	blob	27345bfe4bc2111a646e17fa23bbfd87b830627b	100644	blob	27345bfe4bc2111a646e17fa23bbfd87b830627b
identical	tests/system/robot/l10nTests.robot	100644	blob	ef2e9a294a708ea1e8bc7c57685ecb1be88b7051	100644	blob	ef2e9a294a708ea1e8bc7c57685ecb1be88b7051
identical	tests/system/robot/startupShutdownNVDA.py	100644	blob	9190b18070a7dd109500aabb42853f63830f1090	100644	blob	9190b18070a7dd109500aabb42853f63830f1090
identical	tests/system/robot/startupShutdownNVDA.robot	100644	blob	8a6425377b7b9497792dffa1c4d0bb013d91bafa	100644	blob	8a6425377b7b9497792dffa1c4d0bb013d91bafa
identical	tests/system/robot/symbolPronunciationTests.py	100644	blob	fb9df063aaba760fd18d38df4150b2918a916166	100644	blob	fb9df063aaba760fd18d38df4150b2918a916166
identical	tests/system/robot/symbolPronunciationTests.robot	100644	blob	d35ec135616a4e97fa1c48defd25f0c02253dc22	100644	blob	d35ec135616a4e97fa1c48defd25f0c02253dc22
identical	tests/system/robot/vscodeTests.py	100644	blob	7a799e1aa8de793eec7529ce234a1ae29a63c5b9	100644	blob	7a799e1aa8de793eec7529ce234a1ae29a63c5b9
identical	tests/system/robot/vscodeTests.robot	100644	blob	452a80089e96d2e83eda39f36ded75b418892fc6	100644	blob	452a80089e96d2e83eda39f36ded75b418892fc6
identical	tests/system/robotArgs.robot	100644	blob	3549b54dc52dc5c94bbbb1ce749e7a88118752c5	100644	blob	3549b54dc52dc5c94bbbb1ce749e7a88118752c5
identical	tests/unit/__init__.py	100644	blob	955ea10b4d07a16142503d09af91c3edf68a8137	100644	blob	955ea10b4d07a16142503d09af91c3edf68a8137
identical	tests/unit/brailleDisplayDrivers/__init__.py	100644	blob	19e039a3adf224e9043f8156326b2b98bb28fe70	100644	blob	19e039a3adf224e9043f8156326b2b98bb28fe70
identical	tests/unit/brailleDisplayDrivers/test_dotPad.py	100644	blob	e1f24d30b6b3ee7306fae4e420778e20f50f75b2	100644	blob	e1f24d30b6b3ee7306fae4e420778e20f50f75b2
identical	tests/unit/contentRecog/__init__.py	100644	blob	e69de29bb2d1d6434b8b29ae775ad8c2e48c5391	100644	blob	e69de29bb2d1d6434b8b29ae775ad8c2e48c5391
identical	tests/unit/contentRecog/test_contentRecog.py	100644	blob	8770b1a8524e30d9f1dd90b221dd58312d368d91	100644	blob	8770b1a8524e30d9f1dd90b221dd58312d368d91
identical	tests/unit/contentRecog/test_recogUi.py	100644	blob	6ef34a2a0b683be432370314689cf4dd2697b456	100644	blob	6ef34a2a0b683be432370314689cf4dd2697b456
identical	tests/unit/contentRecog/test_uwpOcr.py	100644	blob	87dfd84a97c195c195cc9b416cc2c6e2c6db761a	100644	blob	87dfd84a97c195c195cc9b416cc2c6e2c6db761a
identical	tests/unit/extensionPointTestHelpers.py	100644	blob	3604d791cb2768a0e0e487ac08e03b085f853518	100644	blob	3604d791cb2768a0e0e487ac08e03b085f853518
identical	tests/unit/objectProvider.py	100644	blob	5509b929196054083d8cbcb2f314ee50084e0f45	100644	blob	5509b929196054083d8cbcb2f314ee50084e0f45
identical	tests/unit/test_NVDAObjects_UIA.py	100644	blob	6a4c9a7d694be8ec31539e18f9daaa1a865bd77b	100644	blob	6a4c9a7d694be8ec31539e18f9daaa1a865bd77b
identical	tests/unit/test_SpeechWithoutPauses.py	100644	blob	d73fbac34a022c0798b53a1fcaff63a0e593cdd3	100644	blob	d73fbac34a022c0798b53a1fcaff63a0e593cdd3
identical	tests/unit/test_UIAHandler.py	100644	blob	40ccdb25b0777302c09583cbf1d3e5be586b8a58	100644	blob	40ccdb25b0777302c09583cbf1d3e5be586b8a58
identical	tests/unit/test_UIARemoteOps/__init__.py	100644	blob	e69de29bb2d1d6434b8b29ae775ad8c2e48c5391	100644	blob	e69de29bb2d1d6434b8b29ae775ad8c2e48c5391
identical	tests/unit/test_UIARemoteOps/test_highLevel/__init__.py	100644	blob	e69de29bb2d1d6434b8b29ae775ad8c2e48c5391	100644	blob	e69de29bb2d1d6434b8b29ae775ad8c2e48c5391
identical	tests/unit/test_UIARemoteOps/test_highLevel/test_bool.py	100644	blob	6c57cb93bd108ce432583c737c114301dd72ac8b	100644	blob	6c57cb93bd108ce432583c737c114301dd72ac8b
identical	tests/unit/test_UIARemoteOps/test_highLevel/test_cacheRequest.py	100644	blob	e6ec4746d6a507b54f556c44ae8c4045cfde22dd	100644	blob	e6ec4746d6a507b54f556c44ae8c4045cfde22dd
identical	tests/unit/test_UIARemoteOps/test_highLevel/test_element.py	100644	blob	168d6fa073fa99eba7579dc76e5f5372731ed290	100644	blob	168d6fa073fa99eba7579dc76e5f5372731ed290
identical	tests/unit/test_UIARemoteOps/test_highLevel/test_errorHandling.py	100644	blob	bdb01abb7ac55c65f2b4dc031bee79e31b2e2e5d	100644	blob	bdb01abb7ac55c65f2b4dc031bee79e31b2e2e5d
identical	tests/unit/test_UIARemoteOps/test_highLevel/test_float.py	100644	blob	2a0fac7e7912298413a24a5c44a9993b04dd2dbe	100644	blob	2a0fac7e7912298413a24a5c44a9993b04dd2dbe
identical	tests/unit/test_UIARemoteOps/test_highLevel/test_if.py	100644	blob	f87c6228052177cc15b2afaf3589d5a0dac053ae	100644	blob	f87c6228052177cc15b2afaf3589d5a0dac053ae
identical	tests/unit/test_UIARemoteOps/test_highLevel/test_instructionLimit.py	100644	blob	35298823e5e82d594d57696db17ecd56a937284f	100644	blob	35298823e5e82d594d57696db17ecd56a937284f
identical	tests/unit/test_UIARemoteOps/test_highLevel/test_int.py	100644	blob	b8414e82c740b2fd719c665de2fa5d51856f39bd	100644	blob	b8414e82c740b2fd719c665de2fa5d51856f39bd
identical	tests/unit/test_UIARemoteOps/test_highLevel/test_iterable.py	100644	blob	5d9641e83c98300df7114e951edf288ed8b4192e	100644	blob	5d9641e83c98300df7114e951edf288ed8b4192e
identical	tests/unit/test_UIARemoteOps/test_highLevel/test_numericComparison.py	100644	blob	0920c5e9a90cafa7da95a4f9e08d3684e0a2a399	100644	blob	0920c5e9a90cafa7da95a4f9e08d3684e0a2a399
identical	tests/unit/test_UIARemoteOps/test_highLevel/test_string.py	100644	blob	ee929191155899c261bf9d25651497b16018b42a	100644	blob	ee929191155899c261bf9d25651497b16018b42a
identical	tests/unit/test_UIARemoteOps/test_highLevel/test_while.py	100644	blob	8f73a62c5321948aa2282e4b4aa57ee77f2b5e13	100644	blob	8f73a62c5321948aa2282e4b4aa57ee77f2b5e13
identical	tests/unit/test_addonHandler/__init__.py	100644	blob	4c124346a7bb56d01861912048632144e52dfd9f	100644	blob	4c124346a7bb56d01861912048632144e52dfd9f
identical	tests/unit/test_addonHandler/test_addonImports.py	100644	blob	94da9840c13e56273ae21a4d190967b6e53150a5	100644	blob	94da9840c13e56273ae21a4d190967b6e53150a5
identical	tests/unit/test_addonHandler/test_addonsState.py	100644	blob	c0cb485672f715dff98b24a07b85a522aea9fe61	100644	blob	c0cb485672f715dff98b24a07b85a522aea9fe61
identical	tests/unit/test_addonStoreNetwork.py	100644	blob	f831f5458cbfd9da048a8edbb99ceb316aef9f49	100644	blob	f831f5458cbfd9da048a8edbb99ceb316aef9f49
modified	tests/unit/test_addonVersionCheck.py	100644	blob	c6380e5bd49ad8f5584b67410a192c640af41f0b	100644	blob	e9888daa8759d1287aa879f32d451fe22e4e09cc
identical	tests/unit/test_appModules/__init__.py	100644	blob	e69de29bb2d1d6434b8b29ae775ad8c2e48c5391	100644	blob	e69de29bb2d1d6434b8b29ae775ad8c2e48c5391
identical	tests/unit/test_appModules/test_foobar2000.py	100644	blob	a77507770d4f1ac04501c61ec304bd92846fd03a	100644	blob	a77507770d4f1ac04501c61ec304bd92846fd03a
identical	tests/unit/test_asyncioEventLoop.py	100644	blob	e70e0f445506356182c569812a6206147b49cd8b	100644	blob	e70e0f445506356182c569812a6206147b49cd8b
identical	tests/unit/test_baseObject.py	100644	blob	253b901c4f25bc924bb98efccc5d6fffec5b0279	100644	blob	253b901c4f25bc924bb98efccc5d6fffec5b0279
identical	tests/unit/test_bdDetect.py	100644	blob	100a0b04ea7199dda87e3ee7b4628bbda94fcab2	100644	blob	100a0b04ea7199dda87e3ee7b4628bbda94fcab2
identical	tests/unit/test_braille/__init__.py	100644	blob	e69de29bb2d1d6434b8b29ae775ad8c2e48c5391	100644	blob	e69de29bb2d1d6434b8b29ae775ad8c2e48c5391
identical	tests/unit/test_braille/test_brailleDisplayDrivers.py	100644	blob	7df2a57a9b67c80e49a9d8a3f4823f75690cd07a	100644	blob	7df2a57a9b67c80e49a9d8a3f4823f75690cd07a
identical	tests/unit/test_braille/test_calculateWindowRowBufferOffsets.py	100644	blob	7d9b22f6ca654ca69972e2b4bc4bea38d8511ed9	100644	blob	7d9b22f6ca654ca69972e2b4bc4bea38d8511ed9
identical	tests/unit/test_braille/test_displayTextForGestureIdentifier.py	100644	blob	b52a301d057e01c1ae8ab0ce16279eb2a33e00f0	100644	blob	b52a301d057e01c1ae8ab0ce16279eb2a33e00f0
identical	tests/unit/test_braille/test_focusContextPresentation.py	100644	blob	c6d6b419f723a7da3998a8f606a95513a843ff08	100644	blob	c6d6b419f723a7da3998a8f606a95513a843ff08
identical	tests/unit/test_braille/test_handlerExtensionPoints.py	100644	blob	6859b660bd4c912c023122a3f827c922a91cc075	100644	blob	6859b660bd4c912c023122a3f827c922a91cc075
identical	tests/unit/test_braille/test_normalizeCellArraySize.py	100644	blob	e3a6438639239d8f5046b87172227f1ac4be774e	100644	blob	e3a6438639239d8f5046b87172227f1ac4be774e
identical	tests/unit/test_braille/test_publicSurface.py	100644	blob	cd586a5c9552c14c821110f92cb544b2ad6a572c	100644	blob	cd586a5c9552c14c821110f92cb544b2ad6a572c
identical	tests/unit/test_braille/test_regionLanguageIndexes.py	100644	blob	6654e071d579bc300c89b3e697e4e153c2883a10	100644	blob	6654e071d579bc300c89b3e697e4e153c2883a10
identical	tests/unit/test_braille/test_routing.py	100644	blob	93735de8072c8c748736333ae1afcc38c346fe6f	100644	blob	93735de8072c8c748736333ae1afcc38c346fe6f
only_final	tests/unit/test_braille/test_secureDesktop.py	100644	blob	24da02cae188da1645e03a43091d91b0f4486b54			
identical	tests/unit/test_braille/test_windowBrailleCells.py	100644	blob	04c192794449f8aa22e8ab660b3261ae14e4c38a	100644	blob	04c192794449f8aa22e8ab660b3261ae14e4c38a
identical	tests/unit/test_brailleTables.py	100644	blob	038e6a2af59bfe5425342811be050f2908473444	100644	blob	038e6a2af59bfe5425342811be050f2908473444
identical	tests/unit/test_browseModeSentenceDispatch.py	100644	blob	aedf4fa90bdb7f93332ac6f9979414ed4bd3facd	100644	blob	aedf4fa90bdb7f93332ac6f9979414ed4bd3facd
identical	tests/unit/test_characterProcessing.py	100644	blob	c1ee60f11bd3ea84cb5edfd0ab27e803c7f61657	100644	blob	c1ee60f11bd3ea84cb5edfd0ab27e803c7f61657
identical	tests/unit/test_checkPot/__init__.py	100644	blob	df98d58cd8142c12e616236d68cb42df4616d5f0	100644	blob	df98d58cd8142c12e616236d68cb42df4616d5f0
identical	tests/unit/test_checkPot/allOk.pot	100644	blob	0fe1c7ee8175b121b3003f349cedc87d48d0eeb5	100644	blob	0fe1c7ee8175b121b3003f349cedc87d48d0eeb5
identical	tests/unit/test_checkPot/expectedErrors.pot	100644	blob	ac189361e37d6598c70b6301a19203bf0d416b63	100644	blob	ac189361e37d6598c70b6301a19203bf0d416b63
identical	tests/unit/test_checkPot/firstMessage.pot	100644	blob	2fd84af1c948dfafde921e8ada2d5a71bae0d571	100644	blob	2fd84af1c948dfafde921e8ada2d5a71bae0d571
identical	tests/unit/test_checkPot/lastMessage.pot	100644	blob	c04561be3ca575b55b72c06e9bc740aa2897ed81	100644	blob	c04561be3ca575b55b72c06e9bc740aa2897ed81
identical	tests/unit/test_checkPot/longMessages.pot	100644	blob	48e45a34b018b0cb6067814aefae05b3e9623075	100644	blob	48e45a34b018b0cb6067814aefae05b3e9623075
identical	tests/unit/test_checkPot/shortMessages.pot	100644	blob	c565970b9358b9dc9f0ab7f53082c911fe68120f	100644	blob	c565970b9358b9dc9f0ab7f53082c911fe68120f
identical	tests/unit/test_checkPot/unexpectedSuccesses.pot	100644	blob	d09e4c16575d6193ac26a4f674ae42db6f3d63eb	100644	blob	d09e4c16575d6193ac26a4f674ae42db6f3d63eb
identical	tests/unit/test_compoundDocuments.py	100644	blob	cdad20f4d90c785cb2189070c8703863ac1eb227	100644	blob	cdad20f4d90c785cb2189070c8703863ac1eb227
identical	tests/unit/test_config.py	100644	blob	bb39b91defe8192dec9b903dd934270defacadf7	100644	blob	bb39b91defe8192dec9b903dd934270defacadf7
identical	tests/unit/test_controlTypes.py	100644	blob	4750a6ffbeec7318675656d73bed322ccb95491b	100644	blob	4750a6ffbeec7318675656d73bed322ccb95491b
identical	tests/unit/test_cursorManager.py	100644	blob	435c08c766d3ccca80e0bcc8765549d62e9202f2	100644	blob	435c08c766d3ccca80e0bcc8765549d62e9202f2
identical	tests/unit/test_excel.py	100644	blob	5676daa0f5bac07c055d55317bd089ed444260c7	100644	blob	5676daa0f5bac07c055d55317bd089ed444260c7
identical	tests/unit/test_extensionPoints.py	100644	blob	3332c832c92bfbf3635e2aaf27e6e4813cf572f8	100644	blob	3332c832c92bfbf3635e2aaf27e6e4813cf572f8
identical	tests/unit/test_globalCommands.py	100644	blob	ee770de7c691f7856501b45f6891b2c71cef7ba3	100644	blob	ee770de7c691f7856501b45f6891b2c71cef7ba3
identical	tests/unit/test_hwIo.py	100644	blob	b4ff2f6e08cf480f899d79bdb2dd0de5e49299a8	100644	blob	b4ff2f6e08cf480f899d79bdb2dd0de5e49299a8
identical	tests/unit/test_hwIo_ble.py	100644	blob	0952461ddb348d8bd2686127abd2e691ba464c14	100644	blob	0952461ddb348d8bd2686127abd2e691ba464c14
identical	tests/unit/test_inputCore.py	100644	blob	9e7abb4f95fd4a6abb48d32761f9264031f95e91	100644	blob	9e7abb4f95fd4a6abb48d32761f9264031f95e91
identical	tests/unit/test_installer.py	100644	blob	01ebdaec66c65fc88942c97028ffcbec6937747a	100644	blob	01ebdaec66c65fc88942c97028ffcbec6937747a
identical	tests/unit/test_javaAccessBridge.py	100644	blob	df764a9acce120242909ba4970b1fc33ff40466b	100644	blob	df764a9acce120242909ba4970b1fc33ff40466b
identical	tests/unit/test_l10nUtil.py	100644	blob	06a2ac842f62d1b99bc26bc18d29181adcc96585	100644	blob	06a2ac842f62d1b99bc26bc18d29181adcc96585
identical	tests/unit/test_languageHandler.py	100644	blob	d520fe00a5b659131dfa0024de56e1a7d9883cae	100644	blob	d520fe00a5b659131dfa0024de56e1a7d9883cae
identical	tests/unit/test_locationHelper.py	100644	blob	6db4d6043a6640a9e830df3ef0aab01e0ba1553c	100644	blob	6db4d6043a6640a9e830df3ef0aab01e0ba1553c
identical	tests/unit/test_logHandler.py	100644	blob	ddc8fc0b336b1784a6db99823a135e4057c616f6	100644	blob	ddc8fc0b336b1784a6db99823a135e4057c616f6
identical	tests/unit/test_louisHelper.py	100644	blob	04839783c8e3df143125c44bf4744b090ceae690	100644	blob	04839783c8e3df143125c44bf4744b090ceae690
identical	tests/unit/test_magnifier/__init__.py	100644	blob	e69de29bb2d1d6434b8b29ae775ad8c2e48c5391	100644	blob	e69de29bb2d1d6434b8b29ae775ad8c2e48c5391
identical	tests/unit/test_magnifier/test_focusManager.py	100644	blob	d62ed6e75d31fd9ac9832d4651fac91cdea233a5	100644	blob	d62ed6e75d31fd9ac9832d4651fac91cdea233a5
identical	tests/unit/test_magnifier/test_fullscreenMagnifier.py	100644	blob	1933bbb6bfbb9269112f61ed031a3f00de6d9286	100644	blob	1933bbb6bfbb9269112f61ed031a3f00de6d9286
identical	tests/unit/test_magnifier/test_magnifier.py	100644	blob	94a8a5d57485b51bdedcfea0346b34162f097bcb	100644	blob	94a8a5d57485b51bdedcfea0346b34162f097bcb
identical	tests/unit/test_magnifier/test_magnifierCommands.py	100644	blob	5d375d984f227adba6bb7a80a47bc227e8e4f2a5	100644	blob	5d375d984f227adba6bb7a80a47bc227e8e4f2a5
identical	tests/unit/test_magnifier/test_mouseHook.py	100644	blob	b45f0fa57bfb203f338bb29870c954595c556d29	100644	blob	b45f0fa57bfb203f338bb29870c954595c556d29
identical	tests/unit/test_magnifier/test_spotlightManager.py	100644	blob	6817f039e38c9b4608f03da89afe72d7093c910b	100644	blob	6817f039e38c9b4608f03da89afe72d7093c910b
identical	tests/unit/test_markdownTranslate.py	100644	blob	ae574b57b3064e7b74ff5f3e11932f7da407a5e4	100644	blob	ae574b57b3064e7b74ff5f3e11932f7da407a5e4
identical	tests/unit/test_mathPres/__init__.py	100644	blob	2cc7ad678f070a239c7eda5c6a7de14dd02cfbe3	100644	blob	2cc7ad678f070a239c7eda5c6a7de14dd02cfbe3
identical	tests/unit/test_mathPres/test_mathCatNavNodeMapping.py	100644	blob	c8fef122544d2c0c4a506f1c9cf78cadaa62865c	100644	blob	c8fef122544d2c0c4a506f1c9cf78cadaa62865c
identical	tests/unit/test_messageDialog.py	100644	blob	87177060df7ddb8fd47a3c256c375332c47e57b8	100644	blob	87177060df7ddb8fd47a3c256c375332c47e57b8
identical	tests/unit/test_nvwave.py	100644	blob	98159a1b9c51ae1010110c3dbac429ef803c30de	100644	blob	98159a1b9c51ae1010110c3dbac429ef803c30de
identical	tests/unit/test_orderedWinEventLimiter.py	100644	blob	4b5f4090c4ae03c4919727eb834bd08605860f2d	100644	blob	4b5f4090c4ae03c4919727eb834bd08605860f2d
identical	tests/unit/test_paragraphHelper.py	100644	blob	3b2abef5a8abfda778ab80a690594e37b21736eb	100644	blob	3b2abef5a8abfda778ab80a690594e37b21736eb
identical	tests/unit/test_remote/__init__.py	100644	blob	e69de29bb2d1d6434b8b29ae775ad8c2e48c5391	100644	blob	e69de29bb2d1d6434b8b29ae775ad8c2e48c5391
identical	tests/unit/test_remote/test_bridge.py	100644	blob	18ec5b72853fdcf24b6732576e074d8303610542	100644	blob	18ec5b72853fdcf24b6732576e074d8303610542
identical	tests/unit/test_remote/test_localMachine.py	100644	blob	97fbea92a062e42979e0ea2852b3009204916663	100644	blob	97fbea92a062e42979e0ea2852b3009204916663
identical	tests/unit/test_remote/test_remoteClient.py	100644	blob	228ea7e3224c17c2fd06a382314ed64359b25ee6	100644	blob	228ea7e3224c17c2fd06a382314ed64359b25ee6
identical	tests/unit/test_remote/test_serializer.py	100644	blob	5119f894867430a042b17ba293f51aa9f91d5713	100644	blob	5119f894867430a042b17ba293f51aa9f91d5713
identical	tests/unit/test_remote/test_transport.py	100644	blob	3c4a4cec992a733e65e58cde388fd85f62cbfe6b	100644	blob	3c4a4cec992a733e65e58cde388fd85f62cbfe6b
only_final	tests/unit/test_remotePythonConsole.py	100644	blob	2886842717b5fe021942a4d8fdf0f106ba70d08e			
identical	tests/unit/test_scriptHandler.py	100644	blob	818efe205c081089fa92e0fcb9ff6465996b08d1	100644	blob	818efe205c081089fa92e0fcb9ff6465996b08d1
identical	tests/unit/test_sentenceHelper.py	100644	blob	cac8d60840cfcbb0fe463f83fa66bc5ae8453faa	100644	blob	cac8d60840cfcbb0fe463f83fa66bc5ae8453faa
identical	tests/unit/test_speech.py	100644	blob	b6d901357e082baad97b3d7e5209c82d17bf19fe	100644	blob	b6d901357e082baad97b3d7e5209c82d17bf19fe
identical	tests/unit/test_speechDictHandler.py	100644	blob	d343b28bb2c6a3d80e015758128d49e73494820b	100644	blob	d343b28bb2c6a3d80e015758128d49e73494820b
identical	tests/unit/test_speechManager/__init__.py	100644	blob	b7166c8013be9ef082fd6eca4576ca98ab8e2be7	100644	blob	b7166c8013be9ef082fd6eca4576ca98ab8e2be7
identical	tests/unit/test_speechManager/speechManagerTestHarness.py	100644	blob	86ff2217b56d208f13bd60efa17380a0cde10ac8	100644	blob	86ff2217b56d208f13bd60efa17380a0cde10ac8
identical	tests/unit/test_speechShortcutKeys.py	100644	blob	9e09ea6577793ab4a2f30e248bedb8f29f4e7957	100644	blob	9e09ea6577793ab4a2f30e248bedb8f29f4e7957
identical	tests/unit/test_speechXml.py	100644	blob	c1b9e9af6b7c06ddaf64de84d32b2e7915bca9dd	100644	blob	c1b9e9af6b7c06ddaf64de84d32b2e7915bca9dd
identical	tests/unit/test_synthDriverHandler.py	100644	blob	e7ece7a126381ac3f457aabfe45bc57cd983fea6	100644	blob	e7ece7a126381ac3f457aabfe45bc57cd983fea6
identical	tests/unit/test_synthDrivers/__init__.py	100644	blob	e69de29bb2d1d6434b8b29ae775ad8c2e48c5391	100644	blob	e69de29bb2d1d6434b8b29ae775ad8c2e48c5391
identical	tests/unit/test_synthDrivers/test_espeak.py	100644	blob	982a7fc55043598ac6198db591c75c7a7a275be8	100644	blob	982a7fc55043598ac6198db591c75c7a7a275be8
identical	tests/unit/test_textInfos.py	100644	blob	0cdee9ffbe6154ebe8afe9ebef57e8a457822457	100644	blob	0cdee9ffbe6154ebe8afe9ebef57e8a457822457
identical	tests/unit/test_textUtils/__init__.py	100644	blob	f4281be9a9840276a3c2cc1a1d71537a85309cf6	100644	blob	f4281be9a9840276a3c2cc1a1d71537a85309cf6
identical	tests/unit/test_textUtils/test_backendComparison.py	100644	blob	c99175edb75b6ce00e6f74dbea84de1e011fd445	100644	blob	c99175edb75b6ce00e6f74dbea84de1e011fd445
identical	tests/unit/test_textUtils/test_hyphenation.py	100644	blob	b7700f1f3d6863bc10a78619cbb56211ac30b74f	100644	blob	b7700f1f3d6863bc10a78619cbb56211ac30b74f
identical	tests/unit/test_textUtils/test_offsetConverters.py	100644	blob	6993ac7d962b7302483daa65da5f328ccbc2a1db	100644	blob	6993ac7d962b7302483daa65da5f328ccbc2a1db
identical	tests/unit/test_textUtils/test_sentenceSegIcu.py	100644	blob	68923fc06bf77092b2e2fd9d1768b60168d98383	100644	blob	68923fc06bf77092b2e2fd9d1768b60168d98383
identical	tests/unit/test_textUtils/test_wordSeg.py	100644	blob	115b790f95ea4c09d29e329d4f9e109d9653f933	100644	blob	115b790f95ea4c09d29e329d4f9e109d9653f933
identical	tests/unit/test_textUtils/test_wordSegIcu.py	100644	blob	0d0c30b66519edd0694bcdea4e38f65f013cb08e	100644	blob	0d0c30b66519edd0694bcdea4e38f65f013cb08e
identical	tests/unit/test_tones.py	100644	blob	dfccd9d2181a72c4ad389bea4d1ac80f29a88bd8	100644	blob	dfccd9d2181a72c4ad389bea4d1ac80f29a88bd8
identical	tests/unit/test_util/__init__.py	100644	blob	e69de29bb2d1d6434b8b29ae775ad8c2e48c5391	100644	blob	e69de29bb2d1d6434b8b29ae775ad8c2e48c5391
identical	tests/unit/test_util/test_blockUntilConditionMet.py	100644	blob	bead439379793df3316bbb79e0324e8a7e2ed266	100644	blob	bead439379793df3316bbb79e0324e8a7e2ed266
identical	tests/unit/test_util/test_caseInsensitiveCollections.py	100644	blob	b965867096c033fc69f2d6e0f143e9853358cb37	100644	blob	b965867096c033fc69f2d6e0f143e9853358cb37
identical	tests/unit/test_util/test_debounce.py	100644	blob	7e8ab880bdd2679f91e8bfe64ec695a809d5cc94	100644	blob	7e8ab880bdd2679f91e8bfe64ec695a809d5cc94
identical	tests/unit/test_util/test_displayString.py	100644	blob	766accb05a7c66a79710f6b1c9ef1037e4ec762e	100644	blob	766accb05a7c66a79710f6b1c9ef1037e4ec762e
identical	tests/unit/test_util/test_localisation.py	100644	blob	e00dde5ee453bae96683aa72dc702a5afbbfc9ad	100644	blob	e00dde5ee453bae96683aa72dc702a5afbbfc9ad
identical	tests/unit/test_util/test_schedule.py	100644	blob	a7f6cc0951fec681e4680f3d127343dfe22bf9cb	100644	blob	a7f6cc0951fec681e4680f3d127343dfe22bf9cb
identical	tests/unit/test_util/test_security.py	100644	blob	822332d9b8a6f577794a7a3557c438ba8d46cfeb	100644	blob	822332d9b8a6f577794a7a3557c438ba8d46cfeb
identical	tests/unit/test_util/test_urlUtils.py	100644	blob	858043f05dc826d3e482945463fb8f021313ec26	100644	blob	858043f05dc826d3e482945463fb8f021313ec26
identical	tests/unit/test_visionEnhancementProviders/__init__.py	100644	blob	5d891bf369e23eb658f77976b28d4b8ee0811a07	100644	blob	5d891bf369e23eb658f77976b28d4b8ee0811a07
identical	tests/unit/test_visionEnhancementProviders/test_magnificationAPI.py	100644	blob	c90ca167b5193915c16058acf291a473c2211c41	100644	blob	c90ca167b5193915c16058acf291a473c2211c41
identical	tests/unit/test_winAPI/__init__.py	100644	blob	a4cba034396f9636d44649e3b379e9b194364355	100644	blob	a4cba034396f9636d44649e3b379e9b194364355
identical	tests/unit/test_winAPI/test_displayTracking.py	100644	blob	6e56ef52f15481be7072975754ee1c3b126986fc	100644	blob	6e56ef52f15481be7072975754ee1c3b126986fc
identical	tests/unit/test_winAPI/test_powerTracking.py	100644	blob	a8e534eccb7084c83db6e6d5f332c18600414f90	100644	blob	a8e534eccb7084c83db6e6d5f332c18600414f90
only_final	tests/unit/test_winConsoleUIA.py	100644	blob	c2d53eaf32d33913dacb2f12608c03f161421748			
identical	tests/unit/test_winVersion.py	100644	blob	32789f2dc35bfa4f40849a966cea06a138c0ef10	100644	blob	32789f2dc35bfa4f40849a966cea06a138c0ef10
identical	tests/unit/textProvider.py	100644	blob	0bd2413a7377ea0bd587e6d631207fa277980a03	100644	blob	0bd2413a7377ea0bd587e6d631207fa277980a03
identical	typings/_buildVersion/__init__.pyi	100644	blob	2ab238af190d8bfde721df2efc00742a7a65270d	100644	blob	2ab238af190d8bfde721df2efc00742a7a65270d
identical	uninstaller/uninst.nsi	100644	blob	02e360493991887392fec2675ae49c7adb123289	100644	blob	02e360493991887392fec2675ae49c7adb123289
identical	user_docs/am/userGuide.md	100644	blob	251c265833274aa922a196610100abaf098d3f81	100644	blob	251c265833274aa922a196610100abaf098d3f81
identical	user_docs/an/changes.md	100644	blob	f4178c8e64b118cbb6e3e6c50e23f5c7d4fdc08a	100644	blob	f4178c8e64b118cbb6e3e6c50e23f5c7d4fdc08a
identical	user_docs/an/userGuide.md	100644	blob	ba9f26537a7bd01389452af060de9ee782b1df58	100644	blob	ba9f26537a7bd01389452af060de9ee782b1df58
identical	user_docs/ar/changes.xliff	100644	blob	f1131f59d7f703378defad927057861d8daecfdd	100644	blob	f1131f59d7f703378defad927057861d8daecfdd
identical	user_docs/ar/userGuide.xliff	100644	blob	b2b405ab8b5f726372939320b2cd81c7480b5e78	100644	blob	b2b405ab8b5f726372939320b2cd81c7480b5e78
identical	user_docs/bg/changes.xliff	100644	blob	2be6dc54fe672a447a799d821942af5eaa6eb850	100644	blob	2be6dc54fe672a447a799d821942af5eaa6eb850
identical	user_docs/bg/userGuide.xliff	100644	blob	432781cce068a8fcca95d740fc6e46b36ac08193	100644	blob	432781cce068a8fcca95d740fc6e46b36ac08193
identical	user_docs/bs/changes.xliff	100644	blob	1295ea46b30acfd4623594b2d35bd695d36d165b	100644	blob	1295ea46b30acfd4623594b2d35bd695d36d165b
identical	user_docs/bs/userGuide.xliff	100644	blob	828e379088ef8a329f95ba2c7e6f6c8407223893	100644	blob	828e379088ef8a329f95ba2c7e6f6c8407223893
identical	user_docs/ca/changes.xliff	100644	blob	cbc1665fb044b5c6b941a61a71ebbbaf8c195cb9	100644	blob	cbc1665fb044b5c6b941a61a71ebbbaf8c195cb9
identical	user_docs/ca/userGuide.xliff	100644	blob	1cec817a286da7f557d527cd0c63737d905680b0	100644	blob	1cec817a286da7f557d527cd0c63737d905680b0
identical	user_docs/cs/changes.md	100644	blob	0c4693802f54dba67c0dcccf73fbc68ad99d93ab	100644	blob	0c4693802f54dba67c0dcccf73fbc68ad99d93ab
identical	user_docs/cs/userGuide.md	100644	blob	8aacdec4c427601ba766a9e40048e4137dbf2bfb	100644	blob	8aacdec4c427601ba766a9e40048e4137dbf2bfb
identical	user_docs/da/changes.xliff	100644	blob	b4ea8f1745cf0866ace2078a25a2cd762b372f4c	100644	blob	b4ea8f1745cf0866ace2078a25a2cd762b372f4c
identical	user_docs/da/userGuide.xliff	100644	blob	7cefd02b3607f8530d50a5fa3f9277486a71627a	100644	blob	7cefd02b3607f8530d50a5fa3f9277486a71627a
identical	user_docs/de/changes.xliff	100644	blob	90d27f1627d33beb38f5340c83a2f27a9da1c8aa	100644	blob	90d27f1627d33beb38f5340c83a2f27a9da1c8aa
identical	user_docs/de/userGuide.xliff	100644	blob	de3cc8d0b754cd8bd894d9a8892a3cdcb9f65053	100644	blob	de3cc8d0b754cd8bd894d9a8892a3cdcb9f65053
identical	user_docs/de_CH/changes.md	100644	blob	1401fe2301d9c425c6eae00216bc8e9446fcdb89	100644	blob	1401fe2301d9c425c6eae00216bc8e9446fcdb89
identical	user_docs/de_CH/userGuide.md	100644	blob	e8469f4c6019b0100039f3616f92b3f2c61e9a79	100644	blob	e8469f4c6019b0100039f3616f92b3f2c61e9a79
identical	user_docs/el/changes.md	100644	blob	5d75b0398cad469594544f9a292b00b57a2d5175	100644	blob	5d75b0398cad469594544f9a292b00b57a2d5175
identical	user_docs/el/userGuide.md	100644	blob	7f95f0d7581995764f1cccdb14a99cf331a75355	100644	blob	7f95f0d7581995764f1cccdb14a99cf331a75355
identical	user_docs/en/changes.md	100644	blob	3992a1ffa878cbb095e58278dc9f9d385ec928a6	100644	blob	3992a1ffa878cbb095e58278dc9f9d385ec928a6
identical	user_docs/en/changes.xliff	100644	blob	e1adfeadea98d9443c0005ccc1470d674fae589a	100644	blob	e1adfeadea98d9443c0005ccc1470d674fae589a
identical	user_docs/en/userGuide.md	100644	blob	fbf995f779d5b6f07643ace284d601e83d266315	100644	blob	fbf995f779d5b6f07643ace284d601e83d266315
identical	user_docs/en/userGuide.xliff	100644	blob	b255cd5dee12c6c512ddc88f7fb3ee66cad94903	100644	blob	b255cd5dee12c6c512ddc88f7fb3ee66cad94903
identical	user_docs/es/changes.xliff	100644	blob	738204d1bde44baddc5fa75f3e861276c7b8a90f	100644	blob	738204d1bde44baddc5fa75f3e861276c7b8a90f
identical	user_docs/es/userGuide.xliff	100644	blob	7f89984b8687937716ae91ae9449fec0ee5449cf	100644	blob	7f89984b8687937716ae91ae9449fec0ee5449cf
identical	user_docs/es_CO/changes.md	100644	blob	c98e993eddd8ec07dee2ee354d20e1b40e7011c3	100644	blob	c98e993eddd8ec07dee2ee354d20e1b40e7011c3
identical	user_docs/es_CO/userGuide.md	100644	blob	20fd99703508d3ae9042b183654b17a1aec45dbe	100644	blob	20fd99703508d3ae9042b183654b17a1aec45dbe
identical	user_docs/fa/changes.xliff	100644	blob	f5e5b6445129193df6b7ab03685fa9e968c613b1	100644	blob	f5e5b6445129193df6b7ab03685fa9e968c613b1
identical	user_docs/fa/userGuide.xliff	100644	blob	68f1f87e86d58de0c604bf051eb569d58ff56fe4	100644	blob	68f1f87e86d58de0c604bf051eb569d58ff56fe4
identical	user_docs/fi/changes.xliff	100644	blob	dc0d539e2352cac131d4c0296544b833af46e350	100644	blob	dc0d539e2352cac131d4c0296544b833af46e350
identical	user_docs/fi/userGuide.xliff	100644	blob	02d7450d6513b90993bb1fcff4f4a9f55828187b	100644	blob	02d7450d6513b90993bb1fcff4f4a9f55828187b
identical	user_docs/fr/changes.xliff	100644	blob	636c59c81812f0cca72b1d3831c7c5560e4ae377	100644	blob	636c59c81812f0cca72b1d3831c7c5560e4ae377
identical	user_docs/fr/userGuide.xliff	100644	blob	b385aaefa1f3ae6fc3d824053d668ecb9b4c702c	100644	blob	b385aaefa1f3ae6fc3d824053d668ecb9b4c702c
identical	user_docs/ga/userGuide.md	100644	blob	b92184ca90ea4fbc00710847ffeee580edc609f4	100644	blob	b92184ca90ea4fbc00710847ffeee580edc609f4
identical	user_docs/gl/changes.xliff	100644	blob	dc5e0dd5a7e603ccb137cda9aa8c44b3c3d985a9	100644	blob	dc5e0dd5a7e603ccb137cda9aa8c44b3c3d985a9
identical	user_docs/gl/userGuide.xliff	100644	blob	0da2682325152bc890cabdcfc00cb3a0c3721836	100644	blob	0da2682325152bc890cabdcfc00cb3a0c3721836
identical	user_docs/he/userGuide.md	100644	blob	f6f6e5d342d23b497dbfe7d05ebb425e175acdf8	100644	blob	f6f6e5d342d23b497dbfe7d05ebb425e175acdf8
identical	user_docs/hi/changes.xliff	100644	blob	1f0e71819b1498a1c519576f4a7841638cfb41ff	100644	blob	1f0e71819b1498a1c519576f4a7841638cfb41ff
identical	user_docs/hi/userGuide.xliff	100644	blob	796c857e08a6b8fba1e9f1b854a97c936826a60f	100644	blob	796c857e08a6b8fba1e9f1b854a97c936826a60f
identical	user_docs/hr/changes.xliff	100644	blob	877def4591c687b1b97d90393d67fed8a16059da	100644	blob	877def4591c687b1b97d90393d67fed8a16059da
identical	user_docs/hr/userGuide.xliff	100644	blob	cc0641c26f6599b65a59d9be8d0216dd838f48a6	100644	blob	cc0641c26f6599b65a59d9be8d0216dd838f48a6
identical	user_docs/hu/changes.xliff	100644	blob	54288b375ef0c8de6945f3086f54900e931a76c5	100644	blob	54288b375ef0c8de6945f3086f54900e931a76c5
identical	user_docs/hu/userGuide.md	100644	blob	4c2e09e8dfe63f51832c32bfc962dfac0695c783	100644	blob	4c2e09e8dfe63f51832c32bfc962dfac0695c783
identical	user_docs/id/userGuide.md	100644	blob	ed0633004866e8778d64024f0ed1be22d9760c7b	100644	blob	ed0633004866e8778d64024f0ed1be22d9760c7b
identical	user_docs/is/changes.md	100644	blob	0b0fdc1bf9426316835100b8940af5623e0bb7be	100644	blob	0b0fdc1bf9426316835100b8940af5623e0bb7be
identical	user_docs/it/changes.xliff	100644	blob	94047b6773c84f9108fc1dbb48be7b4481710476	100644	blob	94047b6773c84f9108fc1dbb48be7b4481710476
identical	user_docs/it/userGuide.xliff	100644	blob	1abfe22ecf076d7bad272752b1ea4a7a4916ee1f	100644	blob	1abfe22ecf076d7bad272752b1ea4a7a4916ee1f
identical	user_docs/ja/changes.xliff	100644	blob	c6847f6770c2b5b5812a4a8c2685fd6fbd34fb07	100644	blob	c6847f6770c2b5b5812a4a8c2685fd6fbd34fb07
identical	user_docs/ja/userGuide.xliff	100644	blob	0a64412ae70ddbdd325dd634cbd8eefd407f9966	100644	blob	0a64412ae70ddbdd325dd634cbd8eefd407f9966
identical	user_docs/km/changes.xliff	100644	blob	c24f737d2c1d531ee2afd16419693dee7ac10b1f	100644	blob	c24f737d2c1d531ee2afd16419693dee7ac10b1f
identical	user_docs/km/userGuide.xliff	100644	blob	01134536c1f0457bbdd70b8aa18eed142943f49a	100644	blob	01134536c1f0457bbdd70b8aa18eed142943f49a
identical	user_docs/ko/changes.xliff	100644	blob	9d8962c944dc38a0b5647675b3900d919a79dd20	100644	blob	9d8962c944dc38a0b5647675b3900d919a79dd20
identical	user_docs/ko/userGuide.xliff	100644	blob	ef76965caf9e4905ff10641e7ed83730b15bfbd2	100644	blob	ef76965caf9e4905ff10641e7ed83730b15bfbd2
identical	user_docs/ky/userGuide.md	100644	blob	711ba06b392a69a3818668e958c6003b1cd06c43	100644	blob	711ba06b392a69a3818668e958c6003b1cd06c43
identical	user_docs/mk/changes.md	100644	blob	554d0265c4e09b722d7a85b1d7058ddab37650ce	100644	blob	554d0265c4e09b722d7a85b1d7058ddab37650ce
identical	user_docs/mk/userGuide.md	100644	blob	bc743bef12fe08581a3783aea378794f6a815845	100644	blob	bc743bef12fe08581a3783aea378794f6a815845
identical	user_docs/mn/changes.md	100644	blob	fa9e7bfd46e858045d49f3c9ad1969e5f6bca1f2	100644	blob	fa9e7bfd46e858045d49f3c9ad1969e5f6bca1f2
identical	user_docs/mn/userGuide.md	100644	blob	0ef5e621669e580da08e3c4b49d1fff03e3aafa6	100644	blob	0ef5e621669e580da08e3c4b49d1fff03e3aafa6
identical	user_docs/my/changes.md	100644	blob	d958a77a2731f6655248a96f53c67791b03176ca	100644	blob	d958a77a2731f6655248a96f53c67791b03176ca
identical	user_docs/my/userGuide.md	100644	blob	2164dfb6321662f51a3ce3d8c4ea9c983e33fc97	100644	blob	2164dfb6321662f51a3ce3d8c4ea9c983e33fc97
identical	user_docs/nb_NO/userGuide.md	100644	blob	d35f2ffb014a4373a360ac00a7309b6a3539d6f6	100644	blob	d35f2ffb014a4373a360ac00a7309b6a3539d6f6
identical	user_docs/ne/userGuide.md	100644	blob	1b9041ff9c988c69c2d603d5ebfad437312f28ea	100644	blob	1b9041ff9c988c69c2d603d5ebfad437312f28ea
identical	user_docs/nl/changes.xliff	100644	blob	e96348cbff353017660ba3a703015bb6cce69d35	100644	blob	e96348cbff353017660ba3a703015bb6cce69d35
identical	user_docs/nl/userGuide.xliff	100644	blob	62186700ec4b695dfedd2810e753390aa615866d	100644	blob	62186700ec4b695dfedd2810e753390aa615866d
identical	user_docs/numberedHeadings.css	100644	blob	cd1091df0dab046bd2b951c4a026c2e8de8a6240	100644	blob	cd1091df0dab046bd2b951c4a026c2e8de8a6240
identical	user_docs/pl/changes.xliff	100644	blob	1502a051a0739314c416cea89faf865457d3eaf2	100644	blob	1502a051a0739314c416cea89faf865457d3eaf2
identical	user_docs/pl/userGuide.xliff	100644	blob	f93311498ce6773ddff0877cd4d092f5bd4e0757	100644	blob	f93311498ce6773ddff0877cd4d092f5bd4e0757
identical	user_docs/pt_BR/changes.xliff	100644	blob	aa3ac62e0b801870451947c652bb0dd304b71826	100644	blob	aa3ac62e0b801870451947c652bb0dd304b71826
identical	user_docs/pt_BR/userGuide.xliff	100644	blob	4b5c55606eebd869efaeb028e137626909b747af	100644	blob	4b5c55606eebd869efaeb028e137626909b747af
identical	user_docs/pt_PT/changes.xliff	100644	blob	1d46dbc438983848ff7a53249c20f108b547f0d1	100644	blob	1d46dbc438983848ff7a53249c20f108b547f0d1
identical	user_docs/pt_PT/userGuide.xliff	100644	blob	0087696a62add211a2561f0ab587886763cf9974	100644	blob	0087696a62add211a2561f0ab587886763cf9974
identical	user_docs/ro/changes.md	100644	blob	8ccffc4cf45c370b68942255afe999ee76ec73cc	100644	blob	8ccffc4cf45c370b68942255afe999ee76ec73cc
identical	user_docs/ro/userGuide.md	100644	blob	9e76895d376ff504fd925a5b2bf83c381107ecd3	100644	blob	9e76895d376ff504fd925a5b2bf83c381107ecd3
identical	user_docs/ru/changes.xliff	100644	blob	96677b30ad521f15f6ecf3a6bd50d8434b007703	100644	blob	96677b30ad521f15f6ecf3a6bd50d8434b007703
identical	user_docs/ru/userGuide.xliff	100644	blob	4366234d36426ae206a80606a10b7216a0854ab5	100644	blob	4366234d36426ae206a80606a10b7216a0854ab5
identical	user_docs/sk/changes.xliff	100644	blob	0aa9fe1b33ad21691451cbee5f0a1c18c1ab947d	100644	blob	0aa9fe1b33ad21691451cbee5f0a1c18c1ab947d
identical	user_docs/sk/userGuide.xliff	100644	blob	dab8c533b0f8743287f00b9363dd81a5882880c1	100644	blob	dab8c533b0f8743287f00b9363dd81a5882880c1
identical	user_docs/sl/userGuide.md	100644	blob	4d3928fcc0600fa3a48467fb2413b640839acc41	100644	blob	4d3928fcc0600fa3a48467fb2413b640839acc41
identical	user_docs/sq/userGuide.md	100644	blob	1807eab9c9f7429e8ff22940906ab412a373d179	100644	blob	1807eab9c9f7429e8ff22940906ab412a373d179
identical	user_docs/sr/changes.xliff	100644	blob	88fc6a4c1d0f7d8e02179cc9096a9cd1cd61fc1d	100644	blob	88fc6a4c1d0f7d8e02179cc9096a9cd1cd61fc1d
identical	user_docs/sr/userGuide.xliff	100644	blob	efc9592db2c0b9861d4f6de8b96a7ebbe81f874e	100644	blob	efc9592db2c0b9861d4f6de8b96a7ebbe81f874e
identical	user_docs/styles.css	100644	blob	91a8c759daa57a4644f0c465cccd743788508003	100644	blob	91a8c759daa57a4644f0c465cccd743788508003
identical	user_docs/sv/changes.md	100644	blob	2da5ac18f61bd490b9e1a80a6ec7621137c06b64	100644	blob	2da5ac18f61bd490b9e1a80a6ec7621137c06b64
identical	user_docs/sv/userGuide.md	100644	blob	61cd5f7c4fc7bcef19f1e9a34b30ab015f1ec5ee	100644	blob	61cd5f7c4fc7bcef19f1e9a34b30ab015f1ec5ee
identical	user_docs/ta/userGuide.xliff	100644	blob	87ea1401d6c23b5eb393a9f8e90038ffd8c69848	100644	blob	87ea1401d6c23b5eb393a9f8e90038ffd8c69848
identical	user_docs/tr/changes.xliff	100644	blob	c86c9ba86208a7a40e1fdb08b3a7410fd120310f	100644	blob	c86c9ba86208a7a40e1fdb08b3a7410fd120310f
identical	user_docs/tr/userGuide.xliff	100644	blob	6f3ceb1b92a46ae364ddae86f19fef7992c776d9	100644	blob	6f3ceb1b92a46ae364ddae86f19fef7992c776d9
identical	user_docs/uk/changes.xliff	100644	blob	05cb87ef90307220b3d074d0a790ef2fc40d5bee	100644	blob	05cb87ef90307220b3d074d0a790ef2fc40d5bee
identical	user_docs/uk/userGuide.xliff	100644	blob	0b83fad95f0e1f1454f2e7a64988f4c6cffd4103	100644	blob	0b83fad95f0e1f1454f2e7a64988f4c6cffd4103
identical	user_docs/vi/changes.xliff	100644	blob	7659e40ae6c6fb220e2db9f11d50f0b31094369d	100644	blob	7659e40ae6c6fb220e2db9f11d50f0b31094369d
identical	user_docs/vi/userGuide.xliff	100644	blob	c8f8ddd84d192502801cb45da0f5bdfa50da3849	100644	blob	c8f8ddd84d192502801cb45da0f5bdfa50da3849
identical	user_docs/zh_CN/changes.xliff	100644	blob	dd4812a903d9e1d5e4d628d331f26ef065ec6a95	100644	blob	dd4812a903d9e1d5e4d628d331f26ef065ec6a95
identical	user_docs/zh_CN/userGuide.xliff	100644	blob	63a0701212775d250f913c41d5e3c628dae01068	100644	blob	63a0701212775d250f913c41d5e3c628dae01068
identical	user_docs/zh_TW/changes.xliff	100644	blob	4556b0bc35ce1525f829c06502504e01975e20b2	100644	blob	4556b0bc35ce1525f829c06502504e01975e20b2
identical	user_docs/zh_TW/userGuide.xliff	100644	blob	4da6a28e0e5b34de7ecbf039e5fda4afcee9cba3	100644	blob	4da6a28e0e5b34de7ecbf039e5fda4afcee9cba3
identical	uv.lock	100644	blob	70dcdd1da5fe9f4af11ab8d99606779b18c33bd8	100644	blob	70dcdd1da5fe9f4af11ab8d99606779b18c33bd8
